Id Commande;Id Client;Canal;Id Store;Id Produit;Type de paiement;Date de commande;Nb_Jours de livraison programmé;Date de livraison;Quantité;Total Cout d'acquisition;Montant Vente;Pays;Continent
1209;1660;En ligne;4;531;DÉBIT CARTE;05/02/2024;4;11/02/2024;16; 171 699,00 XOF ; 336 303,00 XOF ;Belgique;Europe
1213;4999;Store;1;356;VIREMENT;05/02/2024;2;11/02/2024;12; 1 199 764,50 XOF ; 2 353 175,00 XOF ;Belgique;Europe
1220;4999;En ligne;4;183;VIREMENT;05/02/2024;2;11/02/2024;10; 347 903,33 XOF ; 1 050 060,00 XOF ;Belgique;Europe
1225;4999;Store;3;37;VIREMENT;05/02/2024;2;11/02/2024;8; 641 624,50 XOF ; 1 395 350,00 XOF ;Belgique;Europe
1233;6149;Store;3;1053;ESPÈCES;05/02/2024;0;05/02/2024;9; 1 296 966,00 XOF ; 2 820 262,50 XOF ;Belgique;Europe
1236;3746;Store;4;1648;ESPÈCES;05/02/2024;0;05/02/2024;5; 271 383,75 XOF ; 819 117,75 XOF ;Belgique;Europe
1254;5987;En ligne;4;185;DÉBIT CARTE;06/02/2024;1;08/02/2024;10; 114 466,00 XOF ; 224 202,00 XOF ;Belgique;Europe
1340;10647;En ligne;4;795;DÉBIT CARTE;09/02/2024;4;11/02/2024;20; 838 037,75 XOF ; 1 643 675,00 XOF ;Belgique;Europe
1343;7916;Store;1;1402;DÉBIT CARTE;09/02/2024;2;15/02/2024;13; 3 913 956,75 XOF ; 11 813 175,00 XOF ;Belgique;Europe
1474;1490;En ligne;4;68;DÉBIT CARTE;13/02/2024;4;19/02/2024;5; 4 676 551,00 XOF ; 10 169 500,00 XOF ;Belgique;Europe
1476;10934;Store;1;1497;ESPÈCES;13/02/2024;1;15/02/2024;24; 104 000,88 XOF ; 203 981,25 XOF ;Belgique;Europe
1478;2393;Store;4;1654;ESPÈCES;13/02/2024;4;19/02/2024;12; 3 870 795,50 XOF ; 11 683 100,00 XOF ;Belgique;Europe
1484;12376;Store;1;1558;ESPÈCES;13/02/2024;4;19/02/2024;9; 340 843,80 XOF ; 1 028 775,00 XOF ;Belgique;Europe
1488;2393;Store;4;1249;ESPÈCES;13/02/2024;4;19/02/2024;4; 210 437,70 XOF ; 457 627,50 XOF ;Belgique;Europe
1489;9924;Store;1;1000;ESPÈCES;13/02/2024;4;18/02/2024;4; 50 634,65 XOF ; 99 306,35 XOF ;Belgique;Europe
1522;11549;Store;4;1651;ESPÈCES;15/02/2024;4;20/02/2024;13; 112 101,00 XOF ; 219 945,00 XOF ;Belgique;Europe
1543;10334;Store;2;366;ESPÈCES;15/02/2024;4;17/02/2024;12; 433 930,20 XOF ; 851 258,10 XOF ;Belgique;Europe
1547;6167;Store;1;1085;ESPÈCES;15/02/2024;0;15/02/2024;9; 267 623,40 XOF ; 524 888,10 XOF ;Belgique;Europe
1549;3514;Store;3;538;ESPÈCES;15/02/2024;4;19/02/2024;6; 82 585,80 XOF ; 179 645,40 XOF ;Belgique;Europe
1903;1563;Store;3;924;DÉBIT CARTE;28/02/2024;4;01/03/2024;20; 940 182,10 XOF ; 1 844 392,55 XOF ;Belgique;Europe
1912;8224;Store;1;1039;DÉBIT CARTE;28/02/2024;4;02/03/2024;10; 126 409,25 XOF ; 247 852,00 XOF ;Belgique;Europe
1921;5007;En ligne;4;1629;VIREMENT;28/02/2024;4;02/03/2024;6; 244 777,50 XOF ; 532 125,00 XOF ;Belgique;Europe
1928;6371;Store;3;812;ESPÈCES;28/02/2024;4;04/03/2024;6; 428 679,90 XOF ; 840 757,50 XOF ;Belgique;Europe
1107;7321;Store;4;1035;ESPÈCES;01/02/2024;4;05/02/2024;10; 455 948,35 XOF ; 991 526,25 XOF ;Burkina Faso;Afrique
1110;6424;Store;1;357;ESPÈCES;01/02/2024;4;05/02/2024;5; 2 011 184,18 XOF ; 4 373 476,25 XOF ;Burkina Faso;Afrique
1114;10500;Store;3;1651;ESPÈCES;02/02/2024;4;07/02/2024;13; 662 093,58 XOF ; 1 998 348,14 XOF ;Burkina Faso;Afrique
1120;6179;En ligne;3;86;VIREMENT;02/02/2024;1;04/02/2024;26; 2 470 668,20 XOF ; 5 372 688,75 XOF ;Burkina Faso;Afrique
1129;5646;Store;2;1097;VIREMENT;02/02/2024;2;04/02/2024;9; 61 105,69 XOF ; 119 905,50 XOF ;Burkina Faso;Afrique
1130;3229;Store;4;280;VIREMENT;02/02/2024;2;04/02/2024;9; 858 169,81 XOF ; 1 683 288,75 XOF ;Burkina Faso;Afrique
1131;10500;Store;2;427;ESPÈCES;02/02/2024;4;07/02/2024;26; 682 462,14 XOF ; 2 059 915,00 XOF ;Burkina Faso;Afrique
1137;10744;Store;4;1159;ESPÈCES;03/02/2024;4;05/02/2024;24; 283 303,35 XOF ; 615 987,90 XOF ;Burkina Faso;Afrique
1138;694;Store;3;255;ESPÈCES;03/02/2024;2;09/02/2024;13; 807 446,48 XOF ; 2 437 132,50 XOF ;Burkina Faso;Afrique
1140;224;Store;4;971;ESPÈCES;03/02/2024;4;05/02/2024;12; 959 208,53 XOF ; 2 085 930,00 XOF ;Burkina Faso;Afrique
1143;5242;Store;4;1268;ESPÈCES;03/02/2024;1;05/02/2024;5; 1 624 896,90 XOF ; 3 533 310,00 XOF ;Burkina Faso;Afrique
1144;5192;En ligne;4;721;VIREMENT;03/02/2024;2;09/02/2024;26; 537 126,98 XOF ; 1 053 607,50 XOF ;Burkina Faso;Afrique
1145;5192;En ligne;4;277;VIREMENT;03/02/2024;2;09/02/2024;24; 1 505 594,48 XOF ; 4 544 347,50 XOF ;Burkina Faso;Afrique
1146;11870;En ligne;4;1083;DÉBIT CARTE;03/02/2024;4;08/02/2024;24; 2 735 761,05 XOF ; 5 949 157,50 XOF ;Burkina Faso;Afrique
1147;6769;En ligne;4;418;VIREMENT;03/02/2024;2;08/02/2024;20; 325 447,65 XOF ; 638 443,58 XOF ;Burkina Faso;Afrique
1148;3172;Store;4;387;DÉBIT CARTE;03/02/2024;2;06/02/2024;13; 139 416,75 XOF ; 273 405,83 XOF ;Burkina Faso;Afrique
1150;6769;En ligne;4;23;VIREMENT;03/02/2024;2;08/02/2024;12; 773 284,05 XOF ; 1 681 515,00 XOF ;Burkina Faso;Afrique
1151;10995;Store;1;109;VIREMENT;03/02/2024;2;05/02/2024;12; 86 310,68 XOF ; 169 215,75 XOF ;Burkina Faso;Afrique
1152;9608;En ligne;4;1440;DÉBIT CARTE;03/02/2024;4;07/02/2024;10; 553 410,00 XOF ; 1 085 535,00 XOF ;Burkina Faso;Afrique
1153;9174;Store;1;1637;DÉBIT CARTE;03/02/2024;4;06/02/2024;10; 1 370 328,30 XOF ; 2 979 793,58 XOF ;Burkina Faso;Afrique
1154;3952;Store;1;1048;VIREMENT;03/02/2024;4;06/02/2024;10; 1 917 991,35 XOF ; 4 170 795,75 XOF ;Burkina Faso;Afrique
1157;11468;En ligne;4;1356;DÉBIT CARTE;03/02/2024;2;09/02/2024;9; 162 191,70 XOF ; 318 210,75 XOF ;Burkina Faso;Afrique
1158;9525;En ligne;3;1243;DÉBIT CARTE;03/02/2024;4;08/02/2024;9; 141 864,53 XOF ; 308 526,08 XOF ;Burkina Faso;Afrique
1160;9174;En ligne;4;1376;DÉBIT CARTE;03/02/2024;4;06/02/2024;8; 271 277,33 XOF ; 532 018,58 XOF ;Burkina Faso;Afrique
1161;6769;En ligne;4;1539;VIREMENT;03/02/2024;2;08/02/2024;6; 944 947,58 XOF ; 2 852 190,00 XOF ;Burkina Faso;Afrique
1162;11870;Store;3;1621;DÉBIT CARTE;03/02/2024;4;08/02/2024;6; 591 403,73 XOF ; 1 160 032,50 XOF ;Burkina Faso;Afrique
1163;3172;Store;1;485;DÉBIT CARTE;03/02/2024;2;06/02/2024;6; 2 394 243,23 XOF ; 7 226 257,50 XOF ;Burkina Faso;Afrique
1164;4842;Store;1;93;DÉBIT CARTE;03/02/2024;4;06/02/2024;5; 754 233,98 XOF ; 1 479 307,50 XOF ;Burkina Faso;Afrique
1166;694;Store;4;11;ESPÈCES;03/02/2024;2;09/02/2024;13; 1 463 343,75 XOF ; 3 182 107,50 XOF ;Burkina Faso;Afrique
1167;5242;Store;4;1040;ESPÈCES;03/02/2024;1;05/02/2024;13; 1 419 283,80 XOF ; 3 086 325,00 XOF ;Burkina Faso;Afrique
1171;10744;Store;4;1058;ESPÈCES;03/02/2024;4;05/02/2024;9; 2 707 452,00 XOF ; 5 310 607,50 XOF ;Burkina Faso;Afrique
1173;2870;En ligne;4;724;VIREMENT;04/02/2024;1;06/02/2024;24; 929 835,23 XOF ; 2 022 075,00 XOF ;Burkina Faso;Afrique
1177;6672;Store;2;1605;DÉBIT CARTE;04/02/2024;1;06/02/2024;12; 1 622 342,70 XOF ; 3 182 107,50 XOF ;Burkina Faso;Afrique
1183;6672;Store;3;737;DÉBIT CARTE;04/02/2024;1;06/02/2024;10; 1 487 821,50 XOF ; 3 235 320,00 XOF ;Burkina Faso;Afrique
1190;11509;Store;1;373;DÉBIT CARTE;04/02/2024;1;06/02/2024;6; 1 526 985,90 XOF ; 3 320 460,00 XOF ;Burkina Faso;Afrique
1192;11874;Store;3;1271;ESPÈCES;04/02/2024;1;06/02/2024;18; 1 654 163,78 XOF ; 3 597 165,00 XOF ;Burkina Faso;Afrique
1197;9230;Store;4;1252;ESPÈCES;04/02/2024;2;06/02/2024;8; 3 483 715,95 XOF ; 10 514 790,00 XOF ;Burkina Faso;Afrique
1198;11874;Store;4;1386;ESPÈCES;04/02/2024;1;06/02/2024;8; 813 619,13 XOF ; 1 595 842,88 XOF ;Burkina Faso;Afrique
1199;11874;Store;1;1260;ESPÈCES;04/02/2024;1;06/02/2024;4; 1 805 925,83 XOF ; 3 927 082,50 XOF ;Burkina Faso;Afrique
1208;6680;Store;2;712;DÉBIT CARTE;05/02/2024;0;05/02/2024;20; 132 794,75 XOF ; 400 867,50 XOF ;Burkina Faso;Afrique
1211;2454;En ligne;4;551;DÉBIT CARTE;05/02/2024;4;08/02/2024;13; 1 902 997,25 XOF ; 4 138 158,75 XOF ;Burkina Faso;Afrique
1223;5731;Store;1;555;DÉBIT CARTE;05/02/2024;2;08/02/2024;9; 1 131 061,25 XOF ; 2 459 600,00 XOF ;Burkina Faso;Afrique
1300;5224;Store;1;485;DÉBIT CARTE;07/02/2024;2;13/02/2024;4; 132 794,75 XOF ; 400 867,50 XOF ;Burkina Faso;Afrique
1303;3537;Store;4;1085;ESPÈCES;07/02/2024;0;08/02/2024;13; 1 263 158,33 XOF ; 3 812 380,00 XOF ;Burkina Faso;Afrique
1304;2324;Store;2;750;ESPÈCES;07/02/2024;4;12/02/2024;10; 377 454,00 XOF ; 740 185,88 XOF ;Burkina Faso;Afrique
1305;3537;Store;3;712;ESPÈCES;07/02/2024;0;08/02/2024;10; 88 924,00 XOF ; 174 418,75 XOF ;Burkina Faso;Afrique
1308;5218;Store;4;1328;ESPÈCES;08/02/2024;4;10/02/2024;18; 1 138 924,88 XOF ; 3 437 527,50 XOF ;Burkina Faso;Afrique
1309;5630;Store;3;432;DÉBIT CARTE;08/02/2024;2;10/02/2024;30; 3 001 326,90 XOF ; 5 886 898,88 XOF ;Burkina Faso;Afrique
1313;5630;Store;3;1249;DÉBIT CARTE;08/02/2024;2;10/02/2024;13; 3 537 567,00 XOF ; 6 938 910,00 XOF ;Burkina Faso;Afrique
1314;6521;Store;2;692;DÉBIT CARTE;08/02/2024;4;14/02/2024;12; 1 391 979,88 XOF ; 3 026 845,25 XOF ;Burkina Faso;Afrique
1315;7145;Store;3;1112;DÉBIT CARTE;08/02/2024;1;10/02/2024;12; 97 792,75 XOF ; 212 731,75 XOF ;Burkina Faso;Afrique
1316;10351;Store;3;28;DÉBIT CARTE;08/02/2024;4;10/02/2024;12; 2 603 392,00 XOF ; 5 106 508,00 XOF ;Burkina Faso;Afrique
1318;10137;Store;2;1006;VIREMENT;08/02/2024;4;11/02/2024;10; 2 554 909,50 XOF ; 5 011 435,00 XOF ;Burkina Faso;Afrique
1319;7145;Store;1;391;DÉBIT CARTE;08/02/2024;1;10/02/2024;10; 81 095,85 XOF ; 244 777,50 XOF ;Burkina Faso;Afrique
1326;10137;Store;4;1310;VIREMENT;08/02/2024;4;11/02/2024;6; 269 148,83 XOF ; 812 377,50 XOF ;Burkina Faso;Afrique
1330;5630;Store;1;1086;DÉBIT CARTE;08/02/2024;2;10/02/2024;5; 105 762,80 XOF ; 207 528,75 XOF ;Burkina Faso;Afrique
1334;5218;Store;2;1152;ESPÈCES;08/02/2024;4;10/02/2024;10; 4 234 508,85 XOF ; 9 208 127,50 XOF ;Burkina Faso;Afrique
1335;2324;Store;1;1152;ESPÈCES;08/02/2024;4;13/02/2024;9; 368 940,00 XOF ; 723 690,00 XOF ;Burkina Faso;Afrique
1399;4972;Store;4;154;ESPÈCES;11/02/2024;4;14/02/2024;12; 156 326,50 XOF ; 471 817,50 XOF ;Burkina Faso;Afrique
1408;4992;Store;2;626;VIREMENT;11/02/2024;2;16/02/2024;10; 224 982,45 XOF ; 489 342,15 XOF ;Burkina Faso;Afrique
1418;9213;Store;3;620;ESPÈCES;11/02/2024;0;12/02/2024;18; 141 048,60 XOF ; 276 669,53 XOF ;Burkina Faso;Afrique
1419;9213;Store;1;1347;ESPÈCES;11/02/2024;0;12/02/2024;13; 819 969,15 XOF ; 1 783 210,00 XOF ;Burkina Faso;Afrique
1420;9213;Store;1;994;ESPÈCES;11/02/2024;0;12/02/2024;10; 1 621 680,50 XOF ; 3 180 925,00 XOF ;Burkina Faso;Afrique
1422;4972;Store;4;562;ESPÈCES;11/02/2024;4;14/02/2024;5; 3 257 314,50 XOF ; 7 083 175,00 XOF ;Burkina Faso;Afrique
1423;9924;Store;4;1070;ESPÈCES;12/02/2024;4;17/02/2024;16; 89 633,50 XOF ; 270 674,25 XOF ;Burkina Faso;Afrique
1424;9924;Store;4;1334;ESPÈCES;12/02/2024;4;17/02/2024;10; 3 801 028,00 XOF ; 8 265 675,00 XOF ;Burkina Faso;Afrique
1425;11269;Store;2;2509;VIREMENT;12/02/2024;4;15/02/2024;400; 3 663 201,71 XOF ; 7 965 911,25 XOF ;Burkina Faso;Afrique
1426;2460;En ligne;4;1265;DÉBIT CARTE;12/02/2024;1;14/02/2024;48; 1 299 685,75 XOF ; 2 826 175,00 XOF ;Burkina Faso;Afrique
1431;11269;Store;4;833;VIREMENT;12/02/2024;4;15/02/2024;20; 1 039 506,19 XOF ; 2 038 925,63 XOF ;Burkina Faso;Afrique
1432;10965;Store;1;442;VIREMENT;12/02/2024;1;14/02/2024;15; 1 527 908,25 XOF ; 4 611 572,63 XOF ;Burkina Faso;Afrique
1433;5990;Store;2;1456;DÉBIT CARTE;12/02/2024;4;16/02/2024;13; 670 430,20 XOF ; 1 314 940,00 XOF ;Burkina Faso;Afrique
1434;7329;Store;4;383;DÉBIT CARTE;12/02/2024;4;14/02/2024;13; 1 357 320,80 XOF ; 2 951 520,00 XOF ;Burkina Faso;Afrique
1437;5990;Store;2;1005;DÉBIT CARTE;12/02/2024;4;16/02/2024;12; 173 685,60 XOF ; 340 560,00 XOF ;Burkina Faso;Afrique
1443;11269;En ligne;3;325;VIREMENT;12/02/2024;4;15/02/2024;10; 390 372,81 XOF ; 765 668,75 XOF ;Burkina Faso;Afrique
1444;2460;Store;4;981;DÉBIT CARTE;12/02/2024;1;14/02/2024;10; 257 282,44 XOF ; 504 631,88 XOF ;Burkina Faso;Afrique
1446;10965;Store;3;1145;VIREMENT;12/02/2024;1;14/02/2024;10; 75 561,75 XOF ; 164 249,25 XOF ;Burkina Faso;Afrique
1447;7329;Store;4;305;DÉBIT CARTE;12/02/2024;4;14/02/2024;10; 339 330,20 XOF ; 737 880,00 XOF ;Burkina Faso;Afrique
1451;11269;Store;1;1613;VIREMENT;12/02/2024;4;15/02/2024;6; 168 388,00 XOF ; 508 356,75 XOF ;Burkina Faso;Afrique
1452;7910;Store;3;748;VIREMENT;12/02/2024;4;18/02/2024;5; 78 222,38 XOF ; 170 102,63 XOF ;Burkina Faso;Afrique
1455;3197;Store;2;779;ESPÈCES;12/02/2024;1;14/02/2024;10; 8 148 607,50 XOF ; 17 719 762,50 XOF ;Burkina Faso;Afrique
1462;11979;Store;4;1058;ESPÈCES;13/02/2024;4;18/02/2024;4; 216 421,15 XOF ; 470 635,00 XOF ;Burkina Faso;Afrique
1465;431;En ligne;3;812;VIREMENT;13/02/2024;4;18/02/2024;10; 472 491,53 XOF ; 1 426 095,00 XOF ;Burkina Faso;Afrique
1485;6473;Store;3;1020;ESPÈCES;13/02/2024;1;15/02/2024;9; 1 488 767,50 XOF ; 4 493 500,00 XOF ;Burkina Faso;Afrique
1523;3514;Store;4;1347;ESPÈCES;15/02/2024;4;19/02/2024;13; 1 755 303,00 XOF ; 3 817 110,00 XOF ;Burkina Faso;Afrique
1524;10723;Store;4;314;ESPÈCES;15/02/2024;4;20/02/2024;12; 3 052 978,50 XOF ; 5 988 180,00 XOF ;Burkina Faso;Afrique
1528;1576;Store;3;870;VIREMENT;15/02/2024;0;15/02/2024;20; 1 964 179,80 XOF ; 4 271 190,00 XOF ;Burkina Faso;Afrique
1529;8629;En ligne;4;499;VIREMENT;15/02/2024;4;18/02/2024;18; 1 357 273,50 XOF ; 2 951 520,00 XOF ;Burkina Faso;Afrique
1535;11522;En ligne;3;1227;DÉBIT CARTE;15/02/2024;0;15/02/2024;9; 5 468 400,30 XOF ; 11 891 220,00 XOF ;Burkina Faso;Afrique
1536;11522;En ligne;4;386;DÉBIT CARTE;15/02/2024;0;15/02/2024;9; 93 937,80 XOF ; 184 328,10 XOF ;Burkina Faso;Afrique
1545;8388;Store;1;165;ESPÈCES;15/02/2024;0;16/02/2024;10; 4 561 233,60 XOF ; 9 918 810,00 XOF ;Burkina Faso;Afrique
1546;6167;Store;4;1361;ESPÈCES;15/02/2024;0;15/02/2024;10; 1 043 958,30 XOF ; 2 270 258,10 XOF ;Burkina Faso;Afrique
1550;8388;Store;2;72;ESPÈCES;15/02/2024;0;16/02/2024;5; 965 771,40 XOF ; 2 100 120,00 XOF ;Burkina Faso;Afrique
1551;6167;Store;3;1247;ESPÈCES;15/02/2024;0;15/02/2024;5; 1 005 645,30 XOF ; 1 972 410,00 XOF ;Burkina Faso;Afrique
1552;4535;Store;4;1365;ESPÈCES;16/02/2024;2;18/02/2024;20; 2 336 099,70 XOF ; 5 080 020,00 XOF ;Burkina Faso;Afrique
1553;566;En ligne;4;207;DÉBIT CARTE;16/02/2024;2;19/02/2024;18; 2 032 859,40 XOF ; 3 987 390,00 XOF ;Burkina Faso;Afrique
1554;3668;En ligne;4;298;DÉBIT CARTE;16/02/2024;4;19/02/2024;18; 194 544,90 XOF ; 381 711,00 XOF ;Burkina Faso;Afrique
1561;4390;Store;4;933;VIREMENT;16/02/2024;4;19/02/2024;6; 1 357 273,50 XOF ; 2 951 520,00 XOF ;Burkina Faso;Afrique
1562;4390;Store;3;312;VIREMENT;16/02/2024;4;19/02/2024;6; 6 811,20 XOF ; 13 480,50 XOF ;Burkina Faso;Afrique
1564;4535;Store;3;567;ESPÈCES;16/02/2024;2;18/02/2024;18; 515 522,70 XOF ; 1 121 010,00 XOF ;Burkina Faso;Afrique
1566;521;Store;3;1505;ESPÈCES;16/02/2024;2;18/02/2024;13; 5 611 861,20 XOF ; 12 203 400,00 XOF ;Burkina Faso;Afrique
1582;3659;Store;3;1495;ESPÈCES;17/02/2024;4;21/02/2024;10; 1 198 913,10 XOF ; 3 618 450,00 XOF ;Burkina Faso;Afrique
1585;1045;Store;3;1023;DÉBIT CARTE;17/02/2024;4;23/02/2024;27; 264 643,50 XOF ; 575 404,50 XOF ;Burkina Faso;Afrique
1598;1045;En ligne;4;369;DÉBIT CARTE;17/02/2024;4;23/02/2024;8; 90 674,10 XOF ; 197 099,10 XOF ;Burkina Faso;Afrique
1602;12123;Store;1;778;VIREMENT;17/02/2024;4;20/02/2024;4; 737 880,00 XOF ; 1 447 380,00 XOF ;Burkina Faso;Afrique
1605;11648;Store;4;1334;ESPÈCES;17/02/2024;4;19/02/2024;13; 2 205 551,70 XOF ; 4 796 220,00 XOF ;Burkina Faso;Afrique
1632;12424;Store;3;615;ESPÈCES;18/02/2024;4;24/02/2024;13; 130 122,30 XOF ; 283 090,50 XOF ;Burkina Faso;Afrique
1638;4044;Store;1;1444;ESPÈCES;18/02/2024;1;20/02/2024;10; 312 889,50 XOF ; 680 410,50 XOF ;Burkina Faso;Afrique
1639;935;Store;1;128;ESPÈCES;18/02/2024;2;22/02/2024;5; 2 670 416,10 XOF ; 8 059 920,00 XOF ;Burkina Faso;Afrique
1640;935;Store;4;786;ESPÈCES;18/02/2024;2;22/02/2024;4; 86 133,30 XOF ; 168 861,00 XOF ;Burkina Faso;Afrique
1659;7476;Store;2;767;ESPÈCES;19/02/2024;4;25/02/2024;18; 1 291 999,50 XOF ; 2 809 620,00 XOF ;Burkina Faso;Afrique
1691;541;Store;4;1558;ESPÈCES;21/02/2024;0;21/02/2024;10; 204 974,55 XOF ; 402 026,35 XOF ;Burkina Faso;Afrique
1692;5730;Store;4;1541;ESPÈCES;21/02/2024;0;21/02/2024;9; 424 375,60 XOF ; 832 480,00 XOF ;Burkina Faso;Afrique
1728;5730;Store;2;1453;ESPÈCES;21/02/2024;0;21/02/2024;10; 184 115,25 XOF ; 555 656,75 XOF ;Burkina Faso;Afrique
1767;11196;Store;4;1601;ESPÈCES;23/02/2024;4;26/02/2024;30; 462 783,20 XOF ; 907 687,00 XOF ;Burkina Faso;Afrique
1780;11282;Store;4;535;DÉBIT CARTE;23/02/2024;4;27/02/2024;9; 1 159 393,95 XOF ; 2 521 090,00 XOF ;Burkina Faso;Afrique
1787;11196;Store;2;1031;ESPÈCES;23/02/2024;4;26/02/2024;9; 141 042,69 XOF ; 306 681,38 XOF ;Burkina Faso;Afrique
1788;9987;Store;3;169;ESPÈCES;23/02/2024;4;29/02/2024;8; 70 453,35 XOF ; 138 246,08 XOF ;Burkina Faso;Afrique
1790;9653;Store;3;764;ESPÈCES;23/02/2024;4;26/02/2024;8; 2 373 064,65 XOF ; 7 162 402,50 XOF ;Burkina Faso;Afrique
1792;7003;Store;4;681;ESPÈCES;24/02/2024;4;29/02/2024;20; 3 515 075,85 XOF ; 6 894 566,25 XOF ;Burkina Faso;Afrique
1793;5222;Store;4;580;ESPÈCES;24/02/2024;1;26/02/2024;18; 723 217,00 XOF ; 1 418 763,50 XOF ;Burkina Faso;Afrique
1794;1441;Store;4;1628;ESPÈCES;24/02/2024;4;28/02/2024;16; 530 516,80 XOF ; 1 040 505,40 XOF ;Burkina Faso;Afrique
1795;9987;Store;4;716;ESPÈCES;24/02/2024;4;01/03/2024;9; 3 474 776,25 XOF ; 7 556 175,00 XOF ;Burkina Faso;Afrique
1796;1441;Store;4;1103;ESPÈCES;24/02/2024;4;28/02/2024;8; 1 901 578,25 XOF ; 4 135 202,50 XOF ;Burkina Faso;Afrique
1797;11760;En ligne;3;511;VIREMENT;24/02/2024;4;29/02/2024;72; 37 662,63 XOF ; 73 876,69 XOF ;Burkina Faso;Afrique
1799;9808;En ligne;4;1503;DÉBIT CARTE;24/02/2024;4;01/03/2024;50; 3 645 600,20 XOF ; 7 927 480,00 XOF ;Burkina Faso;Afrique
1800;11963;En ligne;4;574;VIREMENT;24/02/2024;4;27/02/2024;40; 1 088 680,45 XOF ; 2 367 365,00 XOF ;Burkina Faso;Afrique
1801;9253;Store;1;1271;VIREMENT;24/02/2024;4;27/02/2024;26; 5 187 526,99 XOF ; 15 656 891,25 XOF ;Burkina Faso;Afrique
1802;9253;Store;4;942;VIREMENT;24/02/2024;4;27/02/2024;20; 264 099,55 XOF ; 518 053,25 XOF ;Burkina Faso;Afrique
1804;11760;Store;2;1304;VIREMENT;24/02/2024;4;29/02/2024;12; 76 945,28 XOF ; 151 017,08 XOF ;Burkina Faso;Afrique
1805;3370;Store;4;1394;DÉBIT CARTE;24/02/2024;4;28/02/2024;12; 2 233 151,25 XOF ; 6 740 250,00 XOF ;Burkina Faso;Afrique
1806;11963;Store;3;472;VIREMENT;24/02/2024;4;27/02/2024;12; 79 570,43 XOF ; 156 090,00 XOF ;Burkina Faso;Afrique
1807;11760;En ligne;4;901;VIREMENT;24/02/2024;4;29/02/2024;10; 3 442 139,25 XOF ; 7 485 225,00 XOF ;Burkina Faso;Afrique
1808;11760;En ligne;4;801;VIREMENT;24/02/2024;4;29/02/2024;10; 80 670,15 XOF ; 243 606,83 XOF ;Burkina Faso;Afrique
1812;10584;En ligne;4;605;DÉBIT CARTE;24/02/2024;4;26/02/2024;10; 807 446,48 XOF ; 2 437 132,50 XOF ;Burkina Faso;Afrique
1813;463;Store;1;374;DÉBIT CARTE;24/02/2024;4;26/02/2024;6; 761 399,93 XOF ; 2 298 188,75 XOF ;Burkina Faso;Afrique
1815;10584;Store;1;1135;DÉBIT CARTE;24/02/2024;4;26/02/2024;5; 109 452,20 XOF ; 330 431,89 XOF ;Burkina Faso;Afrique
1817;11963;Store;4;1621;VIREMENT;24/02/2024;4;27/02/2024;4; 3 322 304,70 XOF ; 7 224 613,83 XOF ;Burkina Faso;Afrique
1818;7003;Store;3;844;ESPÈCES;24/02/2024;4;29/02/2024;20; 39 022,50 XOF ; 76 519,58 XOF ;Burkina Faso;Afrique
1819;7003;Store;3;507;ESPÈCES;24/02/2024;4;29/02/2024;20; 95 386,36 XOF ; 207 451,89 XOF ;Burkina Faso;Afrique
1822;7003;Store;3;234;ESPÈCES;24/02/2024;4;29/02/2024;12; 19 298,40 XOF ; 37 840,00 XOF ;Burkina Faso;Afrique
1831;5964;Store;1;659;DÉBIT CARTE;25/02/2024;0;25/02/2024;13; 88 924,00 XOF ; 174 418,75 XOF ;Burkina Faso;Afrique
1847;8015;Store;4;1383;ESPÈCES;26/02/2024;4;01/03/2024;24; 80 776,58 XOF ; 175 601,25 XOF ;Burkina Faso;Afrique
1848;4000;Store;4;1523;ESPÈCES;26/02/2024;4;02/03/2024;13; 822 168,60 XOF ; 1 787 940,00 XOF ;Burkina Faso;Afrique
1852;8458;Store;3;1178;VIREMENT;26/02/2024;1;28/02/2024;18; 2 011 184,18 XOF ; 4 373 476,25 XOF ;Burkina Faso;Afrique
1856;8141;Store;4;1635;DÉBIT CARTE;26/02/2024;4;02/03/2024;12; 548 561,75 XOF ; 1 076 075,00 XOF ;Burkina Faso;Afrique
1857;8141;Store;4;1300;DÉBIT CARTE;26/02/2024;4;02/03/2024;10; 108 482,55 XOF ; 212 814,53 XOF ;Burkina Faso;Afrique
1858;7448;Store;2;1087;VIREMENT;26/02/2024;4;29/02/2024;10; 6 111 869,50 XOF ; 18 447 000,00 XOF ;Burkina Faso;Afrique
1861;8141;Store;3;1287;DÉBIT CARTE;26/02/2024;4;02/03/2024;5; 203 839,35 XOF ; 399 685,00 XOF ;Burkina Faso;Afrique
1864;8964;Store;3;72;DÉBIT CARTE;26/02/2024;4;28/02/2024;4; 7 821 528,00 XOF ; 15 341 755,00 XOF ;Burkina Faso;Afrique
1872;11853;En ligne;3;1337;DÉBIT CARTE;27/02/2024;4;29/02/2024;26; 861 333,00 XOF ; 1 873 080,00 XOF ;Burkina Faso;Afrique
1894;6557;Store;3;672;ESPÈCES;27/02/2024;4;29/02/2024;8; 51 586,56 XOF ; 112 189,69 XOF ;Burkina Faso;Afrique
1905;5007;Store;4;252;VIREMENT;28/02/2024;4;02/03/2024;13; 1 444 542,00 XOF ; 2 835 162,00 XOF ;Burkina Faso;Afrique
1906;10651;Store;1;590;DÉBIT CARTE;28/02/2024;4;01/03/2024;13; 1 609 423,89 XOF ; 4 857 710,00 XOF ;Burkina Faso;Afrique
1907;4632;En ligne;3;594;DÉBIT CARTE;28/02/2024;1;01/03/2024;12; 1 470 367,80 XOF ; 3 197 480,00 XOF ;Burkina Faso;Afrique
1908;10651;En ligne;4;1190;DÉBIT CARTE;28/02/2024;4;01/03/2024;12; 1 193 449,95 XOF ; 2 340 817,88 XOF ;Burkina Faso;Afrique
1915;4952;Store;1;732;DÉBIT CARTE;28/02/2024;2;03/03/2024;9; 339 330,20 XOF ; 737 880,00 XOF ;Burkina Faso;Afrique
1930;11429;Store;4;1477;ESPÈCES;29/02/2024;1;02/03/2024;10; 168 943,78 XOF ; 367 402,75 XOF ;Burkina Faso;Afrique
1936;1204;En ligne;3;822;VIREMENT;29/02/2024;4;03/03/2024;24; 763 859,53 XOF ; 2 305 721,28 XOF ;Burkina Faso;Afrique
1937;5805;En ligne;4;1002;DÉBIT CARTE;29/02/2024;4;02/03/2024;20; 1 692 896,56 XOF ; 3 320 460,00 XOF ;Burkina Faso;Afrique
1944;5603;En ligne;4;248;VIREMENT;29/02/2024;4;05/03/2024;10; 4 889 164,50 XOF ; 10 631 857,50 XOF ;Burkina Faso;Afrique
1946;1204;Store;3;1377;VIREMENT;29/02/2024;4;03/03/2024;10; 81 095,85 XOF ; 244 777,50 XOF ;Burkina Faso;Afrique
1948;6010;Store;3;652;DÉBIT CARTE;29/02/2024;2;06/03/2024;9; 2 470 668,20 XOF ; 5 372 688,75 XOF ;Burkina Faso;Afrique
1952;386;Store;4;813;DÉBIT CARTE;29/02/2024;4;02/03/2024;6; 97 792,75 XOF ; 212 731,75 XOF ;Burkina Faso;Afrique
1953;5527;Store;3;1246;VIREMENT;29/02/2024;4;02/03/2024;6; 911 896,70 XOF ; 1 983 052,50 XOF ;Burkina Faso;Afrique
1955;7417;Store;3;2503;ESPÈCES;29/02/2024;4;05/03/2024;120; 2 554 909,50 XOF ; 5 011 435,00 XOF ;Burkina Faso;Afrique
1956;5168;Store;3;1394;ESPÈCES;29/02/2024;1;02/03/2024;30; 233 319,08 XOF ; 457 627,50 XOF ;Burkina Faso;Afrique
1962;7417;Store;3;750;ESPÈCES;29/02/2024;4;05/03/2024;8; 1 805 441,00 XOF ; 3 925 900,00 XOF ;Burkina Faso;Afrique
1119;4876;Store;1;2492;DÉBIT CARTE;02/02/2024;2;05/02/2024;120; 1 056 859,38 XOF ; 2 298 188,75 XOF ;Cameroun;Afrique
1122;3229;Store;2;1036;VIREMENT;02/02/2024;2;04/02/2024;13; 264 099,55 XOF ; 518 053,25 XOF ;Cameroun;Afrique
1174;10738;Store;2;123;DÉBIT CARTE;04/02/2024;4;09/02/2024;13; 84 075,75 XOF ; 164 958,75 XOF ;Cameroun;Afrique
1175;11398;Store;2;1079;DÉBIT CARTE;04/02/2024;4;08/02/2024;13; 2 219 174,10 XOF ; 4 352 782,50 XOF ;Cameroun;Afrique
1176;3713;Store;3;459;VIREMENT;04/02/2024;4;07/02/2024;12; 754 233,98 XOF ; 1 479 307,50 XOF ;Cameroun;Afrique
1178;11509;Store;3;215;DÉBIT CARTE;04/02/2024;1;06/02/2024;12; 976 662,23 XOF ; 1 915 650,00 XOF ;Cameroun;Afrique
1179;11509;Store;3;1247;DÉBIT CARTE;04/02/2024;1;06/02/2024;12; 754 233,98 XOF ; 1 479 307,50 XOF ;Cameroun;Afrique
1180;2870;Store;2;68;VIREMENT;04/02/2024;1;06/02/2024;12; 2 099 552,40 XOF ; 4 565 632,50 XOF ;Cameroun;Afrique
1181;10738;Store;4;326;DÉBIT CARTE;04/02/2024;4;09/02/2024;10; 1 311 581,70 XOF ; 2 852 190,00 XOF ;Cameroun;Afrique
1182;6672;En ligne;3;1020;DÉBIT CARTE;04/02/2024;1;06/02/2024;10; 2 447 030,03 XOF ; 5 321 143,58 XOF ;Cameroun;Afrique
1184;10147;Store;4;1348;VIREMENT;04/02/2024;1;06/02/2024;10; 1 575 941,40 XOF ; 3 426 885,00 XOF ;Cameroun;Afrique
1186;11398;Store;3;598;DÉBIT CARTE;04/02/2024;4;08/02/2024;9; 342 582,08 XOF ; 744 868,58 XOF ;Cameroun;Afrique
1187;6672;Store;1;305;DÉBIT CARTE;04/02/2024;1;06/02/2024;9; 1 517 194,80 XOF ; 3 299 175,00 XOF ;Cameroun;Afrique
1188;2870;Store;2;1247;VIREMENT;04/02/2024;1;06/02/2024;9; 140 693,85 XOF ; 424 635,75 XOF ;Cameroun;Afrique
1193;11874;Store;2;18;ESPÈCES;04/02/2024;1;06/02/2024;12; 493 705,58 XOF ; 968 467,50 XOF ;Cameroun;Afrique
1195;5640;Store;1;982;ESPÈCES;04/02/2024;1;06/02/2024;10; 944 947,58 XOF ; 2 852 190,00 XOF ;Cameroun;Afrique
1200;11874;Store;1;707;ESPÈCES;04/02/2024;1;06/02/2024;4; 428 679,90 XOF ; 840 757,50 XOF ;Cameroun;Afrique
1201;3544;Store;4;349;ESPÈCES;05/02/2024;0;05/02/2024;24; 18 056,78 XOF ; 35 439,53 XOF ;Cameroun;Afrique
1202;6397;Store;4;1243;ESPÈCES;05/02/2024;2;11/02/2024;13; 241 442,85 XOF ; 525 030,00 XOF ;Cameroun;Afrique
1203;3746;Store;4;724;ESPÈCES;05/02/2024;0;05/02/2024;12; 413 283,75 XOF ; 898 700,00 XOF ;Cameroun;Afrique
1205;3746;Store;3;10;ESPÈCES;05/02/2024;0;05/02/2024;6; 253 173,25 XOF ; 496 531,75 XOF ;Cameroun;Afrique
1217;3502;Store;2;960;VIREMENT;05/02/2024;4;08/02/2024;12; 324 631,73 XOF ; 705 952,50 XOF ;Cameroun;Afrique
1231;6013;Store;3;309;ESPÈCES;05/02/2024;4;07/02/2024;9; 486 575,10 XOF ; 1 468 665,00 XOF ;Cameroun;Afrique
1232;287;Store;1;470;ESPÈCES;05/02/2024;4;07/02/2024;9; 195 822,00 XOF ; 591 131,75 XOF ;Cameroun;Afrique
1234;3544;Store;1;375;ESPÈCES;05/02/2024;0;05/02/2024;9; 1 696 651,00 XOF ; 3 689 400,00 XOF ;Cameroun;Afrique
1311;7868;En ligne;4;948;DÉBIT CARTE;08/02/2024;0;08/02/2024;20; 65 185,31 XOF ; 141 752,19 XOF ;Cameroun;Afrique
1312;659;Store;4;781;DÉBIT CARTE;08/02/2024;4;13/02/2024;13; 75 295,69 XOF ; 147 694,25 XOF ;Cameroun;Afrique
1322;6521;Store;2;976;DÉBIT CARTE;08/02/2024;4;14/02/2024;9; 446 039,00 XOF ; 874 813,50 XOF ;Cameroun;Afrique
1323;10137;Store;1;1652;VIREMENT;08/02/2024;4;11/02/2024;9; 295 843,76 XOF ; 643 339,13 XOF ;Cameroun;Afrique
1324;5630;Store;4;788;DÉBIT CARTE;08/02/2024;2;10/02/2024;9; 1 905 007,50 XOF ; 3 736 700,00 XOF ;Cameroun;Afrique
1328;7868;Store;3;771;DÉBIT CARTE;08/02/2024;0;08/02/2024;6; 4 241 580,20 XOF ; 9 223 500,00 XOF ;Cameroun;Afrique
1331;5218;Store;3;248;ESPÈCES;08/02/2024;4;10/02/2024;13; 994 719,00 XOF ; 1 951 125,00 XOF ;Cameroun;Afrique
1352;9858;Store;3;1099;DÉBIT CARTE;09/02/2024;4;12/02/2024;10; 1 544 439,60 XOF ; 4 661 415,00 XOF ;Cameroun;Afrique
1354;7215;En ligne;4;793;DÉBIT CARTE;09/02/2024;4;15/02/2024;9; 1 175 227,63 XOF ; 2 305 106,38 XOF ;Cameroun;Afrique
1359;614;Store;4;1499;ESPÈCES;09/02/2024;1;11/02/2024;13; 663 146,00 XOF ; 1 300 631,75 XOF ;Cameroun;Afrique
1362;614;Store;3;873;ESPÈCES;09/02/2024;1;11/02/2024;12; 138 116,00 XOF ; 270 792,50 XOF ;Cameroun;Afrique
1365;10237;Store;4;294;ESPÈCES;09/02/2024;4;14/02/2024;10; 3 537 567,00 XOF ; 6 938 910,00 XOF ;Cameroun;Afrique
1368;10879;Store;4;1403;ESPÈCES;09/02/2024;4;12/02/2024;9; 28 025,25 XOF ; 54 986,25 XOF ;Cameroun;Afrique
1371;1571;Store;2;1286;ESPÈCES;09/02/2024;4;14/02/2024;5; 190 500,75 XOF ; 373 670,00 XOF ;Cameroun;Afrique
1372;10879;Store;1;3;ESPÈCES;09/02/2024;4;12/02/2024;5; 813 087,00 XOF ; 1 595 310,75 XOF ;Cameroun;Afrique
1457;11979;Store;4;1212;ESPÈCES;13/02/2024;4;18/02/2024;18; 3 458 351,33 XOF ; 10 437 927,50 XOF ;Cameroun;Afrique
1458;3127;Store;4;802;ESPÈCES;13/02/2024;4;15/02/2024;18; 1 674 893,00 XOF ; 3 642 100,00 XOF ;Cameroun;Afrique
1461;2393;Store;4;1454;ESPÈCES;13/02/2024;4;19/02/2024;5; 75 295,69 XOF ; 147 694,25 XOF ;Cameroun;Afrique
1463;431;En ligne;4;1660;VIREMENT;13/02/2024;4;18/02/2024;13; 614 900,00 XOF ; 1 206 150,00 XOF ;Cameroun;Afrique
1464;11465;En ligne;4;967;DÉBIT CARTE;13/02/2024;4;17/02/2024;13; 1 567 533,83 XOF ; 3 074 500,00 XOF ;Cameroun;Afrique
1466;2919;Store;1;543;VIREMENT;13/02/2024;4;17/02/2024;10; 1 866 268,80 XOF ; 4 058 340,00 XOF ;Cameroun;Afrique
1468;1490;Store;4;1345;DÉBIT CARTE;13/02/2024;4;19/02/2024;9; 657 943,00 XOF ; 1 430 825,00 XOF ;Cameroun;Afrique
1533;3694;Store;3;1330;DÉBIT CARTE;15/02/2024;4;18/02/2024;9; 176 097,90 XOF ; 382 988,10 XOF ;Cameroun;Afrique
1537;8629;Store;1;1613;VIREMENT;15/02/2024;4;18/02/2024;6; 2 358 378,00 XOF ; 4 625 940,00 XOF ;Cameroun;Afrique
1542;9616;Store;1;350;ESPÈCES;15/02/2024;4;21/02/2024;12; 1 952 544,00 XOF ; 3 829 881,00 XOF ;Cameroun;Afrique
1544;9616;Store;2;324;ESPÈCES;15/02/2024;4;21/02/2024;10; 1 291 999,50 XOF ; 2 809 620,00 XOF ;Cameroun;Afrique
1548;11549;Store;4;580;ESPÈCES;15/02/2024;4;20/02/2024;8; 1 406 796,60 XOF ; 4 246 073,70 XOF ;Cameroun;Afrique
1555;566;Store;4;746;DÉBIT CARTE;16/02/2024;2;19/02/2024;12; 841 750,80 XOF ; 1 830 510,00 XOF ;Cameroun;Afrique
1556;566;Store;3;1303;DÉBIT CARTE;16/02/2024;2;19/02/2024;12; 1 656 682,50 XOF ; 3 249 510,00 XOF ;Cameroun;Afrique
1558;566;Store;3;1541;DÉBIT CARTE;16/02/2024;2;19/02/2024;10; 93 937,80 XOF ; 184 328,10 XOF ;Cameroun;Afrique
1568;521;Store;4;1039;ESPÈCES;16/02/2024;2;18/02/2024;12; 2 557 321,80 XOF ; 5 561 061,00 XOF ;Cameroun;Afrique
1583;4998;Store;4;1537;ESPÈCES;17/02/2024;2;22/02/2024;8; 6 107 092,20 XOF ; 18 432 810,00 XOF ;Cameroun;Afrique
1596;7050;En ligne;4;405;DÉBIT CARTE;17/02/2024;4;19/02/2024;10; 2 358 378,00 XOF ; 4 625 940,00 XOF ;Cameroun;Afrique
1597;7050;Store;2;725;DÉBIT CARTE;17/02/2024;4;19/02/2024;10; 1 044 100,20 XOF ; 2 270 400,00 XOF ;Cameroun;Afrique
1599;12123;En ligne;4;462;VIREMENT;17/02/2024;4;20/02/2024;6; 411 651,90 XOF ; 807 411,00 XOF ;Cameroun;Afrique
1668;86;En ligne;4;101;DÉBIT CARTE;20/02/2024;4;23/02/2024;36; 1 116 965,85 XOF ; 2 428 855,00 XOF ;Cameroun;Afrique
1670;2257;En ligne;4;1198;DÉBIT CARTE;20/02/2024;4;22/02/2024;20; 62 436,00 XOF ; 122 507,00 XOF ;Cameroun;Afrique
1680;378;Store;1;648;ESPÈCES;20/02/2024;2;26/02/2024;12; 579 963,04 XOF ; 1 261 136,25 XOF ;Cameroun;Afrique
1688;5730;Store;4;325;ESPÈCES;21/02/2024;0;21/02/2024;24; 1 457 313,00 XOF ; 3 169 100,00 XOF ;Cameroun;Afrique
1689;10346;Store;4;1435;ESPÈCES;21/02/2024;0;21/02/2024;12; 38 726,88 XOF ; 75 946,06 XOF ;Cameroun;Afrique
1690;5730;Store;4;1185;ESPÈCES;21/02/2024;0;21/02/2024;12; 1 692 796,05 XOF ; 3 320 460,00 XOF ;Cameroun;Afrique
1694;10591;Store;1;2516;VIREMENT;21/02/2024;1;23/02/2024;480; 236 310,80 XOF ; 463 540,00 XOF ;Cameroun;Afrique
1702;10988;Store;3;1436;DÉBIT CARTE;21/02/2024;4;26/02/2024;12; 968 999,63 XOF ; 2 107 215,00 XOF ;Cameroun;Afrique
1725;7819;Store;4;1007;ESPÈCES;21/02/2024;4;27/02/2024;12; 212 187,80 XOF ; 416 240,00 XOF ;Cameroun;Afrique
1727;541;Store;1;336;ESPÈCES;21/02/2024;0;21/02/2024;10; 260 741,25 XOF ; 567 008,75 XOF ;Cameroun;Afrique
1810;11963;Store;4;526;VIREMENT;24/02/2024;4;27/02/2024;10; 224 320,25 XOF ; 487 781,25 XOF ;Cameroun;Afrique
1811;463;En ligne;4;218;DÉBIT CARTE;24/02/2024;4;26/02/2024;10; 1 506 505,00 XOF ; 2 955 067,50 XOF ;Cameroun;Afrique
1816;3868;Store;2;1251;DÉBIT CARTE;24/02/2024;4;01/03/2024;4; 1 265 387,34 XOF ; 2 751 677,50 XOF ;Cameroun;Afrique
1823;5222;Store;2;683;ESPÈCES;24/02/2024;1;26/02/2024;10; 244 068,00 XOF ; 478 912,50 XOF ;Cameroun;Afrique
1826;1326;En ligne;4;1389;DÉBIT CARTE;25/02/2024;4;01/03/2024;24; 4 557 000,25 XOF ; 9 909 350,00 XOF ;Cameroun;Afrique
1827;5964;En ligne;4;135;DÉBIT CARTE;25/02/2024;0;25/02/2024;24; 19 570,38 XOF ; 38 401,69 XOF ;Cameroun;Afrique
1829;8964;Store;1;67;DÉBIT CARTE;25/02/2024;4;27/02/2024;18; 121 442,75 XOF ; 366 575,00 XOF ;Cameroun;Afrique
1836;5964;Store;3;1171;DÉBIT CARTE;25/02/2024;0;25/02/2024;12; 325 554,08 XOF ; 638 550,00 XOF ;Cameroun;Afrique
1841;8964;Store;2;621;DÉBIT CARTE;25/02/2024;4;27/02/2024;10; 2 169 769,25 XOF ; 4 718 175,00 XOF ;Cameroun;Afrique
1859;7373;Store;4;1497;VIREMENT;26/02/2024;1;28/02/2024;10; 632 732,10 XOF ; 1 375 838,75 XOF ;Cameroun;Afrique
1862;7448;Store;2;481;VIREMENT;26/02/2024;4;29/02/2024;5; 973 434,00 XOF ; 2 116 675,00 XOF ;Cameroun;Afrique
1865;12192;Store;2;510;ESPÈCES;26/02/2024;4;01/03/2024;12; 1 609 619,00 XOF ; 3 500 200,00 XOF ;Cameroun;Afrique
1898;4580;En ligne;3;526;DÉBIT CARTE;28/02/2024;4;02/03/2024;78; 2 628 112,16 XOF ; 5 715 022,50 XOF ;Cameroun;Afrique
1902;10651;Store;3;51;DÉBIT CARTE;28/02/2024;4;01/03/2024;24; 1 101 132,18 XOF ; 2 159 836,25 XOF ;Cameroun;Afrique
1922;4632;Store;3;132;DÉBIT CARTE;28/02/2024;1;01/03/2024;6; 528 199,10 XOF ; 1 036 106,50 XOF ;Cameroun;Afrique
1092;5646;En ligne;3;276;VIREMENT;01/02/2024;2;03/02/2024;26; 180 242,56 XOF ; 391 921,89 XOF ;Canada;Amérique
1102;788;Store;4;752;DÉBIT CARTE;01/02/2024;4;03/02/2024;6; 2 679 273,03 XOF ; 5 826 177,50 XOF ;Canada;Amérique
1103;437;Store;4;120;ESPÈCES;01/02/2024;2;07/02/2024;18; 335 812,26 XOF ; 730 193,75 XOF ;Canada;Amérique
1105;7321;Store;4;1646;ESPÈCES;01/02/2024;4;05/02/2024;12; 2 679 273,03 XOF ; 5 826 177,50 XOF ;Canada;Amérique
1185;11509;En ligne;4;808;DÉBIT CARTE;04/02/2024;1;06/02/2024;10; 81 308,70 XOF ; 159 531,08 XOF ;Canada;Amérique
1194;5514;Store;2;240;ESPÈCES;04/02/2024;1;06/02/2024;10; 773 284,05 XOF ; 1 681 515,00 XOF ;Canada;Amérique
1360;1571;Store;1;1022;ESPÈCES;09/02/2024;4;14/02/2024;12; 164 278,81 XOF ; 322 231,25 XOF ;Canada;Amérique
1369;2500;Store;2;330;ESPÈCES;09/02/2024;2;12/02/2024;9; 8 148 844,00 XOF ; 24 594 108,00 XOF ;Canada;Amérique
1370;1571;Store;1;882;ESPÈCES;09/02/2024;4;14/02/2024;5; 1 205 204,00 XOF ; 2 364 054,00 XOF ;Canada;Amérique
1398;4972;Store;4;1349;ESPÈCES;11/02/2024;4;14/02/2024;13; 22 478 733,75 XOF ; 67 845 937,50 XOF ;Canada;Amérique
1400;1052;Store;4;678;DÉBIT CARTE;11/02/2024;2;13/02/2024;24; 2 215 484,70 XOF ; 6 686 806,91 XOF ;Canada;Amérique
1412;4992;Store;3;1328;VIREMENT;11/02/2024;2;16/02/2024;9; 1 065 787,25 XOF ; 2 317 700,00 XOF ;Canada;Amérique
1416;4992;Store;1;1360;VIREMENT;11/02/2024;2;16/02/2024;6; 102 404,50 XOF ; 200 906,75 XOF ;Canada;Amérique
1573;4664;Store;3;1445;ESPÈCES;16/02/2024;4;21/02/2024;10; 6 518 886,00 XOF ; 14 175 810,00 XOF ;Canada;Amérique
1711;8541;Store;2;1142;VIREMENT;21/02/2024;0;21/02/2024;9; 2 481 245,66 XOF ; 5 395 747,50 XOF ;Canada;Amérique
1723;5730;Store;3;1307;ESPÈCES;21/02/2024;0;21/02/2024;13; 660 633,19 XOF ; 1 436 560,13 XOF ;Canada;Amérique
1724;7819;Store;3;984;ESPÈCES;21/02/2024;4;27/02/2024;12; 215 522,45 XOF ; 422 743,75 XOF ;Canada;Amérique
1729;10346;Store;4;1361;ESPÈCES;21/02/2024;0;21/02/2024;8; 172 905,15 XOF ; 339 141,00 XOF ;Canada;Amérique
1730;10346;Store;3;1484;ESPÈCES;21/02/2024;0;21/02/2024;8; 61 939,35 XOF ; 134 734,05 XOF ;Canada;Amérique
1733;4601;Store;4;1553;ESPÈCES;22/02/2024;0;23/02/2024;9; 79 582,25 XOF ; 156 090,00 XOF ;Canada;Amérique
1734;846;En ligne;4;2502;DÉBIT CARTE;22/02/2024;0;23/02/2024;400; 1 497 435,23 XOF ; 4 519 515,00 XOF ;Canada;Amérique
1735;7163;En ligne;4;1508;DÉBIT CARTE;22/02/2024;2;25/02/2024;26; 256 927,69 XOF ; 558 731,25 XOF ;Canada;Amérique
1736;846;En ligne;4;1156;DÉBIT CARTE;22/02/2024;0;23/02/2024;24; 81 095,85 XOF ; 244 777,50 XOF ;Canada;Amérique
1756;2022;En ligne;4;152;DÉBIT CARTE;22/02/2024;0;23/02/2024;9; 269 184,30 XOF ; 585 337,50 XOF ;Canada;Amérique
1757;11055;Store;3;1583;VIREMENT;22/02/2024;2;24/02/2024;8; 705 172,05 XOF ; 2 128 500,00 XOF ;Canada;Amérique
1762;6813;En ligne;4;1349;VIREMENT;22/02/2024;0;23/02/2024;4; 1 605 314,70 XOF ; 3 490 740,00 XOF ;Canada;Amérique
1825;1441;Store;4;477;ESPÈCES;24/02/2024;4;28/02/2024;9; 140 291,80 XOF ; 305 085,00 XOF ;Canada;Amérique
1918;10651;Store;4;1443;DÉBIT CARTE;28/02/2024;4;01/03/2024;8; 3 444 575,20 XOF ; 10 396 540,00 XOF ;Canada;Amérique
1086;8061;Store;4;526;ESPÈCES;01/02/2024;2;06/02/2024;27; 1 497 435,23 XOF ; 4 519 515,00 XOF ;Côte d'ivoire;Afrique
1098;579;Store;4;736;DÉBIT CARTE;01/02/2024;2;06/02/2024;9; 2 470 668,20 XOF ; 5 372 688,75 XOF ;Côte d'ivoire;Afrique
1104;5496;Store;3;1096;ESPÈCES;01/02/2024;2;06/02/2024;12; 2 011 184,18 XOF ; 4 373 476,25 XOF ;Côte d'ivoire;Afrique
1113;10500;Store;3;525;ESPÈCES;02/02/2024;4;07/02/2024;18; 63 565,29 XOF ; 138 275,64 XOF ;Côte d'ivoire;Afrique
1116;9120;Store;3;1202;ESPÈCES;02/02/2024;2;08/02/2024;10; 77 784,85 XOF ; 169 097,50 XOF ;Côte d'ivoire;Afrique
1117;10744;Store;4;928;ESPÈCES;02/02/2024;4;04/02/2024;6; 1 614 957,99 XOF ; 3 511 847,63 XOF ;Côte d'ivoire;Afrique
1118;10500;Store;4;1420;ESPÈCES;02/02/2024;4;07/02/2024;4; 666 244,15 XOF ; 1 448 858,13 XOF ;Côte d'ivoire;Afrique
1127;6179;Store;3;413;VIREMENT;02/02/2024;1;04/02/2024;10; 2 117 254,43 XOF ; 4 604 063,75 XOF ;Côte d'ivoire;Afrique
1128;9336;Store;1;1435;DÉBIT CARTE;02/02/2024;4;06/02/2024;9; 1 060 395,05 XOF ; 2 305 875,00 XOF ;Côte d'ivoire;Afrique
1136;9120;Store;3;598;ESPÈCES;02/02/2024;2;08/02/2024;5; 2 470 668,20 XOF ; 5 372 688,75 XOF ;Côte d'ivoire;Afrique
1169;224;Store;4;1310;ESPÈCES;03/02/2024;4;05/02/2024;10; 1 055 097,45 XOF ; 3 184 555,28 XOF ;Côte d'ivoire;Afrique
1172;5640;Store;4;1246;ESPÈCES;04/02/2024;1;06/02/2024;24; 185 711,63 XOF ; 403 882,88 XOF ;Côte d'ivoire;Afrique
1189;10738;Store;4;538;DÉBIT CARTE;04/02/2024;4;09/02/2024;6; 2 246 099,63 XOF ; 6 779 272,50 XOF ;Côte d'ivoire;Afrique
1196;9230;Store;3;1093;ESPÈCES;04/02/2024;2;06/02/2024;10; 2 289 733,88 XOF ; 4 491 135,00 XOF ;Côte d'ivoire;Afrique
1212;6680;Store;2;208;DÉBIT CARTE;05/02/2024;0;05/02/2024;13; 17 323,63 XOF ; 33 996,88 XOF ;Côte d'ivoire;Afrique
1241;8418;Store;3;1475;DÉBIT CARTE;06/02/2024;4;08/02/2024;24; 468 447,38 XOF ; 918 802,50 XOF ;Côte d'ivoire;Afrique
1263;4806;Store;4;970;ESPÈCES;06/02/2024;4;09/02/2024;13; 3 055 816,50 XOF ; 9 222 790,50 XOF ;Côte d'ivoire;Afrique
1264;4806;Store;2;1015;ESPÈCES;06/02/2024;4;09/02/2024;13; 90 354,83 XOF ; 177 233,10 XOF ;Côte d'ivoire;Afrique
1265;4806;Store;3;1039;ESPÈCES;06/02/2024;4;09/02/2024;10; 57 233,00 XOF ; 112 337,50 XOF ;Côte d'ivoire;Afrique
1266;3424;Store;4;1552;ESPÈCES;06/02/2024;4;08/02/2024;10; 269 184,30 XOF ; 585 337,50 XOF ;Côte d'ivoire;Afrique
1269;10037;Store;4;485;ESPÈCES;07/02/2024;2;12/02/2024;32; 391 431,15 XOF ; 851 187,15 XOF ;Côte d'ivoire;Afrique
1270;2324;Store;3;1524;ESPÈCES;07/02/2024;4;12/02/2024;18; 201 214,20 XOF ; 394 482,00 XOF ;Côte d'ivoire;Afrique
1271;5190;Store;4;194;ESPÈCES;07/02/2024;2;10/02/2024;10; 26 890,05 XOF ; 81 202,28 XOF ;Côte d'ivoire;Afrique
1272;4899;Store;4;395;ESPÈCES;07/02/2024;2;09/02/2024;10; 233 319,08 XOF ; 457 627,50 XOF ;Côte d'ivoire;Afrique
1274;739;En ligne;4;1611;DÉBIT CARTE;07/02/2024;4;11/02/2024;26; 256 927,69 XOF ; 558 731,25 XOF ;Côte d'ivoire;Afrique
1275;5062;En ligne;4;456;DÉBIT CARTE;07/02/2024;0;08/02/2024;26; 1 372 084,31 XOF ; 2 983 624,88 XOF ;Côte d'ivoire;Afrique
1276;9116;En ligne;4;864;VIREMENT;07/02/2024;2;13/02/2024;20; 234 738,08 XOF ; 460 406,38 XOF ;Côte d'ivoire;Afrique
1277;5224;Store;3;704;DÉBIT CARTE;07/02/2024;2;13/02/2024;12; 88 687,50 XOF ; 173 827,50 XOF ;Côte d'ivoire;Afrique
1278;739;Store;3;127;DÉBIT CARTE;07/02/2024;4;11/02/2024;12; 15 609,00 XOF ; 30 626,75 XOF ;Côte d'ivoire;Afrique
1279;739;En ligne;3;555;DÉBIT CARTE;07/02/2024;4;11/02/2024;12; 1 332 488,30 XOF ; 2 897 716,25 XOF ;Côte d'ivoire;Afrique
1281;739;Store;1;1599;DÉBIT CARTE;07/02/2024;4;11/02/2024;10; 126 101,80 XOF ; 274 245,40 XOF ;Côte d'ivoire;Afrique
1282;5460;En ligne;4;1248;VIREMENT;07/02/2024;4;10/02/2024;10; 212 022,25 XOF ; 461 056,75 XOF ;Côte d'ivoire;Afrique
1283;154;Store;3;122;DÉBIT CARTE;07/02/2024;1;09/02/2024;10; 2 799 332,25 XOF ; 6 087 510,00 XOF ;Côte d'ivoire;Afrique
1284;154;En ligne;3;1199;DÉBIT CARTE;07/02/2024;1;09/02/2024;10; 25 601,13 XOF ; 50 226,69 XOF ;Côte d'ivoire;Afrique
1285;154;Store;1;361;DÉBIT CARTE;07/02/2024;1;09/02/2024;10; 361 372,00 XOF ; 709 027,00 XOF ;Côte d'ivoire;Afrique
1286;7290;Store;4;971;VIREMENT;07/02/2024;1;09/02/2024;10; 1 865 157,25 XOF ; 4 055 975,00 XOF ;Côte d'ivoire;Afrique
1287;9655;Store;3;1010;DÉBIT CARTE;07/02/2024;4;09/02/2024;10; 161 340,30 XOF ; 487 213,65 XOF ;Côte d'ivoire;Afrique
1288;5062;En ligne;4;377;DÉBIT CARTE;07/02/2024;0;08/02/2024;10; 2 224 637,25 XOF ; 4 363 425,00 XOF ;Côte d'ivoire;Afrique
1289;9116;Store;1;313;VIREMENT;07/02/2024;2;13/02/2024;9; 2 605 851,60 XOF ; 5 666 540,00 XOF ;Côte d'ivoire;Afrique
1290;9116;Store;4;1160;VIREMENT;07/02/2024;2;13/02/2024;9; 2 168 232,00 XOF ; 4 254 162,00 XOF ;Côte d'ivoire;Afrique
1291;739;Store;2;281;DÉBIT CARTE;07/02/2024;4;11/02/2024;9; 1 872 068,96 XOF ; 4 070 756,25 XOF ;Côte d'ivoire;Afrique
1292;5460;Store;1;1523;VIREMENT;07/02/2024;4;10/02/2024;9; 19 180,15 XOF ; 37 603,50 XOF ;Côte d'ivoire;Afrique
1293;2113;En ligne;4;479;VIREMENT;07/02/2024;0;08/02/2024;9; 838 037,75 XOF ; 1 643 675,00 XOF ;Côte d'ivoire;Afrique
1294;5062;Store;4;305;DÉBIT CARTE;07/02/2024;0;08/02/2024;9; 628 528,31 XOF ; 1 232 756,25 XOF ;Côte d'ivoire;Afrique
1295;5224;Store;3;1203;DÉBIT CARTE;07/02/2024;2;13/02/2024;8; 3 013 010,00 XOF ; 5 910 135,00 XOF ;Côte d'ivoire;Afrique
1296;9116;Store;4;514;VIREMENT;07/02/2024;2;13/02/2024;6; 1 474 719,40 XOF ; 3 206 940,00 XOF ;Côte d'ivoire;Afrique
1297;9116;Store;3;560;VIREMENT;07/02/2024;2;13/02/2024;6; 1 314 230,50 XOF ; 2 577 850,00 XOF ;Côte d'ivoire;Afrique
1298;9655;En ligne;4;504;DÉBIT CARTE;07/02/2024;4;09/02/2024;6; 376 129,60 XOF ; 737 785,40 XOF ;Côte d'ivoire;Afrique
1299;5460;Store;2;253;VIREMENT;07/02/2024;4;10/02/2024;5; 3 739 668,08 XOF ; 8 132 052,50 XOF ;Côte d'ivoire;Afrique
1301;2113;Store;2;499;VIREMENT;07/02/2024;0;08/02/2024;4; 15 679,95 XOF ; 30 745,00 XOF ;Côte d'ivoire;Afrique
1302;3537;Store;1;1269;ESPÈCES;07/02/2024;0;08/02/2024;20; 1 343 095,33 XOF ; 2 920 775,00 XOF ;Côte d'ivoire;Afrique
1306;3537;Store;1;1467;ESPÈCES;07/02/2024;0;08/02/2024;9; 4 345 924,00 XOF ; 9 450 540,00 XOF ;Côte d'ivoire;Afrique
1307;2324;Store;4;1280;ESPÈCES;08/02/2024;4;13/02/2024;18; 167 607,55 XOF ; 328 735,00 XOF ;Côte d'ivoire;Afrique
1310;10137;En ligne;4;177;VIREMENT;08/02/2024;4;11/02/2024;24; 33 488,40 XOF ; 65 747,00 XOF ;Côte d'ivoire;Afrique
1317;10137;Store;2;1410;VIREMENT;08/02/2024;4;11/02/2024;10; 142 893,30 XOF ; 280 252,50 XOF ;Côte d'ivoire;Afrique
1320;7868;Store;3;333;DÉBIT CARTE;08/02/2024;0;08/02/2024;10; 265 234,75 XOF ; 520 300,00 XOF ;Côte d'ivoire;Afrique
1325;34;En ligne;4;1450;DÉBIT CARTE;08/02/2024;2;12/02/2024;8; 1 881 121,00 XOF ; 3 689 400,00 XOF ;Côte d'ivoire;Afrique
1327;5630;Store;2;761;DÉBIT CARTE;08/02/2024;2;10/02/2024;6; 256 927,69 XOF ; 558 731,25 XOF ;Côte d'ivoire;Afrique
1337;1770;Store;2;1003;ESPÈCES;08/02/2024;4;13/02/2024;4; 3 254 949,50 XOF ; 6 384 317,50 XOF ;Côte d'ivoire;Afrique
1374;11140;Store;3;651;ESPÈCES;10/02/2024;0;11/02/2024;24; 1 215 373,50 XOF ; 2 642 887,50 XOF ;Côte d'ivoire;Afrique
1376;318;En ligne;4;1258;VIREMENT;10/02/2024;0;11/02/2024;24; 622 184,20 XOF ; 1 220 340,00 XOF ;Côte d'ivoire;Afrique
1377;11904;En ligne;3;301;DÉBIT CARTE;10/02/2024;0;10/02/2024;20; 233 354,55 XOF ; 507 292,50 XOF ;Côte d'ivoire;Afrique
1389;11904;Store;3;1656;DÉBIT CARTE;10/02/2024;0;10/02/2024;8; 293 733,00 XOF ; 576 114,00 XOF ;Côte d'ivoire;Afrique
1393;8336;Store;1;949;ESPÈCES;10/02/2024;0;11/02/2024;10; 2 447 065,50 XOF ; 5 321 250,00 XOF ;Côte d'ivoire;Afrique
1407;4992;Store;3;854;VIREMENT;11/02/2024;2;16/02/2024;10; 3 960 783,75 XOF ; 7 769 025,00 XOF ;Côte d'ivoire;Afrique
1409;9712;Store;1;89;DÉBIT CARTE;11/02/2024;2;15/02/2024;10; 973 434,00 XOF ; 2 116 675,00 XOF ;Côte d'ivoire;Afrique
1414;10253;Store;4;556;VIREMENT;11/02/2024;2;17/02/2024;8; 2 318 787,90 XOF ; 5 042 180,00 XOF ;Côte d'ivoire;Afrique
1427;2816;En ligne;4;1376;DÉBIT CARTE;12/02/2024;4;17/02/2024;24; 3 255 327,90 XOF ; 6 385 287,15 XOF ;Côte d'ivoire;Afrique
1428;5907;Store;4;420;VIREMENT;12/02/2024;4;16/02/2024;24; 205 542,15 XOF ; 446 985,00 XOF ;Côte d'ivoire;Afrique
1436;2816;Store;4;1650;DÉBIT CARTE;12/02/2024;4;17/02/2024;12; 293 839,43 XOF ; 886 839,53 XOF ;Côte d'ivoire;Afrique
1439;10965;En ligne;4;1604;VIREMENT;12/02/2024;1;14/02/2024;12; 63 293,31 XOF ; 124 132,94 XOF ;Côte d'ivoire;Afrique
1440;2816;Store;2;336;DÉBIT CARTE;12/02/2024;4;17/02/2024;10; 753 252,50 XOF ; 1 477 533,75 XOF ;Côte d'ivoire;Afrique
1448;5907;Store;4;696;VIREMENT;12/02/2024;4;16/02/2024;9; 2 303 746,50 XOF ; 6 953 100,00 XOF ;Côte d'ivoire;Afrique
1449;5907;En ligne;4;996;VIREMENT;12/02/2024;4;16/02/2024;9; 3 071 567,40 XOF ; 9 270 800,00 XOF ;Côte d'ivoire;Afrique
1450;2460;En ligne;4;1196;DÉBIT CARTE;12/02/2024;1;14/02/2024;8; 391 537,58 XOF ; 768 010,10 XOF ;Côte d'ivoire;Afrique
1454;3197;Store;1;1413;ESPÈCES;12/02/2024;1;14/02/2024;12; 25 281,85 XOF ; 49 570,40 XOF ;Côte d'ivoire;Afrique
1456;3127;Store;3;1321;ESPÈCES;13/02/2024;4;15/02/2024;26; 822 168,60 XOF ; 1 787 940,00 XOF ;Côte d'ivoire;Afrique
1469;431;Store;3;1655;VIREMENT;13/02/2024;4;18/02/2024;9; 44 107,25 XOF ; 95 900,75 XOF ;Côte d'ivoire;Afrique
1486;2393;Store;2;1266;ESPÈCES;13/02/2024;4;19/02/2024;5; 838 037,75 XOF ; 1 643 675,00 XOF ;Côte d'ivoire;Afrique
1487;10934;Store;1;895;ESPÈCES;13/02/2024;1;15/02/2024;5; 2 892 950,78 XOF ; 8 731 580,00 XOF ;Côte d'ivoire;Afrique
1494;3681;En ligne;4;1592;VIREMENT;14/02/2024;4;16/02/2024;39; 716 169,30 XOF ; 1 404 810,00 XOF ;Côte d'ivoire;Afrique
1495;5780;Store;1;471;DÉBIT CARTE;14/02/2024;2;17/02/2024;26; 1 386 895,13 XOF ; 4 186 050,00 XOF ;Côte d'ivoire;Afrique
1497;4152;Store;3;1256;VIREMENT;14/02/2024;1;16/02/2024;20; 4 692 065,40 XOF ; 14 161 620,00 XOF ;Côte d'ivoire;Afrique
1498;1962;En ligne;3;1257;VIREMENT;14/02/2024;1;16/02/2024;18; 907 024,80 XOF ; 1 972 410,00 XOF ;Côte d'ivoire;Afrique
1501;11623;Store;2;991;DÉBIT CARTE;14/02/2024;2;18/02/2024;12; 12 558,15 XOF ; 24 655,13 XOF ;Côte d'ivoire;Afrique
1502;11623;En ligne;4;390;DÉBIT CARTE;14/02/2024;2;18/02/2024;12; 60 189,25 XOF ; 118 131,75 XOF ;Côte d'ivoire;Afrique
1505;3681;Store;4;1365;VIREMENT;14/02/2024;4;16/02/2024;12; 4 496 101,50 XOF ; 9 776 910,00 XOF ;Côte d'ivoire;Afrique
1506;3681;Store;3;304;VIREMENT;14/02/2024;4;16/02/2024;12; 1 500 876,30 XOF ; 3 263 700,00 XOF ;Côte d'ivoire;Afrique
1510;1962;En ligne;4;186;VIREMENT;14/02/2024;1;16/02/2024;10; 737 880,00 XOF ; 1 447 380,00 XOF ;Côte d'ivoire;Afrique
1516;11623;Store;3;117;DÉBIT CARTE;14/02/2024;2;18/02/2024;4; 2 177 360,90 XOF ; 4 734 730,00 XOF ;Côte d'ivoire;Afrique
1517;5780;En ligne;4;1639;DÉBIT CARTE;14/02/2024;2;17/02/2024;4; 1 827 104,40 XOF ; 3 973 058,10 XOF ;Côte d'ivoire;Afrique
1518;3681;Store;1;1262;VIREMENT;14/02/2024;4;16/02/2024;4; 3 609 936,00 XOF ; 7 080 810,00 XOF ;Côte d'ivoire;Afrique
1519;8166;Store;1;1566;ESPÈCES;14/02/2024;4;17/02/2024;13; 2 079 012,38 XOF ; 4 077 851,25 XOF ;Côte d'ivoire;Afrique
1520;8166;Store;2;446;ESPÈCES;14/02/2024;4;17/02/2024;12; 308 313,23 XOF ; 670 477,50 XOF ;Côte d'ivoire;Afrique
1521;10334;Store;4;702;ESPÈCES;14/02/2024;4;16/02/2024;4; 3 164 086,20 XOF ; 9 549 870,00 XOF ;Côte d'ivoire;Afrique
1525;3514;Store;4;1099;ESPÈCES;15/02/2024;4;19/02/2024;12; 1 406 796,60 XOF ; 4 246 073,70 XOF ;Côte d'ivoire;Afrique
1526;11522;Store;3;279;DÉBIT CARTE;15/02/2024;0;15/02/2024;24; 1 085 960,70 XOF ; 3 277 890,00 XOF ;Côte d'ivoire;Afrique
1527;3694;Store;4;184;DÉBIT CARTE;15/02/2024;4;18/02/2024;20; 1 233 252,90 XOF ; 2 681 910,00 XOF ;Côte d'ivoire;Afrique
1530;8629;Store;1;1606;VIREMENT;15/02/2024;4;18/02/2024;12; 2 205 551,70 XOF ; 4 796 220,00 XOF ;Côte d'ivoire;Afrique
1531;3694;En ligne;4;333;DÉBIT CARTE;15/02/2024;4;18/02/2024;10; 288 624,60 XOF ; 566 181,00 XOF ;Côte d'ivoire;Afrique
1538;11522;Store;3;1252;DÉBIT CARTE;15/02/2024;0;15/02/2024;5; 2 358 378,00 XOF ; 4 625 940,00 XOF ;Côte d'ivoire;Afrique
1539;3694;Store;2;1613;DÉBIT CARTE;15/02/2024;4;18/02/2024;4; 2 169 651,00 XOF ; 4 255 581,00 XOF ;Côte d'ivoire;Afrique
1540;6167;Store;2;706;ESPÈCES;15/02/2024;0;15/02/2024;18; 1 102 846,80 XOF ; 2 398 110,00 XOF ;Côte d'ivoire;Afrique
1541;6167;Store;4;667;ESPÈCES;15/02/2024;0;15/02/2024;13; 716 169,30 XOF ; 1 404 810,00 XOF ;Côte d'ivoire;Afrique
1607;11648;Store;1;924;ESPÈCES;17/02/2024;4;19/02/2024;12; 102 593,70 XOF ; 201 356,10 XOF ;Côte d'ivoire;Afrique
1608;4998;Store;1;668;ESPÈCES;17/02/2024;2;22/02/2024;10; 2 050 738,80 XOF ; 6 189 678,00 XOF ;Côte d'ivoire;Afrique
1609;2728;Store;4;1626;ESPÈCES;17/02/2024;4;22/02/2024;10; 2 669 564,70 XOF ; 5 236 110,00 XOF ;Côte d'ivoire;Afrique
1613;935;Store;4;1390;ESPÈCES;18/02/2024;2;22/02/2024;26; 1 005 645,30 XOF ; 1 972 410,00 XOF ;Côte d'ivoire;Afrique
1625;4807;Store;4;552;DÉBIT CARTE;18/02/2024;4;21/02/2024;9; 3 060 499,20 XOF ; 6 655 110,00 XOF ;Côte d'ivoire;Afrique
1628;1762;Store;3;1031;DÉBIT CARTE;18/02/2024;2;21/02/2024;9; 115 790,40 XOF ; 227 040,00 XOF ;Côte d'ivoire;Afrique
1631;7476;Store;3;1152;ESPÈCES;18/02/2024;4;24/02/2024;20; 571 573,20 XOF ; 1 121 010,00 XOF ;Côte d'ivoire;Afrique
1636;7476;Store;3;1392;ESPÈCES;18/02/2024;4;24/02/2024;10; 1 873 789,50 XOF ; 3 675 210,00 XOF ;Côte d'ivoire;Afrique
1666;3233;Store;4;778;ESPÈCES;20/02/2024;2;25/02/2024;8; 4 142 699,55 XOF ; 8 125 655,18 XOF ;Côte d'ivoire;Afrique
1676;2257;Store;2;283;DÉBIT CARTE;20/02/2024;4;22/02/2024;10; 143 348,56 XOF ; 311 677,44 XOF ;Côte d'ivoire;Afrique
1679;3233;Store;4;1033;ESPÈCES;20/02/2024;2;25/02/2024;13; 19 570,38 XOF ; 38 401,69 XOF ;Côte d'ivoire;Afrique
1737;846;Store;2;927;DÉBIT CARTE;22/02/2024;0;23/02/2024;20; 1 636 816,50 XOF ; 3 559 325,00 XOF ;Côte d'ivoire;Afrique
1738;10263;En ligne;4;1144;VIREMENT;22/02/2024;4;26/02/2024;16; 80 776,58 XOF ; 175 601,25 XOF ;Côte d'ivoire;Afrique
1739;11055;Store;4;1026;VIREMENT;22/02/2024;2;24/02/2024;16; 1 567 533,83 XOF ; 3 074 500,00 XOF ;Côte d'ivoire;Afrique
1741;11262;Store;4;1507;DÉBIT CARTE;22/02/2024;2;26/02/2024;13; 50 959,84 XOF ; 99 921,25 XOF ;Côte d'ivoire;Afrique
1743;6813;Store;2;260;VIREMENT;22/02/2024;0;23/02/2024;13; 3 372 076,13 XOF ; 7 332 682,50 XOF ;Côte d'ivoire;Afrique
1744;10263;Store;4;1211;VIREMENT;22/02/2024;4;26/02/2024;12; 2 386 899,90 XOF ; 4 681 635,75 XOF ;Côte d'ivoire;Afrique
1746;11262;En ligne;4;1611;DÉBIT CARTE;22/02/2024;2;26/02/2024;12; 48 151,40 XOF ; 94 505,40 XOF ;Côte d'ivoire;Afrique
1747;7163;Store;2;1140;DÉBIT CARTE;22/02/2024;2;25/02/2024;12; 6 079 516,30 XOF ; 13 220 350,00 XOF ;Côte d'ivoire;Afrique
1748;2022;Store;4;1564;DÉBIT CARTE;22/02/2024;0;23/02/2024;12; 1 476 989,80 XOF ; 4 457 871,28 XOF ;Côte d'ivoire;Afrique
1750;11262;Store;4;689;DÉBIT CARTE;22/02/2024;2;26/02/2024;10; 156 563,00 XOF ; 340 465,40 XOF ;Côte d'ivoire;Afrique
1752;11055;Store;1;991;VIREMENT;22/02/2024;2;24/02/2024;10; 68 005,58 XOF ; 147 824,33 XOF ;Côte d'ivoire;Afrique
1753;10263;En ligne;4;1612;VIREMENT;22/02/2024;4;26/02/2024;9; 662 093,58 XOF ; 1 998 348,14 XOF ;Côte d'ivoire;Afrique
1759;7163;Store;2;879;DÉBIT CARTE;22/02/2024;2;25/02/2024;5; 5 383 508,63 XOF ; 11 706 643,58 XOF ;Côte d'ivoire;Afrique
1760;7163;Store;1;1289;DÉBIT CARTE;22/02/2024;2;25/02/2024;5; 2 495 879,10 XOF ; 4 895 550,00 XOF ;Côte d'ivoire;Afrique
1761;846;Store;3;882;DÉBIT CARTE;22/02/2024;0;23/02/2024;5; 2 177 810,25 XOF ; 4 735 912,50 XOF ;Côte d'ivoire;Afrique
1763;7819;Store;4;683;ESPÈCES;22/02/2024;4;28/02/2024;18; 1 060 241,33 XOF ; 2 305 644,41 XOF ;Côte d'ivoire;Afrique
1764;4601;Store;3;1011;ESPÈCES;22/02/2024;0;23/02/2024;12; 561 167,20 XOF ; 1 220 340,00 XOF ;Côte d'ivoire;Afrique
1765;7819;Store;2;785;ESPÈCES;22/02/2024;4;28/02/2024;10; 54 063,90 XOF ; 106 070,25 XOF ;Côte d'ivoire;Afrique
1766;7819;Store;1;591;ESPÈCES;22/02/2024;4;28/02/2024;9; 1 370 328,30 XOF ; 2 979 900,00 XOF ;Côte d'ivoire;Afrique
1769;6378;Store;4;1152;ESPÈCES;23/02/2024;4;27/02/2024;9; 194 432,56 XOF ; 381 356,25 XOF ;Côte d'ivoire;Afrique
1770;12329;En ligne;4;419;DÉBIT CARTE;23/02/2024;2;29/02/2024;36; 963 678,38 XOF ; 2 095 508,25 XOF ;Côte d'ivoire;Afrique
1771;12329;Store;3;1579;DÉBIT CARTE;23/02/2024;2;29/02/2024;20; 3 746 751,25 XOF ; 8 147 425,00 XOF ;Côte d'ivoire;Afrique
1772;12329;En ligne;4;845;DÉBIT CARTE;23/02/2024;2;29/02/2024;18; 6 105 336,19 XOF ; 13 276 518,75 XOF ;Côte d'ivoire;Afrique
1773;12329;Store;4;171;DÉBIT CARTE;23/02/2024;2;29/02/2024;12; 137 814,46 XOF ; 299 686,89 XOF ;Côte d'ivoire;Afrique
1774;8705;Store;3;580;DÉBIT CARTE;23/02/2024;4;29/02/2024;12; 2 087 916,60 XOF ; 4 540 516,20 XOF ;Côte d'ivoire;Afrique
1775;8705;En ligne;4;300;DÉBIT CARTE;23/02/2024;4;29/02/2024;12; 325 447,65 XOF ; 638 443,58 XOF ;Côte d'ivoire;Afrique
1777;8705;Store;3;1656;DÉBIT CARTE;23/02/2024;4;29/02/2024;10; 3 420 925,20 XOF ; 7 439 107,50 XOF ;Côte d'ivoire;Afrique
1781;11282;En ligne;4;3;DÉBIT CARTE;23/02/2024;4;27/02/2024;8; 583 155,79 XOF ; 1 760 151,25 XOF ;Côte d'ivoire;Afrique
1782;8705;Store;1;1046;DÉBIT CARTE;23/02/2024;4;29/02/2024;6; 971 660,25 XOF ; 2 932 600,00 XOF ;Côte d'ivoire;Afrique
1798;463;En ligne;4;1130;DÉBIT CARTE;24/02/2024;4;26/02/2024;72; 1 488 767,50 XOF ; 4 493 500,00 XOF ;Côte d'ivoire;Afrique
1803;3868;En ligne;4;1349;DÉBIT CARTE;24/02/2024;4;01/03/2024;12; 491 328,75 XOF ; 963 737,50 XOF ;Côte d'ivoire;Afrique
1809;11963;Store;2;384;VIREMENT;24/02/2024;4;27/02/2024;10; 107 962,25 XOF ; 211 667,50 XOF ;Côte d'ivoire;Afrique
1814;463;Store;2;790;DÉBIT CARTE;24/02/2024;4;26/02/2024;5; 807 552,90 XOF ; 1 756 012,50 XOF ;Côte d'ivoire;Afrique
1820;5222;Store;2;794;ESPÈCES;24/02/2024;1;26/02/2024;18; 352 621,50 XOF ; 1 064 250,00 XOF ;Côte d'ivoire;Afrique
1821;9987;Store;2;1452;ESPÈCES;24/02/2024;4;01/03/2024;12; 122 980,00 XOF ; 241 230,00 XOF ;Côte d'ivoire;Afrique
1824;7003;Store;2;736;ESPÈCES;24/02/2024;4;29/02/2024;9; 2 185 969,50 XOF ; 4 753 650,00 XOF ;Côte d'ivoire;Afrique
1828;5964;Store;4;457;DÉBIT CARTE;25/02/2024;0;25/02/2024;24; 293 733,00 XOF ; 576 114,00 XOF ;Côte d'ivoire;Afrique
1832;9382;Store;1;307;DÉBIT CARTE;25/02/2024;4;02/03/2024;12; 420 591,60 XOF ; 914 663,75 XOF ;Côte d'ivoire;Afrique
1833;10653;Store;2;670;DÉBIT CARTE;25/02/2024;2;01/03/2024;12; 24 406,80 XOF ; 47 891,25 XOF ;Côte d'ivoire;Afrique
1834;10928;En ligne;4;528;DÉBIT CARTE;25/02/2024;2;29/02/2024;12; 1 946 868,00 XOF ; 4 233 350,00 XOF ;Côte d'ivoire;Afrique
1837;9382;Store;1;682;DÉBIT CARTE;25/02/2024;4;02/03/2024;10; 244 777,50 XOF ; 480 095,00 XOF ;Côte d'ivoire;Afrique
1840;10653;Store;1;263;DÉBIT CARTE;25/02/2024;2;01/03/2024;10; 2 470 668,20 XOF ; 5 372 688,75 XOF ;Côte d'ivoire;Afrique
1842;5964;Store;3;1637;DÉBIT CARTE;25/02/2024;0;25/02/2024;10; 130 075,00 XOF ; 255 065,25 XOF ;Côte d'ivoire;Afrique
1843;10928;Store;3;296;DÉBIT CARTE;25/02/2024;2;29/02/2024;9; 4 250 508,08 XOF ; 9 243 011,25 XOF ;Côte d'ivoire;Afrique
1844;10653;En ligne;3;511;DÉBIT CARTE;25/02/2024;2;01/03/2024;6; 247 420,39 XOF ; 537 960,64 XOF ;Côte d'ivoire;Afrique
1845;6518;Store;3;417;ESPÈCES;25/02/2024;4;29/02/2024;13; 2 049 982,00 XOF ; 4 458 025,00 XOF ;Côte d'ivoire;Afrique
1846;967;Store;4;1147;ESPÈCES;25/02/2024;0;25/02/2024;10; 1 247 490,20 XOF ; 3 765 080,00 XOF ;Côte d'ivoire;Afrique
1849;8458;En ligne;4;142;VIREMENT;26/02/2024;1;28/02/2024;20; 2 071 290,65 XOF ; 4 504 142,50 XOF ;Côte d'ivoire;Afrique
1850;2733;Store;3;373;VIREMENT;26/02/2024;1;28/02/2024;20; 470 162,00 XOF ; 922 231,75 XOF ;Côte d'ivoire;Afrique
1851;7448;Store;4;1256;VIREMENT;26/02/2024;4;29/02/2024;18; 2 799 828,90 XOF ; 5 491 530,00 XOF ;Côte d'ivoire;Afrique
1855;2733;En ligne;3;687;VIREMENT;26/02/2024;1;28/02/2024;13; 251 411,33 XOF ; 493 102,50 XOF ;Côte d'ivoire;Afrique
1860;7373;Store;1;1089;VIREMENT;26/02/2024;1;28/02/2024;10; 198 943,80 XOF ; 390 189,53 XOF ;Côte d'ivoire;Afrique
1863;7448;En ligne;4;783;VIREMENT;26/02/2024;4;29/02/2024;5; 202 207,50 XOF ; 396 137,50 XOF ;Côte d'ivoire;Afrique
1868;11654;Store;4;906;ESPÈCES;27/02/2024;4;01/03/2024;60; 508 214,85 XOF ; 996 847,50 XOF ;Côte d'ivoire;Afrique
1877;1327;En ligne;4;274;VIREMENT;27/02/2024;4;02/03/2024;12; 1 507 403,70 XOF ; 3 277 890,00 XOF ;Côte d'ivoire;Afrique
1880;4952;En ligne;4;878;DÉBIT CARTE;27/02/2024;2;02/03/2024;10; 48 151,40 XOF ; 94 505,40 XOF ;Côte d'ivoire;Afrique
1887;11654;Store;3;1449;ESPÈCES;27/02/2024;4;01/03/2024;18; 336 397,60 XOF ; 659 835,00 XOF ;Côte d'ivoire;Afrique
1888;6557;Store;1;454;ESPÈCES;27/02/2024;4;29/02/2024;15; 81 923,60 XOF ; 160 725,40 XOF ;Côte d'ivoire;Afrique
1892;6557;Store;3;865;ESPÈCES;27/02/2024;4;29/02/2024;10; 1 265 387,34 XOF ; 2 751 677,50 XOF ;Côte d'ivoire;Afrique
1893;3065;Store;2;1532;ESPÈCES;27/02/2024;4;01/03/2024;9; 149 201,94 XOF ; 292 668,75 XOF ;Côte d'ivoire;Afrique
1895;11654;Store;3;771;ESPÈCES;27/02/2024;4;01/03/2024;6; 1 311 581,70 XOF ; 2 852 190,00 XOF ;Côte d'ivoire;Afrique
1929;11429;Store;4;505;ESPÈCES;29/02/2024;1;02/03/2024;18; 151 714,75 XOF ; 329 917,50 XOF ;Côte d'ivoire;Afrique
1931;5168;Store;4;1621;ESPÈCES;29/02/2024;1;02/03/2024;6; 4 844 873,96 XOF ; 10 535 542,88 XOF ;Côte d'ivoire;Afrique
1932;7744;En ligne;4;1229;VIREMENT;29/02/2024;4;04/03/2024;26; 1 634 581,58 XOF ; 3 554 595,00 XOF ;Côte d'ivoire;Afrique
1933;5805;En ligne;4;163;DÉBIT CARTE;29/02/2024;4;02/03/2024;26; 3 420 925,20 XOF ; 7 439 107,50 XOF ;Côte d'ivoire;Afrique
1934;5805;Store;1;358;DÉBIT CARTE;29/02/2024;4;02/03/2024;26; 1 322 277,41 XOF ; 3 990 777,86 XOF ;Côte d'ivoire;Afrique
1935;6188;Store;2;584;DÉBIT CARTE;29/02/2024;4;05/03/2024;24; 1 371 605,40 XOF ; 4 139 932,50 XOF ;Côte d'ivoire;Afrique
1938;6010;En ligne;4;783;DÉBIT CARTE;29/02/2024;2;06/03/2024;13; 1 849 879,35 XOF ; 4 022 865,00 XOF ;Côte d'ivoire;Afrique
1939;5603;Store;3;563;VIREMENT;29/02/2024;4;05/03/2024;13; 5 775 684,75 XOF ; 17 432 415,00 XOF ;Côte d'ivoire;Afrique
1940;7744;Store;1;1395;VIREMENT;29/02/2024;4;04/03/2024;13; 1 965 315,00 XOF ; 3 854 950,00 XOF ;Côte d'ivoire;Afrique
1941;1204;En ligne;4;168;VIREMENT;29/02/2024;4;03/03/2024;13; 1 274 640,40 XOF ; 2 771 780,00 XOF ;Côte d'ivoire;Afrique
1942;386;Store;2;37;DÉBIT CARTE;29/02/2024;4;02/03/2024;12; 3 443 061,60 XOF ; 7 486 998,75 XOF ;Côte d'ivoire;Afrique
1943;386;Store;1;129;DÉBIT CARTE;29/02/2024;4;02/03/2024;12; 3 336 955,88 XOF ; 6 545 137,50 XOF ;Côte d'ivoire;Afrique
1945;7744;En ligne;4;744;VIREMENT;29/02/2024;4;04/03/2024;10; 122 980,00 XOF ; 241 230,00 XOF ;Côte d'ivoire;Afrique
1947;386;Store;2;294;DÉBIT CARTE;29/02/2024;4;02/03/2024;10; 717 824,80 XOF ; 1 560 900,00 XOF ;Côte d'ivoire;Afrique
1949;6010;Store;2;985;DÉBIT CARTE;29/02/2024;2;06/03/2024;9; 3 254 240,00 XOF ; 6 383 135,00 XOF ;Côte d'ivoire;Afrique
1950;7744;En ligne;4;1632;VIREMENT;29/02/2024;4;04/03/2024;9; 318 920,25 XOF ; 625 542,50 XOF ;Côte d'ivoire;Afrique
1951;6188;Store;2;266;DÉBIT CARTE;29/02/2024;4;05/03/2024;6; 652 101,45 XOF ; 1 418 113,13 XOF ;Côte d'ivoire;Afrique
1954;5168;Store;3;2515;ESPÈCES;29/02/2024;1;02/03/2024;320; 947 253,45 XOF ; 2 059 915,00 XOF ;Côte d'ivoire;Afrique
1957;5168;Store;4;768;ESPÈCES;29/02/2024;1;02/03/2024;20; 859 204,50 XOF ; 1 868 350,00 XOF ;Côte d'ivoire;Afrique
1959;11429;Store;4;991;ESPÈCES;29/02/2024;1;02/03/2024;10; 3 315 540,80 XOF ; 7 209 702,50 XOF ;Côte d'ivoire;Afrique
1960;11429;Store;2;346;ESPÈCES;29/02/2024;1;02/03/2024;10; 164 278,81 XOF ; 322 231,25 XOF ;Côte d'ivoire;Afrique
1961;11429;Store;1;1229;ESPÈCES;29/02/2024;1;02/03/2024;10; 3 801 028,00 XOF ; 8 265 675,00 XOF ;Côte d'ivoire;Afrique
1085;6424;Store;3;1640;ESPÈCES;01/02/2024;4;05/02/2024;60; 557 714,30 XOF ; 1 683 288,75 XOF ;Etats-Unis;Amérique
1087;11967;Store;4;277;ESPÈCES;01/02/2024;4;03/02/2024;24; 1 198 209,51 XOF ; 2 605 638,75 XOF ;Etats-Unis;Amérique
1088;11967;Store;4;329;ESPÈCES;01/02/2024;4;03/02/2024;12; 2 120 790,10 XOF ; 4 611 750,00 XOF ;Etats-Unis;Amérique
1089;11633;Store;4;719;ESPÈCES;01/02/2024;4;07/02/2024;10; 1 410 350,01 XOF ; 3 066 813,75 XOF ;Etats-Unis;Amérique
1090;11967;Store;4;1172;ESPÈCES;01/02/2024;4;03/02/2024;9; 509 290,93 XOF ; 1 537 250,00 XOF ;Etats-Unis;Amérique
1091;6424;Store;4;902;ESPÈCES;01/02/2024;4;05/02/2024;6; 330 816,20 XOF ; 998 443,88 XOF ;Etats-Unis;Amérique
1093;579;Store;3;994;DÉBIT CARTE;01/02/2024;2;06/02/2024;24; 1 057 628,00 XOF ; 2 074 518,88 XOF ;Etats-Unis;Amérique
1094;5229;En ligne;4;1525;DÉBIT CARTE;01/02/2024;4;04/02/2024;24; 105 685,94 XOF ; 229 818,88 XOF ;Etats-Unis;Amérique
1095;5646;Store;3;1247;VIREMENT;01/02/2024;2;03/02/2024;20; 597 375,35 XOF ; 1 298 976,25 XOF ;Etats-Unis;Amérique
1096;5229;Store;4;1281;DÉBIT CARTE;01/02/2024;4;04/02/2024;18; 2 329 318,06 XOF ; 5 065 238,75 XOF ;Etats-Unis;Amérique
1099;5229;Store;3;1198;DÉBIT CARTE;01/02/2024;4;04/02/2024;9; 3 531 063,25 XOF ; 7 678 563,75 XOF ;Etats-Unis;Amérique
1100;5485;Store;4;1583;VIREMENT;01/02/2024;4;04/02/2024;8; 82 166,01 XOF ; 161 103,80 XOF ;Etats-Unis;Amérique
1101;5485;Store;4;820;VIREMENT;01/02/2024;4;04/02/2024;6; 50 729,25 XOF ; 99 536,94 XOF ;Etats-Unis;Amérique
1106;8061;Store;4;618;ESPÈCES;01/02/2024;2;06/02/2024;10; 1 210 891,83 XOF ; 2 375 051,25 XOF ;Etats-Unis;Amérique
1108;6424;Store;2;557;ESPÈCES;01/02/2024;4;05/02/2024;9; 986 145,88 XOF ; 2 144 463,75 XOF ;Etats-Unis;Amérique
1112;437;Store;1;673;ESPÈCES;01/02/2024;2;07/02/2024;4; 127 207,44 XOF ; 276 628,14 XOF ;Etats-Unis;Amérique
1142;10744;Store;3;473;ESPÈCES;03/02/2024;4;05/02/2024;5; 537 126,98 XOF ; 1 053 607,50 XOF ;Etats-Unis;Amérique
1149;4170;Store;4;1041;DÉBIT CARTE;03/02/2024;4;05/02/2024;13; 1 311 581,70 XOF ; 2 852 190,00 XOF ;Etats-Unis;Amérique
1156;4170;En ligne;3;1488;DÉBIT CARTE;03/02/2024;4;05/02/2024;10; 227 855,93 XOF ; 446 878,58 XOF ;Etats-Unis;Amérique
1159;9174;Store;3;321;DÉBIT CARTE;03/02/2024;4;06/02/2024;9; 1 228 463,78 XOF ; 2 671 267,50 XOF ;Etats-Unis;Amérique
1165;5192;En ligne;3;1648;VIREMENT;03/02/2024;2;09/02/2024;4; 1 605 314,70 XOF ; 3 490 740,00 XOF ;Etats-Unis;Amérique
1168;5242;Store;1;1520;ESPÈCES;03/02/2024;1;05/02/2024;12; 1 917 991,35 XOF ; 4 170 795,75 XOF ;Etats-Unis;Amérique
1242;2113;En ligne;4;1389;VIREMENT;06/02/2024;0;07/02/2024;20; 2 350 455,25 XOF ; 4 610 212,75 XOF ;Etats-Unis;Amérique
1243;5533;Store;4;415;VIREMENT;06/02/2024;4;08/02/2024;18; 2 104 377,00 XOF ; 4 576 275,00 XOF ;Etats-Unis;Amérique
1245;2979;Store;2;950;DÉBIT CARTE;06/02/2024;4;10/02/2024;13; 2 055 492,45 XOF ; 4 469 850,00 XOF ;Etats-Unis;Amérique
1246;10681;Store;3;469;DÉBIT CARTE;06/02/2024;1;08/02/2024;13; 5 414 904,00 XOF ; 10 621 215,00 XOF ;Etats-Unis;Amérique
1247;10681;En ligne;4;683;DÉBIT CARTE;06/02/2024;1;08/02/2024;12; 2 786 348,40 XOF ; 8 409 940,00 XOF ;Etats-Unis;Amérique
1248;10681;Store;3;1637;DÉBIT CARTE;06/02/2024;1;08/02/2024;12; 39 838,43 XOF ; 120 260,25 XOF ;Etats-Unis;Amérique
1249;7568;Store;3;564;DÉBIT CARTE;06/02/2024;2;11/02/2024;10; 1 526 773,05 XOF ; 4 608 202,50 XOF ;Etats-Unis;Amérique
1250;2979;Store;4;954;DÉBIT CARTE;06/02/2024;4;10/02/2024;10; 11 688 941,55 XOF ; 35 279 887,50 XOF ;Etats-Unis;Amérique
1251;1371;Store;1;797;DÉBIT CARTE;06/02/2024;4;09/02/2024;10; 2 485 023,75 XOF ; 4 874 265,00 XOF ;Etats-Unis;Amérique
1252;5533;Store;2;1452;VIREMENT;06/02/2024;4;08/02/2024;10; 432 936,90 XOF ; 849 271,50 XOF ;Etats-Unis;Amérique
1253;5533;En ligne;4;921;VIREMENT;06/02/2024;4;08/02/2024;10; 1 410 344,10 XOF ; 4 257 000,00 XOF ;Etats-Unis;Amérique
1255;7423;Store;4;392;VIREMENT;06/02/2024;2;10/02/2024;9; 271 206,38 XOF ; 531 947,63 XOF ;Etats-Unis;Amérique
1257;7423;Store;4;262;VIREMENT;06/02/2024;2;10/02/2024;8; 209 509,44 XOF ; 410 918,75 XOF ;Etats-Unis;Amérique
1259;2113;Store;4;438;VIREMENT;06/02/2024;0;07/02/2024;6; 360 520,60 XOF ; 707 135,00 XOF ;Etats-Unis;Amérique
1260;3848;Store;2;1282;DÉBIT CARTE;06/02/2024;4;12/02/2024;5; 212 796,79 XOF ; 462 789,11 XOF ;Etats-Unis;Amérique
1262;2979;Store;4;644;DÉBIT CARTE;06/02/2024;4;10/02/2024;4; 3 790 503,75 XOF ; 11 440 687,50 XOF ;Etats-Unis;Amérique
1267;4806;Store;4;551;ESPÈCES;06/02/2024;4;09/02/2024;9; 1 444 542,00 XOF ; 2 835 162,00 XOF ;Etats-Unis;Amérique
1268;4806;Store;2;473;ESPÈCES;06/02/2024;4;09/02/2024;6; 1 413 501,38 XOF ; 3 073 731,38 XOF ;Etats-Unis;Amérique
1273;3537;Store;3;843;ESPÈCES;07/02/2024;0;08/02/2024;8; 163 941,80 XOF ; 321 545,40 XOF ;Etats-Unis;Amérique
1280;154;En ligne;3;256;DÉBIT CARTE;07/02/2024;1;09/02/2024;12; 3 254 240,00 XOF ; 6 383 135,00 XOF ;Etats-Unis;Amérique
1355;10647;Store;4;1657;DÉBIT CARTE;09/02/2024;4;11/02/2024;8; 42 215,25 XOF ; 82 775,00 XOF ;Etats-Unis;Amérique
1358;10647;Store;2;488;DÉBIT CARTE;09/02/2024;4;11/02/2024;4; 432 546,68 XOF ; 1 305 480,00 XOF ;Etats-Unis;Amérique
1366;10237;Store;2;1101;ESPÈCES;09/02/2024;4;14/02/2024;10; 19 180,15 XOF ; 37 603,50 XOF ;Etats-Unis;Amérique
1367;10172;Store;3;952;ESPÈCES;09/02/2024;4;15/02/2024;9; 1 833 489,90 XOF ; 5 533 887,15 XOF ;Etats-Unis;Amérique
1401;4992;En ligne;4;180;VIREMENT;11/02/2024;2;16/02/2024;20; 179 272,91 XOF ; 541 171,13 XOF ;Etats-Unis;Amérique
1402;9712;En ligne;4;434;DÉBIT CARTE;11/02/2024;2;15/02/2024;16; 2 177 360,90 XOF ; 4 734 730,00 XOF ;Etats-Unis;Amérique
1406;12300;Store;3;69;VIREMENT;11/02/2024;2;14/02/2024;12; 2 261 105,55 XOF ; 4 916 835,00 XOF ;Etats-Unis;Amérique
1410;1052;Store;2;1432;DÉBIT CARTE;11/02/2024;2;13/02/2024;10; 156 090,00 XOF ; 306 267,50 XOF ;Etats-Unis;Amérique
1411;1052;Store;1;1034;DÉBIT CARTE;11/02/2024;2;13/02/2024;10; 94 008,75 XOF ; 184 470,00 XOF ;Etats-Unis;Amérique
1413;9712;Store;1;600;DÉBIT CARTE;11/02/2024;2;15/02/2024;9; 19 599,94 XOF ; 38 431,25 XOF ;Etats-Unis;Amérique
1415;9712;En ligne;4;235;DÉBIT CARTE;11/02/2024;2;15/02/2024;8; 46 472,25 XOF ; 91 135,28 XOF ;Etats-Unis;Amérique
1417;10253;Store;1;194;VIREMENT;11/02/2024;2;17/02/2024;4; 856 603,00 XOF ; 1 862 674,00 XOF ;Etats-Unis;Amérique
1421;4972;Store;3;388;ESPÈCES;11/02/2024;4;14/02/2024;9; 132 629,20 XOF ; 260 126,35 XOF ;Etats-Unis;Amérique
1490;6474;Store;3;1304;ESPÈCES;14/02/2024;4;20/02/2024;18; 622 184,20 XOF ; 1 220 340,00 XOF ;Etats-Unis;Amérique
1491;6474;Store;4;1171;ESPÈCES;14/02/2024;4;20/02/2024;13; 184 706,50 XOF ; 401 813,50 XOF ;Etats-Unis;Amérique
1492;6474;Store;4;1567;ESPÈCES;14/02/2024;4;20/02/2024;10; 60 236,55 XOF ; 118 155,40 XOF ;Etats-Unis;Amérique
1493;8166;Store;4;1572;ESPÈCES;14/02/2024;4;17/02/2024;10; 6 982 189,50 XOF ; 15 183 300,00 XOF ;Etats-Unis;Amérique
1499;9342;Store;1;1173;DÉBIT CARTE;14/02/2024;2;19/02/2024;13; 855 325,90 XOF ; 1 860 072,50 XOF ;Etats-Unis;Amérique
1500;4152;Store;3;1352;VIREMENT;14/02/2024;1;16/02/2024;13; 982 657,50 XOF ; 2 965 710,00 XOF ;Etats-Unis;Amérique
1503;4152;Store;4;1367;VIREMENT;14/02/2024;1;16/02/2024;12; 1 406 796,60 XOF ; 4 246 073,70 XOF ;Etats-Unis;Amérique
1504;4152;En ligne;3;1321;VIREMENT;14/02/2024;1;16/02/2024;12; 1 670 588,70 XOF ; 3 632 640,00 XOF ;Etats-Unis;Amérique
1507;6023;Store;1;1244;DÉBIT CARTE;14/02/2024;1;16/02/2024;12; 1 193 662,80 XOF ; 2 341 350,00 XOF ;Etats-Unis;Amérique
1511;12278;Store;1;1007;DÉBIT CARTE;14/02/2024;0;14/02/2024;10; 1 304 770,50 XOF ; 2 837 290,50 XOF ;Etats-Unis;Amérique
1512;5780;Store;3;990;DÉBIT CARTE;14/02/2024;2;17/02/2024;9; 2 050 738,80 XOF ; 6 189 678,00 XOF ;Etats-Unis;Amérique
1515;6481;Store;3;673;VIREMENT;14/02/2024;2;20/02/2024;4; 1 413 193,93 XOF ; 3 072 962,75 XOF ;Etats-Unis;Amérique
1614;7476;Store;4;1020;ESPÈCES;18/02/2024;4;24/02/2024;20; 1 304 770,50 XOF ; 2 837 290,50 XOF ;Etats-Unis;Amérique
1615;4044;Store;4;1576;ESPÈCES;18/02/2024;1;20/02/2024;12; 1 215 373,50 XOF ; 2 383 920,00 XOF ;Etats-Unis;Amérique
1616;1762;En ligne;3;665;DÉBIT CARTE;18/02/2024;2;21/02/2024;48; 4 692 065,40 XOF ; 14 161 620,00 XOF ;Etats-Unis;Amérique
1617;2129;En ligne;3;146;DÉBIT CARTE;18/02/2024;1;20/02/2024;20; 1 233 252,90 XOF ; 2 681 910,00 XOF ;Etats-Unis;Amérique
1618;4807;En ligne;4;586;DÉBIT CARTE;18/02/2024;4;21/02/2024;18; 83 153,40 XOF ; 163 185,00 XOF ;Etats-Unis;Amérique
1619;2129;Store;3;1017;DÉBIT CARTE;18/02/2024;1;20/02/2024;16; 1 157 478,30 XOF ; 2 270 400,00 XOF ;Etats-Unis;Amérique
1630;4807;Store;1;644;DÉBIT CARTE;18/02/2024;4;21/02/2024;5; 112 101,00 XOF ; 219 945,00 XOF ;Etats-Unis;Amérique
1634;935;Store;4;1513;ESPÈCES;18/02/2024;2;22/02/2024;13; 107 560,20 XOF ; 324 809,10 XOF ;Etats-Unis;Amérique
1646;1949;En ligne;4;251;VIREMENT;19/02/2024;1;21/02/2024;24; 51 675,25 XOF ; 112 337,50 XOF ;Etats-Unis;Amérique
1650;6568;Store;1;538;DÉBIT CARTE;19/02/2024;2;25/02/2024;10; 112 101,00 XOF ; 219 945,00 XOF ;Etats-Unis;Amérique
1660;138;Store;2;481;ESPÈCES;19/02/2024;4;22/02/2024;18; 972 298,80 XOF ; 2 114 310,00 XOF ;Etats-Unis;Amérique
1662;138;Store;2;1242;ESPÈCES;19/02/2024;4;22/02/2024;13; 6 008 802,80 XOF ; 13 066 625,00 XOF ;Etats-Unis;Amérique
1665;490;Store;4;1176;ESPÈCES;20/02/2024;4;22/02/2024;18; 562 775,40 XOF ; 1 223 887,50 XOF ;Etats-Unis;Amérique
1710;10591;Store;1;1465;VIREMENT;21/02/2024;1;23/02/2024;9; 296 287,20 XOF ; 893 970,00 XOF ;Etats-Unis;Amérique
1720;10591;Store;4;131;VIREMENT;21/02/2024;1;23/02/2024;4; 155 546,05 XOF ; 305 085,00 XOF ;Etats-Unis;Amérique
1786;9653;Store;3;29;ESPÈCES;23/02/2024;4;26/02/2024;10; 233 319,08 XOF ; 457 627,50 XOF ;Etats-Unis;Amérique
1913;10651;Store;1;1547;DÉBIT CARTE;28/02/2024;4;01/03/2024;10; 1 220 340,00 XOF ; 2 393 675,63 XOF ;Etats-Unis;Amérique
1916;5007;Store;3;315;VIREMENT;28/02/2024;4;02/03/2024;9; 722 271,00 XOF ; 1 417 581,00 XOF ;Etats-Unis;Amérique
1917;8224;Store;2;1069;DÉBIT CARTE;28/02/2024;4;02/03/2024;9; 301 076,33 XOF ; 590 499,11 XOF ;Etats-Unis;Amérique
1958;7417;Store;1;389;ESPÈCES;29/02/2024;4;05/03/2024;12; 217 000,58 XOF ; 425 664,53 XOF ;Etats-Unis;Amérique
1097;579;Store;2;1553;DÉBIT CARTE;01/02/2024;2;06/02/2024;13; 1 304 279,76 XOF ; 2 836 226,25 XOF ;France;Europe
1109;11967;Store;1;701;ESPÈCES;01/02/2024;4;03/02/2024;9; 52 881,40 XOF ; 103 764,38 XOF ;France;Europe
1111;6424;Store;1;212;ESPÈCES;01/02/2024;4;05/02/2024;5; 1 138 179,90 XOF ; 2 474 972,50 XOF ;France;Europe
1210;1107;Store;4;278;VIREMENT;05/02/2024;4;09/02/2024;13; 46 472,25 XOF ; 91 135,28 XOF ;France;Europe
1237;3424;Store;4;1423;ESPÈCES;06/02/2024;4;08/02/2024;12; 3 040 822,40 XOF ; 6 612 540,00 XOF ;France;Europe
1238;3848;Store;2;2491;DÉBIT CARTE;06/02/2024;4;12/02/2024;120; 79 570,43 XOF ; 156 090,00 XOF ;France;Europe
1239;2979;En ligne;4;982;DÉBIT CARTE;06/02/2024;4;10/02/2024;30; 994 541,63 XOF ; 1 950 681,56 XOF ;France;Europe
1240;5987;Store;4;546;DÉBIT CARTE;06/02/2024;1;08/02/2024;26; 1 300 750,00 XOF ; 2 828 540,00 XOF ;France;Europe
1244;2113;En ligne;4;1306;VIREMENT;06/02/2024;0;07/02/2024;18; 1 183 209,50 XOF ; 3 571 150,00 XOF ;France;Europe
1256;5987;Store;2;1146;DÉBIT CARTE;06/02/2024;1;08/02/2024;9; 2 045 062,80 XOF ; 6 172 437,15 XOF ;France;Europe
1261;5226;Store;3;527;VIREMENT;06/02/2024;4;12/02/2024;4; 1 364 924,28 XOF ; 4 119 830,00 XOF ;France;Europe
1356;4531;Store;1;386;DÉBIT CARTE;09/02/2024;4;13/02/2024;6; 1 457 313,00 XOF ; 3 169 100,00 XOF ;France;Europe
1383;3479;Store;2;405;VIREMENT;10/02/2024;0;11/02/2024;10; 108 482,55 XOF ; 212 814,53 XOF ;France;Europe
1385;11904;Store;3;710;DÉBIT CARTE;10/02/2024;0;10/02/2024;10; 350 209,20 XOF ; 761 530,00 XOF ;France;Europe
1395;9213;Store;1;194;ESPÈCES;10/02/2024;0;11/02/2024;10; 440 599,50 XOF ; 864 171,00 XOF ;France;Europe
1473;1490;En ligne;3;1249;DÉBIT CARTE;13/02/2024;4;19/02/2024;5; 15 656,30 XOF ; 30 721,35 XOF ;France;Europe
1475;10934;Store;1;419;ESPÈCES;13/02/2024;1;15/02/2024;24; 4 665 672,00 XOF ; 10 145 850,00 XOF ;France;Europe
1477;2393;Store;1;1305;ESPÈCES;13/02/2024;4;19/02/2024;13; 196 460,55 XOF ; 427 048,05 XOF ;France;Europe
1479;10934;Store;2;1449;ESPÈCES;13/02/2024;1;15/02/2024;12; 336 397,60 XOF ; 659 835,00 XOF ;France;Europe
1481;9924;Store;2;670;ESPÈCES;13/02/2024;4;18/02/2024;10; 541 703,25 XOF ; 1 063 185,75 XOF ;France;Europe
1482;6473;Store;4;552;ESPÈCES;13/02/2024;1;15/02/2024;10; 775 850,08 XOF ; 1 521 877,50 XOF ;France;Europe
1483;9061;Store;1;1326;ESPÈCES;13/02/2024;0;14/02/2024;10; 2 528 658,00 XOF ; 5 498 625,00 XOF ;France;Europe
1508;1962;Store;2;1623;VIREMENT;14/02/2024;1;16/02/2024;10; 571 573,20 XOF ; 1 121 010,00 XOF ;France;Europe
1509;1962;Store;3;340;VIREMENT;14/02/2024;1;16/02/2024;10; 1 656 682,50 XOF ; 3 249 510,00 XOF ;France;Europe
1514;1962;Store;4;69;VIREMENT;14/02/2024;1;16/02/2024;6; 1 827 104,40 XOF ; 3 973 200,00 XOF ;France;Europe
1532;11522;Store;1;343;DÉBIT CARTE;15/02/2024;0;15/02/2024;10; 1 302 216,30 XOF ; 2 554 200,00 XOF ;France;Europe
1534;1576;Store;1;555;VIREMENT;15/02/2024;0;15/02/2024;9; 1 219 630,50 XOF ; 2 652 111,00 XOF ;France;Europe
1557;8726;Store;1;1530;VIREMENT;16/02/2024;4;22/02/2024;10; 7 522 260,90 XOF ; 22 704 000,00 XOF ;France;Europe
1560;3214;Store;3;991;DÉBIT CARTE;16/02/2024;4;18/02/2024;9; 756 894,60 XOF ; 1 646 040,00 XOF ;France;Europe
1563;8388;Store;4;1058;ESPÈCES;16/02/2024;0;17/02/2024;20; 1 076 737,20 XOF ; 2 341 350,00 XOF ;France;Europe
1577;4664;Store;4;1654;ESPÈCES;16/02/2024;4;21/02/2024;8; 940 229,40 XOF ; 2 838 000,00 XOF ;France;Europe
1578;10305;Store;3;972;ESPÈCES;16/02/2024;4;20/02/2024;5; 1 363 375,20 XOF ; 4 115 100,00 XOF ;France;Europe
1579;10305;Store;2;708;ESPÈCES;16/02/2024;4;20/02/2024;4; 2 140 419,60 XOF ; 4 654 320,00 XOF ;France;Europe
1610;3659;Store;1;1348;ESPÈCES;17/02/2024;4;21/02/2024;10; 4 561 233,60 XOF ; 9 918 810,00 XOF ;France;Europe
1835;8964;Store;4;1413;DÉBIT CARTE;25/02/2024;4;27/02/2024;12; 2 477 810,50 XOF ; 4 860 075,00 XOF ;France;Europe
1839;10653;Store;1;345;DÉBIT CARTE;25/02/2024;2;01/03/2024;10; 464 970,83 XOF ; 1 011 037,50 XOF ;France;Europe
1910;2519;Store;4;810;DÉBIT CARTE;28/02/2024;4;03/03/2024;10; 301 448,81 XOF ; 591 250,00 XOF ;France;Europe
1924;3671;Store;3;464;ESPÈCES;28/02/2024;2;04/03/2024;24; 271 383,75 XOF ; 819 117,75 XOF ;France;Europe
1115;9120;Store;4;1103;ESPÈCES;02/02/2024;2;08/02/2024;10; 1 500 663,45 XOF ; 2 943 449,44 XOF ;Gabon;Afrique
1135;5469;Store;3;1489;ESPÈCES;02/02/2024;4;05/02/2024;9; 1 602 736,85 XOF ; 3 143 676,25 XOF ;Gabon;Afrique
1191;10147;Store;1;802;VIREMENT;04/02/2024;1;06/02/2024;5; 80 776,58 XOF ; 175 601,25 XOF ;Gabon;Afrique
1206;6680;Store;3;244;DÉBIT CARTE;05/02/2024;0;05/02/2024;48; 4 881 360,00 XOF ; 9 574 702,50 XOF ;Gabon;Afrique
1207;1107;En ligne;4;892;VIREMENT;05/02/2024;4;09/02/2024;24; 1 946 749,75 XOF ; 4 233 350,00 XOF ;Gabon;Afrique
1218;6680;Store;1;712;DÉBIT CARTE;05/02/2024;0;05/02/2024;12; 267 978,15 XOF ; 808 830,00 XOF ;Gabon;Afrique
1227;5731;Store;2;807;DÉBIT CARTE;05/02/2024;2;08/02/2024;5; 852 629,80 XOF ; 1 854 160,00 XOF ;Gabon;Afrique
1321;7868;Store;4;1352;DÉBIT CARTE;08/02/2024;0;08/02/2024;10; 1 199 764,50 XOF ; 2 353 175,00 XOF ;Gabon;Afrique
1459;6474;Store;3;1213;ESPÈCES;13/02/2024;4;19/02/2024;10; 5 424 695,10 XOF ; 10 640 371,50 XOF ;Gabon;Afrique
1460;11979;Store;4;1095;ESPÈCES;13/02/2024;4;18/02/2024;10; 1 154 924,10 XOF ; 2 511 630,00 XOF ;Gabon;Afrique
1467;4505;Store;3;1118;VIREMENT;13/02/2024;1;15/02/2024;10; 156 563,00 XOF ; 340 465,40 XOF ;Gabon;Afrique
1472;11465;En ligne;3;331;DÉBIT CARTE;13/02/2024;4;17/02/2024;8; 251 411,33 XOF ; 493 102,50 XOF ;Gabon;Afrique
1480;9061;Store;4;266;ESPÈCES;13/02/2024;0;14/02/2024;12; 3 257 314,50 XOF ; 7 083 175,00 XOF ;Gabon;Afrique
1574;521;Store;1;984;ESPÈCES;16/02/2024;2;18/02/2024;10; 184 470,00 XOF ; 361 845,00 XOF ;Gabon;Afrique
1604;2728;Store;2;1103;ESPÈCES;17/02/2024;4;22/02/2024;13; 1 037 572,80 XOF ; 2 256 210,00 XOF ;Gabon;Afrique
1645;9080;En ligne;4;426;DÉBIT CARTE;19/02/2024;2;22/02/2024;39; 260 954,10 XOF ; 567 458,10 XOF ;Gabon;Afrique
1667;7332;Store;3;4;ESPÈCES;20/02/2024;4;26/02/2024;6; 1 902 997,25 XOF ; 4 138 158,75 XOF ;Gabon;Afrique
1671;2170;En ligne;4;515;VIREMENT;20/02/2024;4;24/02/2024;16; 94 008,75 XOF ; 184 470,00 XOF ;Gabon;Afrique
1672;2257;En ligne;3;848;DÉBIT CARTE;20/02/2024;4;22/02/2024;12; 1 194 673,84 XOF ; 2 597 952,50 XOF ;Gabon;Afrique
1673;3887;Store;4;1055;DÉBIT CARTE;20/02/2024;4;23/02/2024;10; 1 223 651,00 XOF ; 3 693 243,13 XOF ;Gabon;Afrique
1674;2257;Store;4;1624;DÉBIT CARTE;20/02/2024;4;22/02/2024;10; 542 058,00 XOF ; 1 063 540,50 XOF ;Gabon;Afrique
1675;2257;Store;1;361;DÉBIT CARTE;20/02/2024;4;22/02/2024;10; 8 202 600,45 XOF ; 17 836 830,00 XOF ;Gabon;Afrique
1677;3887;Store;3;1349;DÉBIT CARTE;20/02/2024;4;23/02/2024;4; 20 339,00 XOF ; 39 909,38 XOF ;Gabon;Afrique
1678;8210;Store;1;1046;DÉBIT CARTE;20/02/2024;1;22/02/2024;4; 2 315 175,36 XOF ; 5 034 493,75 XOF ;Gabon;Afrique
1681;3233;Store;2;660;ESPÈCES;20/02/2024;2;25/02/2024;12; 3 053 971,80 XOF ; 6 640 920,00 XOF ;Gabon;Afrique
1682;378;Store;3;63;ESPÈCES;20/02/2024;2;26/02/2024;10; 2 295 374,40 XOF ; 4 991 332,50 XOF ;Gabon;Afrique
1683;7332;Store;3;895;ESPÈCES;20/02/2024;4;26/02/2024;10; 483 849,44 XOF ; 1 460 387,50 XOF ;Gabon;Afrique
1684;490;Store;4;1055;ESPÈCES;20/02/2024;4;22/02/2024;10; 216 421,15 XOF ; 470 635,00 XOF ;Gabon;Afrique
1685;378;Store;1;649;ESPÈCES;20/02/2024;2;26/02/2024;9; 57 422,20 XOF ; 112 574,00 XOF ;Gabon;Afrique
1715;8967;Store;2;1102;VIREMENT;21/02/2024;0;21/02/2024;9; 8 243 917,00 XOF ; 17 926 700,00 XOF ;Gabon;Afrique
1731;10346;Store;4;81;ESPÈCES;21/02/2024;0;21/02/2024;6; 271 886,31 XOF ; 591 250,00 XOF ;Gabon;Afrique
1732;541;Store;2;802;ESPÈCES;21/02/2024;0;21/02/2024;4; 976 662,23 XOF ; 1 915 650,00 XOF ;Gabon;Afrique
1896;3671;Store;4;1432;ESPÈCES;28/02/2024;2;04/03/2024;16; 119 361,55 XOF ; 234 135,00 XOF ;Gabon;Afrique
1901;2300;Store;3;891;DÉBIT CARTE;28/02/2024;4;05/03/2024;24; 25 648,43 XOF ; 50 339,03 XOF ;Gabon;Afrique
1927;3671;Store;4;1577;ESPÈCES;28/02/2024;2;04/03/2024;8; 3 801 028,00 XOF ; 8 265 675,00 XOF ;Gabon;Afrique
1121;6179;Store;3;1358;VIREMENT;02/02/2024;1;04/02/2024;24; 2 315 175,36 XOF ; 5 034 493,75 XOF ;Ghana;Afrique
1123;4876;En ligne;3;586;DÉBIT CARTE;02/02/2024;2;05/02/2024;12; 565 477,41 XOF ; 1 229 723,14 XOF ;Ghana;Afrique
1124;6179;Store;4;1107;VIREMENT;02/02/2024;1;04/02/2024;12; 4 074 557,99 XOF ; 12 298 000,00 XOF ;Ghana;Afrique
1125;4876;Store;3;1428;DÉBIT CARTE;02/02/2024;2;05/02/2024;10; 1 500 663,45 XOF ; 2 943 449,44 XOF ;Ghana;Afrique
1126;4876;Store;2;1376;DÉBIT CARTE;02/02/2024;2;05/02/2024;10; 738 494,90 XOF ; 2 228 935,64 XOF ;Ghana;Afrique
1132;5469;Store;4;812;ESPÈCES;02/02/2024;4;05/02/2024;26; 116 600,41 XOF ; 253 569,39 XOF ;Ghana;Afrique
1133;4787;Store;2;383;ESPÈCES;02/02/2024;4;06/02/2024;12; 557 714,30 XOF ; 1 683 288,75 XOF ;Ghana;Afrique
1134;10500;Store;2;375;ESPÈCES;02/02/2024;4;07/02/2024;9; 44 733,98 XOF ; 97 307,93 XOF ;Ghana;Afrique
1170;5242;Store;3;1127;ESPÈCES;03/02/2024;1;05/02/2024;10; 146 334,38 XOF ; 318 210,75 XOF ;Ghana;Afrique
1204;287;Store;4;1468;ESPÈCES;05/02/2024;4;07/02/2024;10; 903 903,00 XOF ; 1 773 040,50 XOF ;Ghana;Afrique
1221;2692;Store;4;1168;VIREMENT;05/02/2024;4;10/02/2024;10; 2 732 048,00 XOF ; 5 940 880,00 XOF ;Ghana;Afrique
1226;1660;En ligne;4;799;DÉBIT CARTE;05/02/2024;4;11/02/2024;6; 251 636,00 XOF ; 493 457,25 XOF ;Ghana;Afrique
1228;1660;Store;4;328;DÉBIT CARTE;05/02/2024;4;11/02/2024;4; 2 431 787,60 XOF ; 5 288 140,00 XOF ;Ghana;Afrique
1230;3544;Store;1;871;ESPÈCES;05/02/2024;0;05/02/2024;10; 156 563,00 XOF ; 307 213,50 XOF ;Ghana;Afrique
1235;287;Store;3;993;ESPÈCES;05/02/2024;4;07/02/2024;8; 3 916 913,00 XOF ; 7 683 175,50 XOF ;Ghana;Afrique
1258;10681;Store;4;610;DÉBIT CARTE;06/02/2024;1;08/02/2024;6; 2 175 137,80 XOF ; 4 730 000,00 XOF ;Ghana;Afrique
1329;6521;Store;3;96;DÉBIT CARTE;08/02/2024;4;14/02/2024;5; 2 350 455,25 XOF ; 4 610 212,75 XOF ;Ghana;Afrique
1332;5218;Store;1;1007;ESPÈCES;08/02/2024;4;10/02/2024;12; 2 859 285,00 XOF ; 5 609 780,00 XOF ;Ghana;Afrique
1333;5218;Store;3;1411;ESPÈCES;08/02/2024;4;10/02/2024;10; 343 398,00 XOF ; 672 606,00 XOF ;Ghana;Afrique
1336;5075;Store;3;345;ESPÈCES;08/02/2024;4;11/02/2024;9; 78 222,38 XOF ; 170 102,63 XOF ;Ghana;Afrique
1338;10237;Store;4;841;ESPÈCES;09/02/2024;4;14/02/2024;16; 3 013 010,00 XOF ; 5 910 135,00 XOF ;Ghana;Afrique
1339;4711;En ligne;4;1495;DÉBIT CARTE;09/02/2024;2;14/02/2024;24; 15 656,30 XOF ; 30 721,35 XOF ;Ghana;Afrique
1341;4531;Store;3;67;DÉBIT CARTE;09/02/2024;4;13/02/2024;18; 2 438 906,25 XOF ; 5 303 512,50 XOF ;Ghana;Afrique
1342;9858;En ligne;3;1191;DÉBIT CARTE;09/02/2024;4;12/02/2024;18; 197 134,58 XOF ; 386 677,50 XOF ;Ghana;Afrique
1344;4996;Store;4;1332;DÉBIT CARTE;09/02/2024;4;11/02/2024;13; 1 174 612,73 XOF ; 2 554 200,00 XOF ;Ghana;Afrique
1345;4711;Store;2;1052;DÉBIT CARTE;09/02/2024;2;14/02/2024;12; 4 697 836,00 XOF ; 9 217 351,00 XOF ;Ghana;Afrique
1346;11238;Store;1;262;DÉBIT CARTE;09/02/2024;0;09/02/2024;12; 2 035 319,00 XOF ; 3 992 120,00 XOF ;Ghana;Afrique
1347;11238;Store;3;346;DÉBIT CARTE;09/02/2024;0;09/02/2024;12; 256 927,69 XOF ; 558 731,25 XOF ;Ghana;Afrique
1348;4711;Store;3;90;DÉBIT CARTE;09/02/2024;2;14/02/2024;10; 101 127,40 XOF ; 198 281,60 XOF ;Ghana;Afrique
1349;4711;Store;3;355;DÉBIT CARTE;09/02/2024;2;14/02/2024;10; 508 995,30 XOF ; 1 106 820,00 XOF ;Ghana;Afrique
1350;4531;Store;4;828;DÉBIT CARTE;09/02/2024;4;13/02/2024;10; 1 159 677,75 XOF ; 3 500 200,00 XOF ;Ghana;Afrique
1351;9858;Store;2;1452;DÉBIT CARTE;09/02/2024;4;12/02/2024;10; 194 332,05 XOF ; 381 001,50 XOF ;Ghana;Afrique
1353;11238;Store;1;37;DÉBIT CARTE;09/02/2024;0;09/02/2024;10; 525 739,50 XOF ; 1 029 957,50 XOF ;Ghana;Afrique
1357;11238;Store;1;297;DÉBIT CARTE;09/02/2024;0;09/02/2024;5; 149 201,94 XOF ; 292 668,75 XOF ;Ghana;Afrique
1361;2500;Store;2;1395;ESPÈCES;09/02/2024;2;12/02/2024;12; 4 672 199,40 XOF ; 10 160 040,00 XOF ;Ghana;Afrique
1363;1571;Store;3;510;ESPÈCES;09/02/2024;4;14/02/2024;10; 93 311,08 XOF ; 182 932,75 XOF ;Ghana;Afrique
1364;1571;Store;4;763;ESPÈCES;09/02/2024;4;14/02/2024;10; 1 497 612,60 XOF ; 2 937 330,00 XOF ;Ghana;Afrique
1375;8336;Store;4;609;ESPÈCES;10/02/2024;0;11/02/2024;9; 60 283,85 XOF ; 118 250,00 XOF ;Ghana;Afrique
1382;3479;Store;3;1232;VIREMENT;10/02/2024;0;11/02/2024;10; 17 944,44 XOF ; 35 179,38 XOF ;Ghana;Afrique
1384;2389;Store;3;1345;DÉBIT CARTE;10/02/2024;0;10/02/2024;10; 251 411,33 XOF ; 493 102,50 XOF ;Ghana;Afrique
1388;318;Store;4;1647;VIREMENT;10/02/2024;0;11/02/2024;8; 1 176 457,43 XOF ; 3 551 047,50 XOF ;Ghana;Afrique
1390;318;En ligne;4;827;VIREMENT;10/02/2024;0;11/02/2024;6; 1 257 234,00 XOF ; 2 733 940,00 XOF ;Ghana;Afrique
1392;11140;Store;4;425;ESPÈCES;10/02/2024;0;11/02/2024;24; 869 847,00 XOF ; 1 891 527,00 XOF ;Ghana;Afrique
1397;11140;Store;4;941;ESPÈCES;10/02/2024;0;11/02/2024;6; 861 333,00 XOF ; 1 873 080,00 XOF ;Ghana;Afrique
1429;7329;Store;2;927;DÉBIT CARTE;12/02/2024;4;14/02/2024;24; 67 071,40 XOF ; 131 494,00 XOF ;Ghana;Afrique
1430;5990;Store;3;889;DÉBIT CARTE;12/02/2024;4;16/02/2024;20; 1 627 474,75 XOF ; 3 192 158,75 XOF ;Ghana;Afrique
1435;7910;En ligne;4;1592;VIREMENT;12/02/2024;4;18/02/2024;12; 134 710,40 XOF ; 406 685,40 XOF ;Ghana;Afrique
1438;5990;Store;3;1116;DÉBIT CARTE;12/02/2024;4;16/02/2024;12; 198 943,80 XOF ; 390 189,53 XOF ;Ghana;Afrique
1441;5990;Store;4;550;DÉBIT CARTE;12/02/2024;4;16/02/2024;10; 4 540,80 XOF ; 8 987,00 XOF ;Ghana;Afrique
1442;5907;Store;1;298;VIREMENT;12/02/2024;4;16/02/2024;10; 268 279,69 XOF ; 526 212,50 XOF ;Ghana;Afrique
1445;10965;Store;3;1631;VIREMENT;12/02/2024;1;14/02/2024;10; 102 912,98 XOF ; 201 852,75 XOF ;Ghana;Afrique
1453;3197;Store;1;1084;ESPÈCES;12/02/2024;1;14/02/2024;13; 216 421,15 XOF ; 470 635,00 XOF ;Ghana;Afrique
1470;431;Store;1;1023;VIREMENT;13/02/2024;4;18/02/2024;9; 3 951 654,85 XOF ; 8 593 227,50 XOF ;Ghana;Afrique
1471;11465;Store;3;982;DÉBIT CARTE;13/02/2024;4;17/02/2024;8; 72 321,70 XOF ; 141 876,35 XOF ;Ghana;Afrique
1559;566;Store;1;616;DÉBIT CARTE;16/02/2024;2;19/02/2024;10; 1 076 737,20 XOF ; 2 341 350,00 XOF ;Ghana;Afrique
1565;8236;Store;4;1596;ESPÈCES;16/02/2024;4;21/02/2024;13; 1 005 645,30 XOF ; 1 972 410,00 XOF ;Ghana;Afrique
1567;4664;Store;1;742;ESPÈCES;16/02/2024;4;21/02/2024;12; 1 229 989,20 XOF ; 2 674 815,00 XOF ;Ghana;Afrique
1569;521;Store;3;207;ESPÈCES;16/02/2024;2;18/02/2024;12; 361 419,30 XOF ; 708 932,40 XOF ;Ghana;Afrique
1570;521;Store;2;625;ESPÈCES;16/02/2024;2;18/02/2024;12; 5 468 400,30 XOF ; 11 891 220,00 XOF ;Ghana;Afrique
1571;8236;Store;3;1582;ESPÈCES;16/02/2024;4;21/02/2024;10; 1 952 544,00 XOF ; 3 829 881,00 XOF ;Ghana;Afrique
1572;8236;Store;2;636;ESPÈCES;16/02/2024;4;21/02/2024;10; 1 193 662,80 XOF ; 2 341 350,00 XOF ;Ghana;Afrique
1575;4535;Store;3;1218;ESPÈCES;16/02/2024;2;18/02/2024;10; 145 731,30 XOF ; 439 890,00 XOF ;Ghana;Afrique
1576;8236;Store;1;587;ESPÈCES;16/02/2024;4;21/02/2024;9; 716 169,30 XOF ; 1 404 810,00 XOF ;Ghana;Afrique
1580;4535;Store;3;620;ESPÈCES;16/02/2024;2;18/02/2024;4; 234 844,50 XOF ; 510 698,10 XOF ;Ghana;Afrique
1586;3668;Store;1;67;DÉBIT CARTE;17/02/2024;4;20/02/2024;24; 220 938,30 XOF ; 666 788,10 XOF ;Ghana;Afrique
1590;7050;En ligne;4;369;DÉBIT CARTE;17/02/2024;4;19/02/2024;13; 4 946 350,20 XOF ; 10 756 020,00 XOF ;Ghana;Afrique
1601;1045;Store;2;801;DÉBIT CARTE;17/02/2024;4;23/02/2024;4; 107 560,20 XOF ; 324 809,10 XOF ;Ghana;Afrique
1621;1762;Store;2;934;DÉBIT CARTE;18/02/2024;2;21/02/2024;13; 1 406 796,60 XOF ; 4 246 073,70 XOF ;Ghana;Afrique
1622;7407;Store;1;977;VIREMENT;18/02/2024;4;22/02/2024;12; 6 518 886,00 XOF ; 14 175 810,00 XOF ;Ghana;Afrique
1623;2129;En ligne;4;507;DÉBIT CARTE;18/02/2024;1;20/02/2024;12; 62 010,30 XOF ; 134 805,00 XOF ;Ghana;Afrique
1624;2129;Store;3;304;DÉBIT CARTE;18/02/2024;1;20/02/2024;12; 2 166 529,20 XOF ; 4 711 080,00 XOF ;Ghana;Afrique
1626;1762;Store;2;698;DÉBIT CARTE;18/02/2024;2;21/02/2024;9; 4 179 522,60 XOF ; 12 614 910,00 XOF ;Ghana;Afrique
1627;1762;En ligne;4;155;DÉBIT CARTE;18/02/2024;2;21/02/2024;9; 82 585,80 XOF ; 179 645,40 XOF ;Ghana;Afrique
1629;7407;Store;3;949;VIREMENT;18/02/2024;4;22/02/2024;8; 2 981 460,90 XOF ; 6 483 411,00 XOF ;Ghana;Afrique
1633;2728;Store;2;277;ESPÈCES;18/02/2024;4;23/02/2024;13; 2 764 495,80 XOF ; 8 343 720,00 XOF ;Ghana;Afrique
1635;4044;Store;1;1187;ESPÈCES;18/02/2024;1;20/02/2024;12; 1 957 652,40 XOF ; 4 257 000,00 XOF ;Ghana;Afrique
1637;4044;Store;1;156;ESPÈCES;18/02/2024;1;20/02/2024;10; 86 133,30 XOF ; 168 861,00 XOF ;Ghana;Afrique
1641;2556;Store;4;284;ESPÈCES;19/02/2024;2;21/02/2024;16; 3 186 601,00 XOF ; 6 929 450,00 XOF ;Ghana;Afrique
1642;6424;Store;3;1193;ESPÈCES;19/02/2024;4;24/02/2024;12; 6 518 886,00 XOF ; 14 175 810,00 XOF ;Ghana;Afrique
1643;2556;Store;3;1348;ESPÈCES;19/02/2024;2;21/02/2024;9; 742 811,03 XOF ; 2 242 020,00 XOF ;Ghana;Afrique
1644;6424;Store;4;1576;ESPÈCES;19/02/2024;4;24/02/2024;4; 737 880,00 XOF ; 1 447 380,00 XOF ;Ghana;Afrique
1647;12012;Store;3;1658;DÉBIT CARTE;19/02/2024;4;25/02/2024;20; 93 937,80 XOF ; 184 328,10 XOF ;Ghana;Afrique
1648;1949;Store;2;173;VIREMENT;19/02/2024;1;21/02/2024;13; 864 644,00 XOF ; 1 880 175,00 XOF ;Ghana;Afrique
1649;6568;En ligne;4;767;DÉBIT CARTE;19/02/2024;2;25/02/2024;12; 2 022 926,40 XOF ; 4 398 900,00 XOF ;Ghana;Afrique
1651;6568;Store;2;1327;DÉBIT CARTE;19/02/2024;2;25/02/2024;10; 965 771,40 XOF ; 2 100 120,00 XOF ;Ghana;Afrique
1652;12012;Store;1;1026;DÉBIT CARTE;19/02/2024;4;25/02/2024;10; 433 930,20 XOF ; 851 258,10 XOF ;Ghana;Afrique
1653;12012;Store;1;579;DÉBIT CARTE;19/02/2024;4;25/02/2024;10; 1 494 348,90 XOF ; 3 249 510,00 XOF ;Ghana;Afrique
1654;8898;Store;2;144;DÉBIT CARTE;19/02/2024;4;21/02/2024;10; 2 652 111,00 XOF ; 5 201 817,50 XOF ;Ghana;Afrique
1655;8898;Store;1;1651;DÉBIT CARTE;19/02/2024;4;21/02/2024;10; 929 835,23 XOF ; 2 022 075,00 XOF ;Ghana;Afrique
1656;12012;Store;2;1007;DÉBIT CARTE;19/02/2024;4;25/02/2024;9; 2 957 196,00 XOF ; 8 925 510,00 XOF ;Ghana;Afrique
1657;12012;Store;3;1504;DÉBIT CARTE;19/02/2024;4;25/02/2024;8; 2 770 455,60 XOF ; 5 434 060,50 XOF ;Ghana;Afrique
1658;1019;Store;4;754;DÉBIT CARTE;19/02/2024;1;21/02/2024;5; 799 370,00 XOF ; 1 567 995,00 XOF ;Ghana;Afrique
1661;6424;Store;4;1568;ESPÈCES;19/02/2024;4;24/02/2024;13; 625 779,00 XOF ; 1 360 821,00 XOF ;Ghana;Afrique
1663;2556;Store;3;755;ESPÈCES;19/02/2024;2;21/02/2024;10; 2 153 474,40 XOF ; 4 682 700,00 XOF ;Ghana;Afrique
1664;6424;Store;4;560;ESPÈCES;19/02/2024;4;24/02/2024;5; 2 169 651,00 XOF ; 4 255 581,00 XOF ;Ghana;Afrique
1669;3887;Store;3;484;DÉBIT CARTE;20/02/2024;4;23/02/2024;20; 209 509,44 XOF ; 410 918,75 XOF ;Ghana;Afrique
1686;378;Store;4;439;ESPÈCES;20/02/2024;2;26/02/2024;9; 858 022,00 XOF ; 2 589 675,00 XOF ;Ghana;Afrique
1687;7332;Store;1;1350;ESPÈCES;20/02/2024;4;26/02/2024;5; 723 973,80 XOF ; 2 185 260,00 XOF ;Ghana;Afrique
1697;1267;Store;4;804;VIREMENT;21/02/2024;0;21/02/2024;24; 2 117 254,43 XOF ; 4 604 063,75 XOF ;Ghana;Afrique
1698;10988;En ligne;4;1210;DÉBIT CARTE;21/02/2024;4;26/02/2024;20; 194 432,56 XOF ; 381 356,25 XOF ;Ghana;Afrique
1701;10988;Store;3;125;DÉBIT CARTE;21/02/2024;4;26/02/2024;16; 1 367 159,20 XOF ; 4 126 452,00 XOF ;Ghana;Afrique
1704;11219;Store;1;609;VIREMENT;21/02/2024;0;21/02/2024;12; 260 741,25 XOF ; 567 008,75 XOF ;Ghana;Afrique
1705;10591;En ligne;4;1585;VIREMENT;21/02/2024;1;23/02/2024;10; 108 435,25 XOF ; 235 908,75 XOF ;Ghana;Afrique
1706;11219;Store;4;562;VIREMENT;21/02/2024;0;21/02/2024;10; 405 420,13 XOF ; 795 231,25 XOF ;Ghana;Afrique
1707;8967;Store;3;1044;VIREMENT;21/02/2024;0;21/02/2024;10; 361 372,00 XOF ; 709 027,00 XOF ;Ghana;Afrique
1713;11219;Store;3;907;VIREMENT;21/02/2024;0;21/02/2024;9; 846 398,03 XOF ; 1 660 230,00 XOF ;Ghana;Afrique
1717;1267;Store;3;1135;VIREMENT;21/02/2024;0;21/02/2024;6; 2 707 452,00 XOF ; 5 310 607,50 XOF ;Ghana;Afrique
1722;541;Store;1;407;ESPÈCES;21/02/2024;0;21/02/2024;20; 744 383,75 XOF ; 2 246 750,00 XOF ;Ghana;Afrique
1768;9987;Store;3;366;ESPÈCES;23/02/2024;4;29/02/2024;10; 2 867 940,90 XOF ; 6 236 505,00 XOF ;Ghana;Afrique
1776;11282;En ligne;3;670;DÉBIT CARTE;23/02/2024;4;27/02/2024;12; 1 459 512,45 XOF ; 2 862 832,50 XOF ;Ghana;Afrique
1778;5914;Store;1;212;DÉBIT CARTE;23/02/2024;4;28/02/2024;10; 2 047 463,28 XOF ; 6 179 745,00 XOF ;Ghana;Afrique
1779;11282;Store;4;866;DÉBIT CARTE;23/02/2024;4;27/02/2024;10; 580 619,33 XOF ; 1 752 465,00 XOF ;Ghana;Afrique
1783;12329;Store;3;536;DÉBIT CARTE;23/02/2024;2;29/02/2024;4; 116 523,55 XOF ; 351 876,53 XOF ;Ghana;Afrique
1784;9653;Store;2;244;ESPÈCES;23/02/2024;4;26/02/2024;13; 526 661,85 XOF ; 1 145 251,25 XOF ;Ghana;Afrique
1785;11196;Store;2;554;ESPÈCES;23/02/2024;4;26/02/2024;10; 88 391,88 XOF ; 192 156,25 XOF ;Ghana;Afrique
1789;6935;Store;4;395;ESPÈCES;23/02/2024;2;28/02/2024;8; 908 916,80 XOF ; 2 743 400,00 XOF ;Ghana;Afrique
1791;6935;Store;2;474;ESPÈCES;23/02/2024;2;28/02/2024;4; 596 831,40 XOF ; 1 170 568,58 XOF ;Ghana;Afrique
1853;8964;Store;3;1269;DÉBIT CARTE;26/02/2024;4;28/02/2024;13; 2 887 842,38 XOF ; 8 716 207,50 XOF ;Ghana;Afrique
1867;4000;Store;3;1375;ESPÈCES;26/02/2024;4;02/03/2024;9; 1 661 152,35 XOF ; 3 612 306,91 XOF ;Ghana;Afrique
1869;6557;Store;4;141;ESPÈCES;27/02/2024;4;29/02/2024;10; 2 530 774,68 XOF ; 5 503 355,00 XOF ;Ghana;Afrique
1871;3965;Store;4;201;ESPÈCES;27/02/2024;1;29/02/2024;9; 897 281,00 XOF ; 1 951 125,00 XOF ;Ghana;Afrique
1873;11853;En ligne;4;704;DÉBIT CARTE;27/02/2024;4;29/02/2024;20; 2 712 347,55 XOF ; 5 320 185,75 XOF ;Ghana;Afrique
1875;9531;En ligne;4;1322;VIREMENT;27/02/2024;4;03/03/2024;13; 691 715,20 XOF ; 1 504 140,00 XOF ;Ghana;Afrique
1876;4952;Store;1;777;DÉBIT CARTE;27/02/2024;2;02/03/2024;13; 249 460,20 XOF ; 489 555,00 XOF ;Ghana;Afrique
1881;7187;Store;1;1089;DÉBIT CARTE;27/02/2024;2;01/03/2024;10; 1 674 893,00 XOF ; 3 642 100,00 XOF ;Ghana;Afrique
1882;1327;Store;4;591;VIREMENT;27/02/2024;4;02/03/2024;9; 532 272,81 XOF ; 1 606 426,25 XOF ;Ghana;Afrique
1883;11853;Store;2;343;DÉBIT CARTE;27/02/2024;4;29/02/2024;9; 113 768,33 XOF ; 223 066,80 XOF ;Ghana;Afrique
1885;1327;En ligne;4;1655;VIREMENT;27/02/2024;4;02/03/2024;8; 2 275 792,20 XOF ; 4 948 762,50 XOF ;Ghana;Afrique
1890;3965;Store;3;1621;ESPÈCES;27/02/2024;1;29/02/2024;13; 4 071 394,80 XOF ; 12 288 540,00 XOF ;Ghana;Afrique
1891;11654;Store;1;10;ESPÈCES;27/02/2024;4;01/03/2024;10; 5 500 682,55 XOF ; 16 602 300,00 XOF ;Ghana;Afrique
1897;3273;Store;4;1327;ESPÈCES;28/02/2024;4;03/03/2024;12; 538 368,60 XOF ; 1 170 675,00 XOF ;Ghana;Afrique
1926;3671;Store;3;244;ESPÈCES;28/02/2024;2;04/03/2024;10; 1 606 130,63 XOF ; 3 492 513,75 XOF ;Ghana;Afrique
1139;694;Store;4;716;ESPÈCES;03/02/2024;2;09/02/2024;13; 423 252,23 XOF ; 830 115,00 XOF ;Sénégal;Afrique
1141;694;Store;4;1304;ESPÈCES;03/02/2024;2;09/02/2024;8; 3 225 209,63 XOF ; 7 013 407,50 XOF ;Sénégal;Afrique
1155;4170;Store;4;265;DÉBIT CARTE;03/02/2024;4;05/02/2024;10; 537 126,98 XOF ; 1 053 607,50 XOF ;Sénégal;Afrique
1214;4999;En ligne;4;1625;VIREMENT;05/02/2024;2;11/02/2024;12; 360 071,25 XOF ; 705 952,50 XOF ;Sénégal;Afrique
1215;1107;En ligne;4;324;VIREMENT;05/02/2024;4;09/02/2024;12; 2 166 813,00 XOF ; 4 252 743,00 XOF ;Sénégal;Afrique
1216;5731;Store;3;714;DÉBIT CARTE;05/02/2024;2;08/02/2024;12; 3 094 129,50 XOF ; 6 728 425,00 XOF ;Sénégal;Afrique
1219;1660;Store;2;1607;DÉBIT CARTE;05/02/2024;4;11/02/2024;10; 1 696 651,00 XOF ; 3 689 400,00 XOF ;Sénégal;Afrique
1222;4999;Store;3;384;VIREMENT;05/02/2024;2;11/02/2024;9; 1 448 657,10 XOF ; 3 150 180,00 XOF ;Sénégal;Afrique
1224;6680;En ligne;4;559;DÉBIT CARTE;05/02/2024;0;05/02/2024;9; 717 824,80 XOF ; 1 560 900,00 XOF ;Sénégal;Afrique
1229;2454;Store;2;1266;DÉBIT CARTE;05/02/2024;4;08/02/2024;4; 194 432,56 XOF ; 381 356,25 XOF ;Sénégal;Afrique
1373;8336;Store;4;1320;ESPÈCES;10/02/2024;0;11/02/2024;24; 4 520 579,25 XOF ; 8 866 976,25 XOF ;Sénégal;Afrique
1378;3479;En ligne;4;1353;VIREMENT;10/02/2024;0;11/02/2024;18; 1 518 235,40 XOF ; 3 301 540,00 XOF ;Sénégal;Afrique
1379;2389;Store;1;1037;DÉBIT CARTE;10/02/2024;0;10/02/2024;13; 1 807 806,00 XOF ; 3 546 081,00 XOF ;Sénégal;Afrique
1380;318;Store;4;253;VIREMENT;10/02/2024;0;11/02/2024;12; 3 371 544,00 XOF ; 7 331 500,00 XOF ;Sénégal;Afrique
1381;2389;Store;3;915;DÉBIT CARTE;10/02/2024;0;10/02/2024;12; 783 571,80 XOF ; 2 364 905,40 XOF ;Sénégal;Afrique
1386;2389;Store;2;1339;DÉBIT CARTE;10/02/2024;0;10/02/2024;9; 135 088,80 XOF ; 264 880,00 XOF ;Sénégal;Afrique
1387;3479;En ligne;4;962;VIREMENT;10/02/2024;0;11/02/2024;8; 194 432,56 XOF ; 381 356,25 XOF ;Sénégal;Afrique
1391;318;Store;1;755;VIREMENT;10/02/2024;0;11/02/2024;5; 1 104 455,00 XOF ; 2 166 340,00 XOF ;Sénégal;Afrique
1394;8336;Store;4;791;ESPÈCES;10/02/2024;0;11/02/2024;10; 330 627,00 XOF ; 718 960,00 XOF ;Sénégal;Afrique
1396;8336;Store;4;284;ESPÈCES;10/02/2024;0;11/02/2024;9; 4 177 074,83 XOF ; 9 083 373,75 XOF ;Sénégal;Afrique
1403;10253;Store;2;1521;VIREMENT;11/02/2024;2;17/02/2024;12; 1 681 988,00 XOF ; 3 299 175,00 XOF ;Sénégal;Afrique
1404;10253;Store;3;624;VIREMENT;11/02/2024;2;17/02/2024;12; 53 833,31 XOF ; 105 538,13 XOF ;Sénégal;Afrique
1405;10253;Store;2;1397;VIREMENT;11/02/2024;2;17/02/2024;12; 1 625 949,33 XOF ; 3 535 675,00 XOF ;Sénégal;Afrique
1496;6023;Store;3;596;DÉBIT CARTE;14/02/2024;1;16/02/2024;24; 86 133,30 XOF ; 168 861,00 XOF ;Sénégal;Afrique
1513;12278;Store;4;1558;DÉBIT CARTE;14/02/2024;0;14/02/2024;8; 3 060 499,20 XOF ; 6 655 110,00 XOF ;Sénégal;Afrique
1581;3659;Store;3;922;ESPÈCES;17/02/2024;4;21/02/2024;26; 3 616 463,40 XOF ; 7 093 581,00 XOF ;Sénégal;Afrique
1584;2033;Store;4;1034;ESPÈCES;17/02/2024;4;22/02/2024;6; 4 561 233,60 XOF ; 9 918 810,00 XOF ;Sénégal;Afrique
1587;12123;En ligne;4;1189;VIREMENT;17/02/2024;4;20/02/2024;24; 377 737,80 XOF ; 821 317,20 XOF ;Sénégal;Afrique
1588;3598;Store;4;1588;DÉBIT CARTE;17/02/2024;4;21/02/2024;13; 2 770 455,60 XOF ; 5 434 060,50 XOF ;Sénégal;Afrique
1589;3598;En ligne;4;667;DÉBIT CARTE;17/02/2024;4;21/02/2024;13; 2 212 079,10 XOF ; 4 810 410,00 XOF ;Sénégal;Afrique
1591;1045;Store;2;1042;DÉBIT CARTE;17/02/2024;4;23/02/2024;12; 163 185,00 XOF ; 354 750,00 XOF ;Sénégal;Afrique
1592;1045;Store;3;261;DÉBIT CARTE;17/02/2024;4;23/02/2024;12; 2 163 123,60 XOF ; 4 242 810,00 XOF ;Sénégal;Afrique
1593;3598;Store;3;1039;DÉBIT CARTE;17/02/2024;4;21/02/2024;12; 288 624,60 XOF ; 566 181,00 XOF ;Sénégal;Afrique
1594;8821;Store;4;602;DÉBIT CARTE;17/02/2024;4;21/02/2024;10; 1 663 209,90 XOF ; 3 262 281,00 XOF ;Sénégal;Afrique
1595;12123;Store;4;1283;VIREMENT;17/02/2024;4;20/02/2024;10; 2 336 099,70 XOF ; 5 080 020,00 XOF ;Sénégal;Afrique
1600;7050;Store;1;1658;DÉBIT CARTE;17/02/2024;4;19/02/2024;5; 2 981 460,90 XOF ; 6 483 411,00 XOF ;Sénégal;Afrique
1603;4998;Store;4;560;ESPÈCES;17/02/2024;2;22/02/2024;26; 156 090,00 XOF ; 306 078,30 XOF ;Sénégal;Afrique
1606;2728;Store;3;391;ESPÈCES;17/02/2024;4;22/02/2024;12; 216 681,30 XOF ; 424 990,50 XOF ;Sénégal;Afrique
1611;2728;Store;3;1340;ESPÈCES;17/02/2024;4;22/02/2024;9; 933 276,30 XOF ; 1 830 510,00 XOF ;Sénégal;Afrique
1612;3659;Store;4;702;ESPÈCES;17/02/2024;4;21/02/2024;6; 1 911 960,60 XOF ; 4 157 670,00 XOF ;Sénégal;Afrique
1620;4807;Store;2;1558;DÉBIT CARTE;18/02/2024;4;21/02/2024;13; 1 239 780,30 XOF ; 2 696 100,00 XOF ;Sénégal;Afrique
1693;10346;Store;4;1105;ESPÈCES;21/02/2024;0;21/02/2024;8; 2 077 841,70 XOF ; 4 075 545,38 XOF ;Sénégal;Afrique
1695;10591;En ligne;4;934;VIREMENT;21/02/2024;1;23/02/2024;24; 614 900,00 XOF ; 1 206 150,00 XOF ;Sénégal;Afrique
1696;7467;En ligne;4;872;DÉBIT CARTE;21/02/2024;0;21/02/2024;24; 5 432 405,00 XOF ; 11 813 175,00 XOF ;Sénégal;Afrique
1699;10988;Store;1;1289;DÉBIT CARTE;21/02/2024;4;26/02/2024;18; 1 056 859,38 XOF ; 2 298 188,75 XOF ;Sénégal;Afrique
1700;2170;Store;3;208;VIREMENT;21/02/2024;4;25/02/2024;18; 15 656,30 XOF ; 30 721,35 XOF ;Sénégal;Afrique
1703;2170;Store;3;695;VIREMENT;21/02/2024;4;25/02/2024;12; 1 027 710,75 XOF ; 2 234 925,00 XOF ;Sénégal;Afrique
1708;10988;Store;2;1611;DÉBIT CARTE;21/02/2024;4;26/02/2024;9; 60 236,55 XOF ; 118 155,40 XOF ;Sénégal;Afrique
1709;2170;Store;2;1052;VIREMENT;21/02/2024;4;25/02/2024;9; 76 803,38 XOF ; 150 680,06 XOF ;Sénégal;Afrique
1712;7467;En ligne;4;1018;DÉBIT CARTE;21/02/2024;0;21/02/2024;9; 748 806,30 XOF ; 1 468 665,00 XOF ;Sénégal;Afrique
1714;11219;Store;2;1450;VIREMENT;21/02/2024;0;21/02/2024;9; 282 085,38 XOF ; 613 362,75 XOF ;Sénégal;Afrique
1716;8967;Store;3;1242;VIREMENT;21/02/2024;0;21/02/2024;8; 705 172,05 XOF ; 2 128 500,00 XOF ;Sénégal;Afrique
1718;11219;Store;3;1409;VIREMENT;21/02/2024;0;21/02/2024;6; 904 967,25 XOF ; 2 731 575,00 XOF ;Sénégal;Afrique
1719;1267;Store;3;125;VIREMENT;21/02/2024;0;21/02/2024;5; 783 075,15 XOF ; 1 702 800,00 XOF ;Sénégal;Afrique
1721;8541;Store;1;499;VIREMENT;21/02/2024;0;21/02/2024;4; 8 137 042,65 XOF ; 15 960 557,25 XOF ;Sénégal;Afrique
1726;541;Store;3;338;ESPÈCES;21/02/2024;0;21/02/2024;10; 204 974,55 XOF ; 402 026,35 XOF ;Sénégal;Afrique
1740;6813;En ligne;4;50;VIREMENT;22/02/2024;0;23/02/2024;16; 2 055 492,45 XOF ; 4 469 850,00 XOF ;Sénégal;Afrique
1742;2022;En ligne;4;1395;DÉBIT CARTE;22/02/2024;0;23/02/2024;13; 301 448,81 XOF ; 591 250,00 XOF ;Sénégal;Afrique
1745;11262;Store;3;856;DÉBIT CARTE;22/02/2024;2;26/02/2024;12; 2 936 478,60 XOF ; 6 385 500,00 XOF ;Sénégal;Afrique
1749;846;Store;2;1208;DÉBIT CARTE;22/02/2024;0;23/02/2024;12; 240 520,50 XOF ; 471 817,50 XOF ;Sénégal;Afrique
1751;7163;Store;1;802;DÉBIT CARTE;22/02/2024;2;25/02/2024;10; 959 811,60 XOF ; 1 882 540,00 XOF ;Sénégal;Afrique
1754;11055;Store;1;244;VIREMENT;22/02/2024;2;24/02/2024;9; 1 862 910,50 XOF ; 3 653 925,00 XOF ;Sénégal;Afrique
1755;2022;Store;3;1478;DÉBIT CARTE;22/02/2024;0;23/02/2024;9; 561 167,20 XOF ; 1 220 340,00 XOF ;Sénégal;Afrique
1758;6813;En ligne;4;687;VIREMENT;22/02/2024;0;23/02/2024;8; 275 215,05 XOF ; 539 574,75 XOF ;Sénégal;Afrique
1830;10653;Store;2;1447;DÉBIT CARTE;25/02/2024;2;01/03/2024;13; 1 305 101,60 XOF ; 2 838 000,00 XOF ;Sénégal;Afrique
1838;1326;Store;1;690;DÉBIT CARTE;25/02/2024;4;01/03/2024;10; 410 564,00 XOF ; 892 787,50 XOF ;Sénégal;Afrique
1854;8458;Store;2;831;VIREMENT;26/02/2024;1;28/02/2024;13; 1 218 069,60 XOF ; 2 648 705,40 XOF ;Sénégal;Afrique
1866;8015;Store;2;1208;ESPÈCES;26/02/2024;4;01/03/2024;10; 1 786 556,48 XOF ; 5 392 200,00 XOF ;Sénégal;Afrique
1870;11654;Store;4;654;ESPÈCES;27/02/2024;4;01/03/2024;9; 54 063,90 XOF ; 106 070,25 XOF ;Sénégal;Afrique
1874;11853;Store;4;116;DÉBIT CARTE;27/02/2024;4;29/02/2024;20; 779 846,93 XOF ; 1 529 563,75 XOF ;Sénégal;Afrique
1878;11853;Store;4;61;DÉBIT CARTE;27/02/2024;4;29/02/2024;12; 2 224 637,25 XOF ; 4 363 425,00 XOF ;Sénégal;Afrique
1879;8141;En ligne;4;736;DÉBIT CARTE;27/02/2024;4;03/03/2024;10; 103 232,25 XOF ; 224 556,75 XOF ;Sénégal;Afrique
1884;9531;Store;4;667;VIREMENT;27/02/2024;4;03/03/2024;8; 505 731,60 XOF ; 1 099 725,00 XOF ;Sénégal;Afrique
1886;9531;Store;2;906;VIREMENT;27/02/2024;4;03/03/2024;4; 858 022,00 XOF ; 2 589 675,00 XOF ;Sénégal;Afrique
1889;4964;Store;2;553;ESPÈCES;27/02/2024;1;29/02/2024;13; 399 685,00 XOF ; 783 997,50 XOF ;Sénégal;Afrique
1899;12404;Store;3;1283;DÉBIT CARTE;28/02/2024;4;05/03/2024;26; 15 656,30 XOF ; 30 721,35 XOF ;Sénégal;Afrique
1900;2300;Store;4;447;DÉBIT CARTE;28/02/2024;4;05/03/2024;24; 2 061 877,95 XOF ; 4 044 150,00 XOF ;Sénégal;Afrique
1904;2300;Store;1;3;DÉBIT CARTE;28/02/2024;4;05/03/2024;18; 127 207,44 XOF ; 276 628,14 XOF ;Sénégal;Afrique
1909;4952;Store;1;1316;DÉBIT CARTE;28/02/2024;2;03/03/2024;10; 968 999,63 XOF ; 2 107 215,00 XOF ;Sénégal;Afrique
1911;4580;En ligne;4;490;DÉBIT CARTE;28/02/2024;4;02/03/2024;10; 324 064,13 XOF ; 635 357,25 XOF ;Sénégal;Afrique
1914;1563;Store;3;287;DÉBIT CARTE;28/02/2024;4;01/03/2024;10; 1 458 448,20 XOF ; 3 171 465,00 XOF ;Sénégal;Afrique
1919;2519;Store;4;1243;DÉBIT CARTE;28/02/2024;4;03/03/2024;6; 2 022 098,65 XOF ; 3 966 105,00 XOF ;Sénégal;Afrique
1920;2519;Store;2;2;DÉBIT CARTE;28/02/2024;4;03/03/2024;6; 723 217,00 XOF ; 1 418 763,50 XOF ;Sénégal;Afrique
1923;1563;En ligne;3;1629;DÉBIT CARTE;28/02/2024;4;01/03/2024;6; 963 028,00 XOF ; 1 890 108,00 XOF ;Sénégal;Afrique
1925;3671;Store;4;1163;ESPÈCES;28/02/2024;2;04/03/2024;12; 122 980,00 XOF ; 241 230,00 XOF ;Sénégal;Afrique
