Id Commande;Id Client;Canal;Id Store;Id Produit;Type de paiement;Date de commande;Nb_Jours de livraison programmé;Date de livraison;Quantité;Total Cout d'acquisition;Montant Vente;Pays;Continent
5909;9293;Store;3;1387;ESPÈCES;01/07/2024;2;07/07/2024;20; 188 868,90 XOF ; 410 658,60 XOF ;Sénégal;Afrique
5910;10266;Store;4;1000;ESPÈCES;01/07/2024;4;05/07/2024;10; 1 073 473,50 XOF ; 2 334 255,00 XOF ;Cameroun;Afrique
5911;9392;Store;3;76;ESPÈCES;01/07/2024;4;03/07/2024;10; 72 298,05 XOF ; 141 829,05 XOF ;Cameroun;Afrique
5912;4205;Store;2;2490;DÉBIT CARTE;01/07/2024;4;06/07/2024;120; 1 455 113,55 XOF ; 4 391 805,00 XOF ;Gabon;Afrique
5913;4205;Store;3;1061;DÉBIT CARTE;01/07/2024;4;06/07/2024;13; 123 807,75 XOF ; 269 255,25 XOF ;Gabon;Afrique
5914;4205;Store;3;1168;DÉBIT CARTE;01/07/2024;4;06/07/2024;12; 213 417,60 XOF ; 418 605,00 XOF ;Sénégal;Afrique
5915;5635;Store;3;1076;VIREMENT;01/07/2024;0;02/07/2024;12; 2 280 616,80 XOF ; 4 959 405,00 XOF ;Cameroun;Afrique
5916;5635;Store;2;1484;VIREMENT;01/07/2024;0;02/07/2024;9; 518 715,45 XOF ; 1 017 423,00 XOF ;Côte d'ivoire;Afrique
5917;1775;Store;2;1535;VIREMENT;01/07/2024;0;02/07/2024;9; 47 039,85 XOF ; 92 235,00 XOF ;Ghana;Afrique
5918;1775;Store;2;1157;VIREMENT;01/07/2024;0;02/07/2024;9; 942 925,50 XOF ; 2 050 455,00 XOF ;Sénégal;Afrique
5919;12338;Store;4;1520;VIREMENT;01/07/2024;4;04/07/2024;8; 37 532,55 XOF ; 81 592,50 XOF ;Sénégal;Afrique
5920;5635;Store;4;625;VIREMENT;01/07/2024;0;02/07/2024;8; 841 821,75 XOF ; 1 830 510,00 XOF ;Sénégal;Afrique
5921;12235;Store;3;509;DÉBIT CARTE;01/07/2024;4;06/07/2024;5; 470 114,70 XOF ; 1 419 000,00 XOF ;Sénégal;Afrique
5922;9392;Store;3;1176;ESPÈCES;01/07/2024;4;03/07/2024;18; 681 687,60 XOF ; 2 057 550,00 XOF ;Sénégal;Afrique
5923;9293;Store;2;1451;ESPÈCES;01/07/2024;2;07/07/2024;13; 1 070 209,80 XOF ; 2 327 160,00 XOF ;Sénégal;Afrique
5924;10266;Store;2;936;ESPÈCES;01/07/2024;4;05/07/2024;13; 750 438,15 XOF ; 1 631 850,00 XOF ;Burkina Faso;Afrique
5925;12195;Store;4;1003;ESPÈCES;01/07/2024;0;02/07/2024;13; 871 124,10 XOF ; 1 894 365,00 XOF ;Côte d'ivoire;Afrique
5926;12195;Store;1;442;ESPÈCES;01/07/2024;0;02/07/2024;12; 2 280 616,80 XOF ; 4 959 405,00 XOF ;Côte d'ivoire;Afrique
5927;9293;Store;1;1009;ESPÈCES;01/07/2024;2;07/07/2024;10; 645 999,75 XOF ; 1 404 810,00 XOF ;Burkina Faso;Afrique
5928;10266;Store;1;986;ESPÈCES;01/07/2024;4;05/07/2024;10; 652 527,15 XOF ; 1 419 000,00 XOF ;Burkina Faso;Afrique
5929;10266;Store;4;1487;ESPÈCES;01/07/2024;4;05/07/2024;10; 213 417,60 XOF ; 418 605,00 XOF ;Burkina Faso;Afrique
5930;10266;Store;1;1646;ESPÈCES;01/07/2024;4;05/07/2024;10; 1 804 968,00 XOF ; 3 540 405,00 XOF ;Burkina Faso;Afrique
5931;9293;Store;4;719;ESPÈCES;01/07/2024;2;07/07/2024;9; 97 698,15 XOF ; 212 495,25 XOF ;Sénégal;Afrique
5932;9392;Store;2;1019;ESPÈCES;01/07/2024;4;03/07/2024;9; 1 479 449,40 XOF ; 2 901 855,00 XOF ;Sénégal;Afrique
5933;9392;Store;2;354;ESPÈCES;01/07/2024;4;03/07/2024;9; 936 894,75 XOF ; 1 837 605,00 XOF ;Sénégal;Afrique
5934;9392;Store;4;462;ESPÈCES;01/07/2024;4;03/07/2024;6; 285 786,60 XOF ; 560 505,00 XOF ;Sénégal;Afrique
5935;6242;Store;4;316;ESPÈCES;02/07/2024;1;04/07/2024;40; 1 060 395,05 XOF ; 2 305 875,00 XOF ;Sénégal;Afrique
5936;1340;Store;3;1595;ESPÈCES;02/07/2024;1;04/07/2024;20; 508 522,30 XOF ; 1 106 205,10 XOF ;Sénégal;Afrique
5937;6242;Store;3;549;ESPÈCES;02/07/2024;1;04/07/2024;12; 2 000 577,15 XOF ; 4 350 417,50 XOF ;Sénégal;Afrique
5938;4153;Store;4;1554;ESPÈCES;02/07/2024;4;04/07/2024;10; 67 544,40 XOF ; 132 440,00 XOF ;Sénégal;Afrique
5939;3297;En ligne;3;1157;DÉBIT CARTE;02/07/2024;0;03/07/2024;52; 553 410,00 XOF ; 1 085 535,00 XOF ;Sénégal;Afrique
5940;10593;En ligne;4;1287;DÉBIT CARTE;02/07/2024;4;05/07/2024;48; 57 114,75 XOF ; 124 162,50 XOF ;Burkina Faso;Afrique
5941;10593;En ligne;4;670;DÉBIT CARTE;02/07/2024;4;05/07/2024;24; 3 628 099,20 XOF ; 7 889 640,00 XOF ;Sénégal;Afrique
5942;9372;Store;3;248;DÉBIT CARTE;02/07/2024;4;07/07/2024;13; 457 361,44 XOF ; 994 541,63 XOF ;Sénégal;Afrique
5943;5257;Store;3;1607;VIREMENT;02/07/2024;4;07/07/2024;12; 1 465 791,53 XOF ; 3 187 428,75 XOF ;Sénégal;Afrique
5944;10593;Store;4;577;DÉBIT CARTE;02/07/2024;4;05/07/2024;12; 491 328,75 XOF ; 963 737,50 XOF ;Sénégal;Afrique
5945;7785;Store;2;794;VIREMENT;02/07/2024;1;04/07/2024;12; 2 225 346,75 XOF ; 6 716 600,00 XOF ;Sénégal;Afrique
5946;9372;En ligne;4;682;DÉBIT CARTE;02/07/2024;4;07/07/2024;10; 681 687,60 XOF ; 2 057 550,00 XOF ;Burkina Faso;Afrique
5947;7785;En ligne;4;1508;VIREMENT;02/07/2024;1;04/07/2024;10; 61 158,90 XOF ; 119 905,50 XOF ;Sénégal;Afrique
5948;3297;En ligne;4;789;DÉBIT CARTE;02/07/2024;0;03/07/2024;10; 1 364 959,75 XOF ; 2 968 075,00 XOF ;Gabon;Afrique
5949;10593;Store;3;1077;DÉBIT CARTE;02/07/2024;4;05/07/2024;9; 3 420 925,20 XOF ; 7 439 107,50 XOF ;Gabon;Afrique
5950;3297;Store;4;1529;DÉBIT CARTE;02/07/2024;0;03/07/2024;9; 4 941 336,40 XOF ; 10 745 377,50 XOF ;Cameroun;Afrique
5951;3297;Store;4;1547;DÉBIT CARTE;02/07/2024;0;03/07/2024;9; 1 311 581,70 XOF ; 2 852 190,00 XOF ;Cameroun;Afrique
5952;5257;Store;4;156;VIREMENT;02/07/2024;4;07/07/2024;8; 562 828,61 XOF ; 1 223 887,50 XOF ;Côte d'ivoire;Afrique
5953;9372;Store;1;807;DÉBIT CARTE;02/07/2024;4;07/07/2024;6; 1 957 652,40 XOF ; 4 257 000,00 XOF ;Côte d'ivoire;Afrique
5954;9372;Store;1;1123;DÉBIT CARTE;02/07/2024;4;07/07/2024;6; 41 292,90 XOF ; 89 822,70 XOF ;Côte d'ivoire;Afrique
5955;9372;Store;2;929;DÉBIT CARTE;02/07/2024;4;07/07/2024;6; 101 103,75 XOF ; 198 068,75 XOF ;Burkina Faso;Afrique
5956;5257;En ligne;3;837;VIREMENT;02/07/2024;4;07/07/2024;6; 1 940 547,54 XOF ; 4 219 751,25 XOF ;Cameroun;Afrique
5957;5257;En ligne;4;1267;VIREMENT;02/07/2024;4;07/07/2024;4; 508 214,85 XOF ; 996 847,50 XOF ;Ghana;Afrique
5958;10593;Store;3;824;DÉBIT CARTE;02/07/2024;4;05/07/2024;4; 332 802,80 XOF ; 652 740,00 XOF ;Burkina Faso;Afrique
5959;3297;Store;4;1046;DÉBIT CARTE;02/07/2024;0;03/07/2024;4; 1 627 474,75 XOF ; 3 192 158,75 XOF ;Burkina Faso;Afrique
5960;868;Store;1;2494;ESPÈCES;02/07/2024;1;04/07/2024;100; 1 676 075,50 XOF ; 3 287 350,00 XOF ;Sénégal;Afrique
5961;6242;Store;4;170;ESPÈCES;02/07/2024;1;04/07/2024;12; 2 002 812,08 XOF ; 6 044 940,00 XOF ;Etats-Unis;Amérique
5962;4153;Store;3;1609;ESPÈCES;02/07/2024;4;04/07/2024;12; 3 839 459,25 XOF ; 11 588 500,00 XOF ;Burkina Faso;Afrique
5963;868;Store;3;1336;ESPÈCES;02/07/2024;1;04/07/2024;10; 1 957 652,40 XOF ; 4 257 000,00 XOF ;Sénégal;Afrique
5964;868;Store;1;1041;ESPÈCES;02/07/2024;1;04/07/2024;10; 332 790,98 XOF ; 723 690,00 XOF ;Cameroun;Afrique
5965;1340;Store;4;1641;ESPÈCES;02/07/2024;1;04/07/2024;10; 476 311,00 XOF ; 934 175,00 XOF ;Etats-Unis;Amérique
5966;6242;Store;4;23;ESPÈCES;02/07/2024;1;04/07/2024;9; 5 598 806,40 XOF ; 12 175 020,00 XOF ;Etats-Unis;Amérique
5967;868;Store;1;1601;ESPÈCES;02/07/2024;1;04/07/2024;9; 86 842,80 XOF ; 170 280,00 XOF ;Etats-Unis;Amérique
5968;868;Store;1;504;ESPÈCES;02/07/2024;1;04/07/2024;9; 3 709 762,65 XOF ; 8 067 015,00 XOF ;Sénégal;Afrique
5969;12075;Store;4;1534;ESPÈCES;03/07/2024;2;08/07/2024;39; 1 524 644,55 XOF ; 2 990 542,50 XOF ;Burkina Faso;Afrique
5970;10406;Store;4;1609;ESPÈCES;03/07/2024;1;05/07/2024;18; 420 804,45 XOF ; 1 270 005,00 XOF ;Etats-Unis;Amérique
5971;4785;Store;3;799;VIREMENT;03/07/2024;2;06/07/2024;36; 1 203 950,55 XOF ; 2 618 055,00 XOF ;Etats-Unis;Amérique
5972;7158;Store;1;446;DÉBIT CARTE;03/07/2024;1;05/07/2024;20; 3 064 188,60 XOF ; 9 248 332,50 XOF ;Etats-Unis;Amérique
5973;3830;En ligne;3;1484;VIREMENT;03/07/2024;4;09/07/2024;18; 543 772,63 XOF ; 1 182 500,00 XOF ;Cameroun;Afrique
5974;5257;En ligne;4;1470;VIREMENT;03/07/2024;4;08/07/2024;16; 37 780,88 XOF ; 82 124,63 XOF ;Cameroun;Afrique
5975;7158;En ligne;4;688;DÉBIT CARTE;03/07/2024;1;05/07/2024;13; 968 999,63 XOF ; 2 107 215,00 XOF ;Burkina Faso;Afrique
5976;7158;En ligne;4;120;DÉBIT CARTE;03/07/2024;1;05/07/2024;13; 296 074,35 XOF ; 643 871,25 XOF ;Sénégal;Afrique
5977;4785;En ligne;4;1505;VIREMENT;03/07/2024;2;06/07/2024;12; 316 135,46 XOF ; 620 280,38 XOF ;Burkina Faso;Afrique
5978;3830;En ligne;3;1587;VIREMENT;03/07/2024;4;09/07/2024;10; 2 219 174,10 XOF ; 4 352 782,50 XOF ;Etats-Unis;Amérique
5979;4785;Store;4;1235;VIREMENT;03/07/2024;2;06/07/2024;10; 713 473,20 XOF ; 1 551 440,00 XOF ;Etats-Unis;Amérique
5980;9642;Store;2;993;DÉBIT CARTE;03/07/2024;2;05/07/2024;10; 1 220 340,00 XOF ; 2 393 675,63 XOF ;Sénégal;Afrique
5981;9642;Store;1;1480;DÉBIT CARTE;03/07/2024;2;05/07/2024;10; 2 032 859,40 XOF ; 3 987 390,00 XOF ;Sénégal;Afrique
5982;7284;Store;2;1521;DÉBIT CARTE;03/07/2024;1;05/07/2024;10; 975 562,50 XOF ; 2 121 405,00 XOF ;Cameroun;Afrique
5983;7158;Store;1;154;DÉBIT CARTE;03/07/2024;1;05/07/2024;10; 92 164,05 XOF ; 180 816,08 XOF ;Cameroun;Afrique
5984;4003;Store;3;1358;DÉBIT CARTE;03/07/2024;1;05/07/2024;10; 5 598 806,40 XOF ; 12 175 020,00 XOF ;Cameroun;Afrique
5985;1373;Store;3;396;DÉBIT CARTE;03/07/2024;1;05/07/2024;10; 1 894 506,90 XOF ; 4 119 830,00 XOF ;Cameroun;Afrique
5986;1373;En ligne;4;1626;DÉBIT CARTE;03/07/2024;1;05/07/2024;10; 298 936,00 XOF ; 650 079,38 XOF ;Côte d'ivoire;Afrique
5987;4785;En ligne;4;1149;VIREMENT;03/07/2024;2;06/07/2024;9; 2 315 175,36 XOF ; 5 034 493,75 XOF ;Etats-Unis;Amérique
5988;2532;Store;2;1585;DÉBIT CARTE;03/07/2024;0;04/07/2024;9; 2 784 503,70 XOF ; 5 461 731,00 XOF ;Sénégal;Afrique
5989;9642;Store;3;1387;DÉBIT CARTE;03/07/2024;2;05/07/2024;8; 1 302 228,13 XOF ; 2 554 200,00 XOF ;Etats-Unis;Amérique
5990;9642;Store;1;1468;DÉBIT CARTE;03/07/2024;2;05/07/2024;6; 390 372,81 XOF ; 765 668,75 XOF ;Etats-Unis;Amérique
5991;9642;Store;2;1247;DÉBIT CARTE;03/07/2024;2;05/07/2024;5; 198 482,63 XOF ; 431 553,38 XOF ;Cameroun;Afrique
5992;12075;Store;4;1003;ESPÈCES;03/07/2024;2;08/07/2024;18; 17 944,44 XOF ; 35 179,38 XOF ;Cameroun;Afrique
5993;10406;Store;1;892;ESPÈCES;03/07/2024;1;05/07/2024;18; 240 349,04 XOF ; 522 665,00 XOF ;Sénégal;Afrique
5994;2974;Store;4;9;ESPÈCES;03/07/2024;2;09/07/2024;10; 177 375,00 XOF ; 347 655,00 XOF ;Côte d'ivoire;Afrique
5995;12075;Store;2;707;ESPÈCES;03/07/2024;2;08/07/2024;10; 102 806,55 XOF ; 223 492,50 XOF ;Côte d'ivoire;Afrique
5996;10406;Store;2;1361;ESPÈCES;03/07/2024;1;05/07/2024;10; 4 178 245,50 XOF ; 12 611 043,23 XOF ;Sénégal;Afrique
5997;12075;Store;3;822;ESPÈCES;03/07/2024;2;08/07/2024;9; 1 012 811,25 XOF ; 1 986 600,00 XOF ;Burkina Faso;Afrique
5998;12075;Store;4;869;ESPÈCES;03/07/2024;2;08/07/2024;9; 505 524,66 XOF ; 991 526,25 XOF ;Sénégal;Afrique
5999;271;Store;4;1056;ESPÈCES;04/07/2024;2;08/07/2024;20; 143 555,50 XOF ; 281 435,00 XOF ;Etats-Unis;Amérique
6000;2069;Store;4;281;ESPÈCES;04/07/2024;1;06/07/2024;18; 1 021 502,63 XOF ; 2 221 326,25 XOF ;Etats-Unis;Amérique
6001;2069;Store;4;1586;ESPÈCES;04/07/2024;1;06/07/2024;8; 409 830,85 XOF ; 891 297,55 XOF ;Etats-Unis;Amérique
6002;205;Store;3;1523;DÉBIT CARTE;04/07/2024;2;06/07/2024;26; 596 807,75 XOF ; 1 170 675,00 XOF ;Burkina Faso;Afrique
6003;6130;Store;3;596;DÉBIT CARTE;04/07/2024;4;07/07/2024;18; 466 638,15 XOF ; 915 255,00 XOF ;Etats-Unis;Amérique
6004;11613;En ligne;4;321;VIREMENT;04/07/2024;1;06/07/2024;16; 915 509,24 XOF ; 1 990 738,75 XOF ;Etats-Unis;Amérique
6005;6130;Store;4;913;DÉBIT CARTE;04/07/2024;4;07/07/2024;13; 3 570 133,05 XOF ; 7 002 765,00 XOF ;Sénégal;Afrique
6006;205;Store;3;1253;DÉBIT CARTE;04/07/2024;2;06/07/2024;12; 440 599,50 XOF ; 864 171,00 XOF ;Cameroun;Afrique
6007;11613;Store;2;710;VIREMENT;04/07/2024;1;06/07/2024;12; 754 233,98 XOF ; 1 479 307,50 XOF ;Cameroun;Afrique
6008;273;En ligne;4;1057;DÉBIT CARTE;04/07/2024;4;06/07/2024;12; 3 053 546,10 XOF ; 9 216 405,00 XOF ;Cameroun;Afrique
6009;767;En ligne;4;993;VIREMENT;04/07/2024;4;06/07/2024;12; 60 011,88 XOF ; 117 658,75 XOF ;Cameroun;Afrique
6010;11695;Store;4;1116;VIREMENT;04/07/2024;4;10/07/2024;10; 1 661 152,35 XOF ; 3 612 306,91 XOF ;Etats-Unis;Amérique
6011;4901;Store;4;257;DÉBIT CARTE;04/07/2024;4;08/07/2024;10; 682 462,14 XOF ; 2 059 915,00 XOF ;Cameroun;Afrique
6012;6130;Store;4;934;DÉBIT CARTE;04/07/2024;4;07/07/2024;10; 265 258,40 XOF ; 520 300,00 XOF ;Etats-Unis;Amérique
6013;205;Store;1;1452;DÉBIT CARTE;04/07/2024;2;06/07/2024;10; 391 407,50 XOF ; 851 163,50 XOF ;Etats-Unis;Amérique
6014;11613;Store;4;259;VIREMENT;04/07/2024;1;06/07/2024;10; 1 399 914,45 XOF ; 2 745 765,00 XOF ;Sénégal;Afrique
6015;273;Store;1;323;DÉBIT CARTE;04/07/2024;4;06/07/2024;10; 2 867 940,90 XOF ; 6 236 505,00 XOF ;Burkina Faso;Afrique
6016;11695;Store;4;637;VIREMENT;04/07/2024;4;10/07/2024;9; 731 671,88 XOF ; 1 591 053,75 XOF ;Sénégal;Afrique
6017;8712;Store;4;349;VIREMENT;04/07/2024;2;09/07/2024;9; 15 526,23 XOF ; 30 591,28 XOF ;Burkina Faso;Afrique
6018;1163;Store;3;716;DÉBIT CARTE;04/07/2024;4;09/07/2024;9; 1 229 953,73 XOF ; 2 674 815,00 XOF ;Etats-Unis;Amérique
6019;4901;En ligne;4;71;DÉBIT CARTE;04/07/2024;4;08/07/2024;9; 2 767 156,43 XOF ; 5 427 355,73 XOF ;Etats-Unis;Amérique
6020;205;Store;1;1114;DÉBIT CARTE;04/07/2024;2;06/07/2024;9; 402 404,75 XOF ; 875 050,00 XOF ;Sénégal;Afrique
6021;11695;Store;2;808;VIREMENT;04/07/2024;4;10/07/2024;5; 871 124,10 XOF ; 1 894 365,00 XOF ;Sénégal;Afrique
6022;11613;Store;1;312;VIREMENT;04/07/2024;1;06/07/2024;5; 150 709,63 XOF ; 295 565,88 XOF ;Cameroun;Afrique
6023;11695;Store;4;1470;VIREMENT;04/07/2024;4;10/07/2024;4; 1 468 239,30 XOF ; 3 192 750,00 XOF ;Cameroun;Afrique
6024;6130;En ligne;4;526;DÉBIT CARTE;04/07/2024;4;07/07/2024;4; 1 940 547,54 XOF ; 4 219 751,25 XOF ;Etats-Unis;Amérique
6025;271;Store;4;970;ESPÈCES;04/07/2024;2;08/07/2024;13; 459 519,50 XOF ; 999 212,50 XOF ;Cameroun;Afrique
6026;6978;Store;1;1568;ESPÈCES;04/07/2024;4;08/07/2024;9; 1 900 514,00 XOF ; 4 132 837,50 XOF ;Côte d'ivoire;Afrique
6027;271;Store;3;777;ESPÈCES;04/07/2024;2;08/07/2024;5; 1 555 460,50 XOF ; 3 050 850,00 XOF ;Etats-Unis;Amérique
6028;2365;Store;4;1495;ESPÈCES;05/07/2024;4;07/07/2024;12; 365 676,30 XOF ; 717 304,50 XOF ;Cameroun;Afrique
6029;2818;En ligne;4;2489;VIREMENT;05/07/2024;1;07/07/2024;200; 64 848,30 XOF ; 127 237,00 XOF ;Côte d'ivoire;Afrique
6030;434;Store;2;2506;VIREMENT;05/07/2024;1;07/07/2024;200; 4 231 434,35 XOF ; 8 299 612,75 XOF ;Côte d'ivoire;Afrique
6031;12025;En ligne;3;580;VIREMENT;05/07/2024;1;07/07/2024;30; 187 485,38 XOF ; 407 785,13 XOF ;Côte d'ivoire;Afrique
6032;2818;En ligne;3;323;VIREMENT;05/07/2024;1;07/07/2024;26; 1 508 467,95 XOF ; 2 958 615,00 XOF ;Côte d'ivoire;Afrique
6033;434;Store;2;79;VIREMENT;05/07/2024;1;07/07/2024;20; 976 396,16 XOF ; 2 123 178,75 XOF ;Burkina Faso;Afrique
6034;10642;Store;4;666;DÉBIT CARTE;05/07/2024;4;11/07/2024;18; 2 035 981,20 XOF ; 4 427 280,00 XOF ;Côte d'ivoire;Afrique
6035;434;Store;2;620;VIREMENT;05/07/2024;1;07/07/2024;18; 2 129 777,10 XOF ; 6 428 070,00 XOF ;Côte d'ivoire;Afrique
6036;11654;En ligne;4;1248;DÉBIT CARTE;05/07/2024;1;07/07/2024;16; 513 855,38 XOF ; 1 117 462,50 XOF ;Ghana;Afrique
6037;1466;Store;2;1171;VIREMENT;05/07/2024;2;11/07/2024;13; 175 364,75 XOF ; 381 356,25 XOF ;Ghana;Afrique
6038;4901;En ligne;4;1044;DÉBIT CARTE;05/07/2024;4;09/07/2024;13; 134 125,06 XOF ; 291 693,19 XOF ;Ghana;Afrique
6039;2818;Store;1;1396;VIREMENT;05/07/2024;1;07/07/2024;13; 98 230,28 XOF ; 213 524,03 XOF ;Ghana;Afrique
6040;12025;En ligne;4;666;VIREMENT;05/07/2024;1;07/07/2024;13; 901 301,50 XOF ; 1 767 837,50 XOF ;Burkina Faso;Afrique
6041;10642;En ligne;4;653;DÉBIT CARTE;05/07/2024;4;11/07/2024;12; 1 710 462,60 XOF ; 3 719 553,75 XOF ;Burkina Faso;Afrique
6042;1466;Store;2;478;VIREMENT;05/07/2024;2;11/07/2024;12; 904 257,75 XOF ; 1 773 690,88 XOF ;Côte d'ivoire;Afrique
6043;1466;Store;1;997;VIREMENT;05/07/2024;2;11/07/2024;12; 233 319,08 XOF ; 457 627,50 XOF ;Burkina Faso;Afrique
6044;4789;Store;2;452;VIREMENT;05/07/2024;4;10/07/2024;12; 2 447 030,03 XOF ; 5 321 143,58 XOF ;Burkina Faso;Afrique
6045;11654;Store;3;1513;DÉBIT CARTE;05/07/2024;1;07/07/2024;12; 434 982,63 XOF ; 945 940,88 XOF ;Burkina Faso;Afrique
6046;10642;Store;2;261;DÉBIT CARTE;05/07/2024;4;11/07/2024;10; 728 656,50 XOF ; 1 584 550,00 XOF ;Ghana;Afrique
6047;1466;Store;1;1595;VIREMENT;05/07/2024;2;11/07/2024;10; 1 278 944,70 XOF ; 2 781 240,00 XOF ;Ghana;Afrique
6048;2818;Store;3;864;VIREMENT;05/07/2024;1;07/07/2024;10; 176 310,75 XOF ; 532 125,00 XOF ;Burkina Faso;Afrique
6049;2818;Store;1;1499;VIREMENT;05/07/2024;1;07/07/2024;10; 6 518 886,00 XOF ; 14 175 810,00 XOF ;Burkina Faso;Afrique
6050;434;Store;2;1558;VIREMENT;05/07/2024;1;07/07/2024;10; 1 464 727,28 XOF ; 2 872 942,88 XOF ;Burkina Faso;Afrique
6051;434;Store;4;1199;VIREMENT;05/07/2024;1;07/07/2024;10; 2 152 859,50 XOF ; 6 497 837,50 XOF ;Burkina Faso;Afrique
6052;12025;Store;3;710;VIREMENT;05/07/2024;1;07/07/2024;10; 994 541,63 XOF ; 1 950 681,56 XOF ;Burkina Faso;Afrique
6053;1466;Store;3;302;VIREMENT;05/07/2024;2;11/07/2024;8; 1 272 074,38 XOF ; 2 495 075,00 XOF ;Cameroun;Afrique
6054;11654;Store;3;268;DÉBIT CARTE;05/07/2024;1;07/07/2024;8; 260 954,10 XOF ; 567 458,10 XOF ;Burkina Faso;Afrique
6055;12025;En ligne;4;1630;VIREMENT;05/07/2024;1;07/07/2024;8; 1 892 378,40 XOF ; 4 115 100,00 XOF ;Burkina Faso;Afrique
6056;4789;Store;4;1250;VIREMENT;05/07/2024;4;10/07/2024;6; 3 254 240,00 XOF ; 6 383 135,00 XOF ;Burkina Faso;Afrique
6057;11654;Store;3;497;DÉBIT CARTE;05/07/2024;1;07/07/2024;6; 761 293,50 XOF ; 1 655 500,00 XOF ;Burkina Faso;Afrique
6058;12025;Store;1;279;VIREMENT;05/07/2024;1;07/07/2024;6; 6 518 886,00 XOF ; 14 175 810,00 XOF ;Côte d'ivoire;Afrique
6059;2365;Store;3;1260;ESPÈCES;05/07/2024;4;07/07/2024;18; 484 499,81 XOF ; 1 053 607,50 XOF ;Côte d'ivoire;Afrique
6060;2365;Store;4;1084;ESPÈCES;05/07/2024;4;07/07/2024;9; 694 174,80 XOF ; 1 361 530,50 XOF ;Côte d'ivoire;Afrique
6061;5902;Store;3;48;ESPÈCES;05/07/2024;1;07/07/2024;5; 223 019,50 XOF ; 437 406,75 XOF ;Côte d'ivoire;Afrique
6062;5621;Store;4;27;ESPÈCES;06/07/2024;4;11/07/2024;26; 212 850,00 XOF ; 417 186,00 XOF ;Côte d'ivoire;Afrique
6063;2837;Store;4;1214;ESPÈCES;06/07/2024;2;10/07/2024;5; 614 231,89 XOF ; 1 335 633,75 XOF ;Burkina Faso;Afrique
6064;9260;Store;4;1317;ESPÈCES;06/07/2024;2;08/07/2024;4; 1 154 356,50 XOF ; 2 264 191,88 XOF ;Côte d'ivoire;Afrique
6065;9693;En ligne;4;97;DÉBIT CARTE;06/07/2024;2;09/07/2024;26; 2 578 429,43 XOF ; 5 057 552,50 XOF ;Côte d'ivoire;Afrique
6066;4381;En ligne;4;367;DÉBIT CARTE;06/07/2024;4;12/07/2024;20; 1 710 462,60 XOF ; 3 719 553,75 XOF ;Ghana;Afrique
6067;5544;En ligne;3;903;DÉBIT CARTE;06/07/2024;1;08/07/2024;15; 3 801 028,00 XOF ; 8 265 675,00 XOF ;Ghana;Afrique
6068;4381;Store;1;637;DÉBIT CARTE;06/07/2024;4;12/07/2024;10; 399 685,00 XOF ; 869 137,50 XOF ;Ghana;Afrique
6069;4381;Store;3;638;DÉBIT CARTE;06/07/2024;4;12/07/2024;10; 84 607,88 XOF ; 166 023,00 XOF ;Ghana;Afrique
6070;4381;Store;1;528;DÉBIT CARTE;06/07/2024;4;12/07/2024;10; 78 813,63 XOF ; 171 403,38 XOF ;Burkina Faso;Afrique
6071;9693;Store;2;687;DÉBIT CARTE;06/07/2024;2;09/07/2024;10; 2 113 718,75 XOF ; 4 596 377,50 XOF ;Burkina Faso;Afrique
6072;9693;Store;4;271;DÉBIT CARTE;06/07/2024;2;09/07/2024;10; 1 730 896,20 XOF ; 3 394 957,50 XOF ;Burkina Faso;Afrique
6073;5544;Store;1;1318;DÉBIT CARTE;06/07/2024;1;08/07/2024;5; 313 126,00 XOF ; 614 427,00 XOF ;Burkina Faso;Afrique
6074;5544;En ligne;4;826;DÉBIT CARTE;06/07/2024;1;08/07/2024;4; 480 698,08 XOF ; 1 045 330,00 XOF ;Côte d'ivoire;Afrique
6075;9260;Store;3;285;ESPÈCES;06/07/2024;2;08/07/2024;26; 533 544,00 XOF ; 1 046 512,50 XOF ;Burkina Faso;Afrique
6076;9260;Store;4;1273;ESPÈCES;06/07/2024;2;08/07/2024;26; 485 298,00 XOF ; 950 730,00 XOF ;Burkina Faso;Afrique
6077;11147;Store;3;1586;ESPÈCES;06/07/2024;2;10/07/2024;20; 1 242 511,88 XOF ; 2 437 132,50 XOF ;Burkina Faso;Afrique
6078;5902;Store;2;667;ESPÈCES;06/07/2024;1;08/07/2024;13; 944 947,58 XOF ; 2 852 190,00 XOF ;Burkina Faso;Afrique
6079;5621;Store;1;1117;ESPÈCES;06/07/2024;4;11/07/2024;12; 812 448,45 XOF ; 1 766 655,00 XOF ;Burkina Faso;Afrique
6080;5902;Store;4;1117;ESPÈCES;06/07/2024;1;08/07/2024;12; 125 818,00 XOF ; 246 728,63 XOF ;Cameroun;Afrique
6081;9260;Store;2;1319;ESPÈCES;06/07/2024;2;08/07/2024;12; 254 426,70 XOF ; 553 268,10 XOF ;Burkina Faso;Afrique
6082;11147;Store;2;793;ESPÈCES;06/07/2024;2;10/07/2024;10; 76 862,50 XOF ; 150 768,75 XOF ;Côte d'ivoire;Afrique
6083;2837;Store;2;1469;ESPÈCES;06/07/2024;2;10/07/2024;10; 47 950,38 XOF ; 94 008,75 XOF ;Burkina Faso;Afrique
6084;5902;Store;3;320;ESPÈCES;06/07/2024;1;08/07/2024;10; 723 406,20 XOF ; 1 419 000,00 XOF ;Burkina Faso;Afrique
6085;9260;Store;4;1545;ESPÈCES;06/07/2024;2;08/07/2024;10; 1 506 505,00 XOF ; 2 955 067,50 XOF ;Burkina Faso;Afrique
6086;5621;Store;4;116;ESPÈCES;06/07/2024;4;11/07/2024;9; 999 094,25 XOF ; 3 015 375,00 XOF ;Ghana;Afrique
6087;2837;Store;4;260;ESPÈCES;06/07/2024;2;10/07/2024;9; 88 066,69 XOF ; 191 511,79 XOF ;Burkina Faso;Afrique
6088;11147;Store;2;759;ESPÈCES;06/07/2024;2;10/07/2024;5; 30 721,35 XOF ; 60 272,03 XOF ;Ghana;Afrique
6089;2837;Store;2;481;ESPÈCES;06/07/2024;2;10/07/2024;5; 298 403,88 XOF ; 585 337,50 XOF ;Burkina Faso;Afrique
6090;2837;Store;1;1639;ESPÈCES;06/07/2024;2;10/07/2024;5; 9 160 638,30 XOF ; 27 649 215,00 XOF ;Burkina Faso;Afrique
6091;4260;Store;3;430;ESPÈCES;07/07/2024;4;10/07/2024;30; 2 280 616,80 XOF ; 4 959 405,00 XOF ;Ghana;Afrique
6092;412;Store;3;974;ESPÈCES;07/07/2024;4;13/07/2024;24; 1 223 651,00 XOF ; 3 693 243,13 XOF ;Cameroun;Afrique
6093;4260;Store;4;1181;ESPÈCES;07/07/2024;4;10/07/2024;13; 65 037,50 XOF ; 127 532,63 XOF ;Ghana;Afrique
6094;230;En ligne;4;1299;DÉBIT CARTE;07/07/2024;4;12/07/2024;24; 68 271,64 XOF ; 148 462,88 XOF ;Ghana;Afrique
6095;230;En ligne;4;356;DÉBIT CARTE;07/07/2024;4;12/07/2024;13; 5 423 418,00 XOF ; 10 638 243,00 XOF ;Ghana;Afrique
6096;824;Store;1;372;DÉBIT CARTE;07/07/2024;4;10/07/2024;13; 317 856,00 XOF ; 691 171,25 XOF ;Ghana;Afrique
6097;8121;Store;1;709;DÉBIT CARTE;07/07/2024;1;09/07/2024;13; 1 574 912,63 XOF ; 4 753 650,00 XOF ;Ghana;Afrique
6098;2731;Store;4;320;VIREMENT;07/07/2024;1;09/07/2024;13; 2 563 423,50 XOF ; 7 737 097,50 XOF ;Burkina Faso;Afrique
6099;2731;En ligne;4;430;VIREMENT;07/07/2024;1;09/07/2024;12; 701 713,24 XOF ; 2 117 857,50 XOF ;Ghana;Afrique
6100;4381;Store;3;1168;DÉBIT CARTE;07/07/2024;4;13/07/2024;10; 1 609 619,00 XOF ; 3 500 200,00 XOF ;Ghana;Afrique
6101;620;En ligne;4;1306;DÉBIT CARTE;07/07/2024;4;13/07/2024;10; 32 518,75 XOF ; 63 766,31 XOF ;Ghana;Afrique
6102;230;Store;1;789;DÉBIT CARTE;07/07/2024;4;12/07/2024;10; 130 264,20 XOF ; 255 420,00 XOF ;Burkina Faso;Afrique
6103;2548;Store;2;267;DÉBIT CARTE;07/07/2024;4;11/07/2024;10; 1 144 866,94 XOF ; 2 245 567,50 XOF ;Ghana;Afrique
6104;4460;En ligne;4;1218;VIREMENT;07/07/2024;4;11/07/2024;10; 2 425 189,25 XOF ; 7 319 675,00 XOF ;Ghana;Afrique
6105;1258;Store;3;301;VIREMENT;07/07/2024;4;10/07/2024;10; 814 470,53 XOF ; 2 458 417,50 XOF ;Burkina Faso;Afrique
6106;6811;En ligne;4;403;DÉBIT CARTE;07/07/2024;4;09/07/2024;10; 481 839,19 XOF ; 1 047 754,13 XOF ;Ghana;Afrique
6107;4460;Store;1;1196;VIREMENT;07/07/2024;4;11/07/2024;9; 3 095 134,63 XOF ; 9 341 750,00 XOF ;Ghana;Afrique
6108;4460;Store;3;1179;VIREMENT;07/07/2024;4;11/07/2024;9; 2 060 979,25 XOF ; 4 481 675,00 XOF ;Ghana;Afrique
6109;4460;Store;3;1390;VIREMENT;07/07/2024;4;11/07/2024;9; 162 487,33 XOF ; 353 413,78 XOF ;Burkina Faso;Afrique
6110;1258;En ligne;3;798;VIREMENT;07/07/2024;4;10/07/2024;9; 125 818,00 XOF ; 246 728,63 XOF ;Ghana;Afrique
6111;2731;Store;1;763;VIREMENT;07/07/2024;1;09/07/2024;9; 652 527,15 XOF ; 1 419 000,00 XOF ;Ghana;Afrique
6112;9945;Store;3;165;VIREMENT;07/07/2024;4;09/07/2024;9; 81 243,66 XOF ; 176 706,89 XOF ;Ghana;Afrique
6113;2930;Store;4;1103;VIREMENT;07/07/2024;4;12/07/2024;8; 1 036 685,93 XOF ; 3 128 895,00 XOF ;Burkina Faso;Afrique
6114;9945;Store;3;1073;VIREMENT;07/07/2024;4;09/07/2024;8; 876 090,60 XOF ; 1 905 007,50 XOF ;Côte d'ivoire;Afrique
6115;9945;Store;4;1158;VIREMENT;07/07/2024;4;09/07/2024;8; 234 135,00 XOF ; 459 401,25 XOF ;Burkina Faso;Afrique
6116;9945;En ligne;4;1453;VIREMENT;07/07/2024;4;09/07/2024;8; 664 476,31 XOF ; 1 445 015,00 XOF ;Burkina Faso;Afrique
6117;2548;Store;3;740;DÉBIT CARTE;07/07/2024;4;11/07/2024;6; 113 768,33 XOF ; 223 066,80 XOF ;Burkina Faso;Afrique
6118;412;Store;3;985;ESPÈCES;07/07/2024;4;13/07/2024;12; 565 530,63 XOF ; 1 229 800,00 XOF ;Ghana;Afrique
6119;8192;Store;4;323;ESPÈCES;07/07/2024;4;11/07/2024;12; 625 365,13 XOF ; 1 359 875,00 XOF ;Côte d'ivoire;Afrique
6120;8192;Store;2;615;ESPÈCES;07/07/2024;4;11/07/2024;12; 619 890,15 XOF ; 1 348 050,00 XOF ;Burkina Faso;Afrique
6121;412;Store;4;1273;ESPÈCES;07/07/2024;4;13/07/2024;10; 1 194 673,84 XOF ; 2 597 952,50 XOF ;Ghana;Afrique
6122;412;Store;3;828;ESPÈCES;07/07/2024;4;13/07/2024;8; 282 097,20 XOF ; 553 339,05 XOF ;Ghana;Afrique
6123;412;Store;4;374;ESPÈCES;07/07/2024;4;13/07/2024;6; 343 398,00 XOF ; 672 606,00 XOF ;Ghana;Afrique
6124;4631;Store;3;1136;ESPÈCES;08/07/2024;2;12/07/2024;12; 2 272 292,00 XOF ; 6 858 263,50 XOF ;Burkina Faso;Afrique
6125;10807;Store;4;1010;ESPÈCES;08/07/2024;1;10/07/2024;12; 53 851,05 XOF ; 117 067,50 XOF ;Ghana;Afrique
6126;10807;Store;4;390;ESPÈCES;08/07/2024;1;10/07/2024;10; 3 431 142,00 XOF ; 6 731 736,00 XOF ;Burkina Faso;Afrique
6127;11199;Store;4;994;ESPÈCES;08/07/2024;1;10/07/2024;10; 929 835,23 XOF ; 2 022 075,00 XOF ;Ghana;Afrique
6128;6137;Store;3;2515;VIREMENT;08/07/2024;2;11/07/2024;80; 1 084 825,50 XOF ; 2 127 790,50 XOF ;Ghana;Afrique
6129;10801;En ligne;3;171;VIREMENT;08/07/2024;1;10/07/2024;24; 361 608,50 XOF ; 709 381,75 XOF ;Burkina Faso;Afrique
6130;6137;Store;2;1377;VIREMENT;08/07/2024;2;11/07/2024;20; 511 135,63 XOF ; 1 111 550,00 XOF ;Burkina Faso;Afrique
6131;3785;Store;1;1155;DÉBIT CARTE;08/07/2024;4;13/07/2024;13; 512 495,50 XOF ; 1 114 506,25 XOF ;Ghana;Afrique
6132;10801;Store;1;1063;VIREMENT;08/07/2024;1;10/07/2024;13; 599 456,55 XOF ; 1 809 225,00 XOF ;Ghana;Afrique
6133;2161;Store;2;1013;DÉBIT CARTE;08/07/2024;1;10/07/2024;12; 1 517 194,80 XOF ; 3 299 175,00 XOF ;Burkina Faso;Afrique
6134;2161;En ligne;4;18;DÉBIT CARTE;08/07/2024;1;10/07/2024;12; 219 424,70 XOF ; 430 430,00 XOF ;Ghana;Afrique
6135;6137;Store;2;1224;VIREMENT;08/07/2024;2;11/07/2024;10; 1 001 086,76 XOF ; 1 963 541,25 XOF ;Burkina Faso;Afrique
6136;6137;Store;2;987;VIREMENT;08/07/2024;2;11/07/2024;10; 1 143 146,40 XOF ; 2 242 020,00 XOF ;Burkina Faso;Afrique
6137;10801;Store;4;1202;VIREMENT;08/07/2024;1;10/07/2024;10; 1 823 840,70 XOF ; 3 966 105,00 XOF ;Ghana;Afrique
6138;10801;En ligne;3;162;VIREMENT;08/07/2024;1;10/07/2024;10; 208 001,75 XOF ; 407 962,50 XOF ;Cameroun;Afrique
6139;230;En ligne;4;1411;DÉBIT CARTE;08/07/2024;4;13/07/2024;9; 88 391,88 XOF ; 192 156,25 XOF ;Ghana;Afrique
6140;6137;Store;1;1099;VIREMENT;08/07/2024;2;11/07/2024;9; 90 402,13 XOF ; 177 345,44 XOF ;Ghana;Afrique
6141;2161;Store;3;528;DÉBIT CARTE;08/07/2024;1;10/07/2024;9; 226 472,40 XOF ; 444 111,53 XOF ;Ghana;Afrique
6142;11199;Store;3;459;ESPÈCES;08/07/2024;1;10/07/2024;18; 838 309,73 XOF ; 1 644 266,25 XOF ;Ghana;Afrique
6143;11199;Store;3;1380;ESPÈCES;08/07/2024;1;10/07/2024;13; 102 457,71 XOF ; 222 824,39 XOF ;Ghana;Afrique
6144;4631;Store;3;1369;ESPÈCES;08/07/2024;2;12/07/2024;12; 7 419 525,30 XOF ; 16 134 030,00 XOF ;Burkina Faso;Afrique
6145;4631;Store;4;383;ESPÈCES;08/07/2024;2;12/07/2024;10; 359 929,35 XOF ; 705 952,50 XOF ;Ghana;Afrique
6146;3393;Store;2;577;ESPÈCES;08/07/2024;1;10/07/2024;10; 44 006,74 XOF ; 95 729,29 XOF ;Burkina Faso;Afrique
6147;10807;Store;2;632;ESPÈCES;08/07/2024;1;10/07/2024;6; 130 370,63 XOF ; 283 504,38 XOF ;Côte d'ivoire;Afrique
6148;3393;Store;1;706;ESPÈCES;08/07/2024;1;10/07/2024;5; 489 555,00 XOF ; 960 190,00 XOF ;Gabon;Afrique
6149;1744;Store;4;710;ESPÈCES;09/07/2024;4;14/07/2024;26; 842 886,00 XOF ; 1 832 875,00 XOF ;Gabon;Afrique
6150;465;Store;4;976;ESPÈCES;09/07/2024;4;15/07/2024;24; 62 495,13 XOF ; 135 928,38 XOF ;Côte d'ivoire;Afrique
6151;9410;Store;4;246;ESPÈCES;09/07/2024;4;15/07/2024;12; 65 061,15 XOF ; 141 545,25 XOF ;Côte d'ivoire;Afrique
6152;11536;Store;4;932;ESPÈCES;09/07/2024;4;12/07/2024;12; 424 162,75 XOF ; 922 350,00 XOF ;Sénégal;Afrique
6153;11536;Store;3;897;ESPÈCES;09/07/2024;4;12/07/2024;12; 1 135 341,90 XOF ; 2 469 060,00 XOF ;Belgique;Europe
6154;1909;Store;3;1526;ESPÈCES;09/07/2024;1;11/07/2024;10; 699 833,06 XOF ; 1 521 877,50 XOF ;Belgique;Europe
6155;11641;En ligne;4;1592;DÉBIT CARTE;09/07/2024;4;12/07/2024;30; 532 272,81 XOF ; 1 606 426,25 XOF ;Sénégal;Afrique
6156;10967;Store;4;75;VIREMENT;09/07/2024;0;09/07/2024;24; 1 548 962,66 XOF ; 3 368 351,25 XOF ;France;Europe
6157;11641;Store;4;513;DÉBIT CARTE;09/07/2024;4;12/07/2024;13; 2 117 254,43 XOF ; 4 604 063,75 XOF ;Côte d'ivoire;Afrique
6158;8832;Store;2;953;VIREMENT;09/07/2024;0;09/07/2024;13; 210 437,70 XOF ; 457 627,50 XOF ;Gabon;Afrique
6159;8832;Store;3;1196;VIREMENT;09/07/2024;0;09/07/2024;13; 1 049 941,75 XOF ; 3 169 100,00 XOF ;Côte d'ivoire;Afrique
6160;4153;Store;3;154;DÉBIT CARTE;09/07/2024;0;09/07/2024;13; 7 189 257,08 XOF ; 15 633 832,50 XOF ;Sénégal;Afrique
6161;3785;En ligne;4;1033;DÉBIT CARTE;09/07/2024;4;14/07/2024;12; 34 410,75 XOF ; 74 852,25 XOF ;Gabon;Afrique
6162;8416;En ligne;4;392;DÉBIT CARTE;09/07/2024;2;12/07/2024;12; 6 111 633,00 XOF ; 18 445 581,00 XOF ;Sénégal;Afrique
6163;1321;Store;4;307;DÉBIT CARTE;09/07/2024;4;11/07/2024;12; 3 003 260,29 XOF ; 5 890 623,75 XOF ;Côte d'ivoire;Afrique
6164;10338;En ligne;4;1474;VIREMENT;09/07/2024;4;15/07/2024;10; 1 465 791,53 XOF ; 3 187 428,75 XOF ;Côte d'ivoire;Afrique
6165;10338;Store;1;1081;VIREMENT;09/07/2024;4;15/07/2024;10; 455 948,35 XOF ; 991 526,25 XOF ;Côte d'ivoire;Afrique
6166;3763;Store;1;818;VIREMENT;09/07/2024;4;13/07/2024;10; 343 398,00 XOF ; 672 606,00 XOF ;France;Europe
6167;3763;Store;4;1336;VIREMENT;09/07/2024;4;13/07/2024;10; 130 075,00 XOF ; 255 065,25 XOF ;Belgique;Europe
6168;11641;Store;4;850;DÉBIT CARTE;09/07/2024;4;12/07/2024;10; 393 063,00 XOF ; 770 990,00 XOF ;Belgique;Europe
6169;5772;Store;2;1156;DÉBIT CARTE;09/07/2024;4;11/07/2024;10; 1 622 342,70 XOF ; 3 182 107,50 XOF ;Ghana;Afrique
6170;11658;En ligne;3;814;VIREMENT;09/07/2024;2;11/07/2024;10; 6 269 283,90 XOF ; 18 922 365,00 XOF ;Sénégal;Afrique
6171;5973;Store;1;1357;VIREMENT;09/07/2024;0;09/07/2024;10; 78 813,63 XOF ; 171 403,38 XOF ;Gabon;Afrique
6172;4153;Store;3;1132;DÉBIT CARTE;09/07/2024;0;09/07/2024;10; 901 301,50 XOF ; 1 767 837,50 XOF ;Gabon;Afrique
6173;8416;En ligne;4;1068;DÉBIT CARTE;09/07/2024;2;12/07/2024;9; 991 703,63 XOF ; 1 945 212,50 XOF ;Ghana;Afrique
6174;10967;Store;3;1509;VIREMENT;09/07/2024;0;09/07/2024;9; 3 461 792,40 XOF ; 6 789 915,00 XOF ;Sénégal;Afrique
6175;10967;Store;4;1660;VIREMENT;09/07/2024;0;09/07/2024;9; 1 685 772,00 XOF ; 3 665 750,00 XOF ;Côte d'ivoire;Afrique
6176;4153;Store;2;1611;DÉBIT CARTE;09/07/2024;0;09/07/2024;9; 975 136,80 XOF ; 1 912 812,00 XOF ;Ghana;Afrique
6177;11641;Store;2;910;DÉBIT CARTE;09/07/2024;4;12/07/2024;6; 792 156,75 XOF ; 1 553 805,00 XOF ;Côte d'ivoire;Afrique
6178;5973;Store;2;829;VIREMENT;09/07/2024;0;09/07/2024;6; 509 302,75 XOF ; 1 537 190,88 XOF ;Gabon;Afrique
6179;8416;Store;4;1268;DÉBIT CARTE;09/07/2024;2;12/07/2024;5; 2 578 429,43 XOF ; 5 057 552,50 XOF ;Sénégal;Afrique
6180;4153;Store;3;509;DÉBIT CARTE;09/07/2024;0;09/07/2024;5; 891 841,50 XOF ; 1 939 300,00 XOF ;Belgique;Europe
6181;11641;Store;1;279;DÉBIT CARTE;09/07/2024;4;12/07/2024;4; 812 968,75 XOF ; 1 767 837,50 XOF ;Ghana;Afrique
6182;10967;Store;2;837;VIREMENT;09/07/2024;0;09/07/2024;4; 6 673 911,75 XOF ; 13 090 275,00 XOF ;Ghana;Afrique
6183;1744;Store;2;300;ESPÈCES;09/07/2024;4;14/07/2024;24; 538 297,65 XOF ; 1 624 755,00 XOF ;Sénégal;Afrique
6184;11536;Store;3;176;ESPÈCES;09/07/2024;4;12/07/2024;18; 2 047 386,41 XOF ; 6 179 745,00 XOF ;France;Europe
6185;465;Store;4;1229;ESPÈCES;09/07/2024;4;15/07/2024;12; 1 239 851,25 XOF ; 2 696 100,00 XOF ;Côte d'ivoire;Afrique
6186;1744;Store;1;1141;ESPÈCES;09/07/2024;4;14/07/2024;12; 3 714 161,55 XOF ; 11 210 100,00 XOF ;Côte d'ivoire;Afrique
6187;1909;Store;3;542;ESPÈCES;09/07/2024;1;11/07/2024;12; 1 095 751,80 XOF ; 2 382 737,50 XOF ;Sénégal;Afrique
6188;1909;Store;1;980;ESPÈCES;09/07/2024;1;11/07/2024;12; 82 585,80 XOF ; 179 645,40 XOF ;Sénégal;Afrique
6189;465;Store;4;155;ESPÈCES;09/07/2024;4;15/07/2024;10; 382 704,30 XOF ; 750 651,00 XOF ;France;Europe
6190;465;Store;2;1120;ESPÈCES;09/07/2024;4;15/07/2024;9; 8 148 607,50 XOF ; 17 719 762,50 XOF ;Côte d'ivoire;Afrique
6191;465;Store;4;1037;ESPÈCES;09/07/2024;4;15/07/2024;9; 411 651,90 XOF ; 807 411,00 XOF ;Côte d'ivoire;Afrique
6192;863;Store;3;443;ESPÈCES;10/07/2024;4;14/07/2024;36; 1 024 872,75 XOF ; 2 010 131,75 XOF ;Sénégal;Afrique
6193;7728;Store;4;815;ESPÈCES;10/07/2024;4;13/07/2024;30; 1 794 739,38 XOF ; 3 520 302,50 XOF ;Sénégal;Afrique
6194;1895;Store;4;710;VIREMENT;10/07/2024;4;13/07/2024;20; 204 809,00 XOF ; 401 813,50 XOF ;France;Europe
6195;2854;En ligne;4;920;VIREMENT;10/07/2024;4;12/07/2024;20; 1 465 791,53 XOF ; 3 187 428,75 XOF ;Sénégal;Afrique
6196;2854;Store;3;1608;VIREMENT;10/07/2024;4;12/07/2024;20; 51 586,56 XOF ; 112 189,69 XOF ;Sénégal;Afrique
6197;2854;En ligne;3;953;VIREMENT;10/07/2024;4;12/07/2024;12; 358 912,40 XOF ; 780 450,00 XOF ;Sénégal;Afrique
6198;6901;Store;1;1605;VIREMENT;10/07/2024;4;12/07/2024;10; 298 415,70 XOF ; 585 284,29 XOF ;Sénégal;Afrique
6199;1895;Store;2;1418;VIREMENT;10/07/2024;4;13/07/2024;9; 3 420 925,20 XOF ; 7 439 107,50 XOF ;Belgique;Europe
6200;2854;En ligne;4;323;VIREMENT;10/07/2024;4;12/07/2024;9; 4 046 172,08 XOF ; 12 212 268,75 XOF ;Côte d'ivoire;Afrique
6201;6901;Store;3;938;VIREMENT;10/07/2024;4;12/07/2024;9; 670 430,20 XOF ; 1 314 940,00 XOF ;Belgique;Europe
6202;6901;Store;1;883;VIREMENT;10/07/2024;4;12/07/2024;6; 631 366,31 XOF ; 1 372 882,50 XOF ;Ghana;Afrique
6203;6901;Store;3;789;VIREMENT;10/07/2024;4;12/07/2024;5; 1 900 514,00 XOF ; 4 132 837,50 XOF ;Gabon;Afrique
6204;7498;Store;1;331;DÉBIT CARTE;10/07/2024;4;14/07/2024;4; 251 411,33 XOF ; 493 102,50 XOF ;Sénégal;Afrique
6205;7498;Store;1;771;DÉBIT CARTE;10/07/2024;4;14/07/2024;4; 1 373 592,00 XOF ; 2 690 424,00 XOF ;Côte d'ivoire;Afrique
6206;1895;Store;3;526;VIREMENT;10/07/2024;4;13/07/2024;4; 1 880 671,65 XOF ; 3 689 092,55 XOF ;Belgique;Europe
6207;7728;Store;2;1265;ESPÈCES;10/07/2024;4;13/07/2024;26; 2 002 812,08 XOF ; 6 044 940,00 XOF ;Ghana;Afrique
6208;9410;Store;4;1252;ESPÈCES;10/07/2024;4;16/07/2024;18; 452 483,63 XOF ; 1 365 787,50 XOF ;France;Europe
6209;863;Store;4;1193;ESPÈCES;10/07/2024;4;14/07/2024;13; 4 005 624,15 XOF ; 12 089 880,00 XOF ;Sénégal;Afrique
6210;7728;Store;2;1438;ESPÈCES;10/07/2024;4;13/07/2024;9; 858 022,00 XOF ; 2 589 675,00 XOF ;Ghana;Afrique
6211;11822;Store;4;1321;ESPÈCES;11/07/2024;4;17/07/2024;12; 2 185 969,50 XOF ; 4 753 650,00 XOF ;Belgique;Europe
6212;11822;Store;4;227;ESPÈCES;11/07/2024;4;17/07/2024;9; 4 696 748,10 XOF ; 14 175 810,00 XOF ;Gabon;Afrique
6213;332;Store;3;1127;DÉBIT CARTE;11/07/2024;4;17/07/2024;26; 532 272,81 XOF ; 1 606 426,25 XOF ;Gabon;Afrique
6214;5557;Store;2;373;DÉBIT CARTE;11/07/2024;2;14/07/2024;20; 345 053,50 XOF ; 750 296,25 XOF ;Belgique;Europe
6215;5557;Store;3;303;DÉBIT CARTE;11/07/2024;2;14/07/2024;20; 1 304 947,88 XOF ; 2 837 822,63 XOF ;Etats-Unis;Amérique
6216;12288;Store;1;1047;DÉBIT CARTE;11/07/2024;4;16/07/2024;12; 629 965,05 XOF ; 1 901 460,00 XOF ;Etats-Unis;Amérique
6217;7498;Store;4;1659;DÉBIT CARTE;11/07/2024;4;15/07/2024;12; 144 454,20 XOF ; 283 516,20 XOF ;Canada;Amérique
6218;7498;Store;1;1585;DÉBIT CARTE;11/07/2024;4;15/07/2024;12; 412 290,45 XOF ; 808 723,58 XOF ;Etats-Unis;Amérique
6219;6621;Store;3;1638;VIREMENT;11/07/2024;4;15/07/2024;12; 352 586,03 XOF ; 1 064 250,00 XOF ;France;Europe
6220;6621;Store;2;1430;VIREMENT;11/07/2024;4;15/07/2024;12; 5 999 886,75 XOF ; 18 108 805,00 XOF ;Etats-Unis;Amérique
6221;6621;En ligne;4;1053;VIREMENT;11/07/2024;4;15/07/2024;12; 34 410,75 XOF ; 74 852,25 XOF ;Etats-Unis;Amérique
6222;332;Store;3;1139;DÉBIT CARTE;11/07/2024;4;17/07/2024;10; 803 934,45 XOF ; 2 426 490,00 XOF ;Etats-Unis;Amérique
6223;6621;Store;4;1322;VIREMENT;11/07/2024;4;15/07/2024;10; 116 677,28 XOF ; 253 646,25 XOF ;Canada;Amérique
6224;6621;Store;2;1415;VIREMENT;11/07/2024;4;15/07/2024;10; 1 109 587,05 XOF ; 2 176 391,25 XOF ;Etats-Unis;Amérique
6225;8597;Store;1;1446;VIREMENT;11/07/2024;2;14/07/2024;10; 4 045 852,80 XOF ; 8 797 800,00 XOF ;Etats-Unis;Amérique
6226;5557;Store;4;237;DÉBIT CARTE;11/07/2024;2;14/07/2024;10; 1 394 752,84 XOF ; 3 033 112,50 XOF ;Canada;Amérique
6227;332;Store;3;1389;DÉBIT CARTE;11/07/2024;4;17/07/2024;8; 135 159,75 XOF ; 407 962,50 XOF ;France;Europe
6228;332;Store;1;1270;DÉBIT CARTE;11/07/2024;4;17/07/2024;5; 538 333,13 XOF ; 1 170 675,00 XOF ;Etats-Unis;Amérique
6229;7498;Store;1;900;DÉBIT CARTE;11/07/2024;4;15/07/2024;5; 59 757,64 XOF ; 180 390,38 XOF ;Etats-Unis;Amérique
6230;5557;Store;3;843;DÉBIT CARTE;11/07/2024;2;14/07/2024;5; 616 626,45 XOF ; 1 340 955,00 XOF ;Canada;Amérique
6231;5557;Store;2;484;DÉBIT CARTE;11/07/2024;2;14/07/2024;5; 119 136,88 XOF ; 259 026,63 XOF ;Côte d'ivoire;Afrique
6232;11822;Store;3;1434;ESPÈCES;11/07/2024;4;17/07/2024;13; 622 645,38 XOF ; 1 353 962,50 XOF ;Etats-Unis;Amérique
6233;8456;Store;2;203;ESPÈCES;11/07/2024;2;16/07/2024;13; 143 602,80 XOF ; 312 180,00 XOF ;France;Europe
6234;6508;Store;2;687;ESPÈCES;11/07/2024;4;13/07/2024;13; 75 845,55 XOF ; 148 711,20 XOF ;Canada;Amérique
6235;6508;Store;3;701;ESPÈCES;11/07/2024;4;13/07/2024;10; 2 224 637,25 XOF ; 4 363 425,00 XOF ;Canada;Amérique
6236;11822;Store;4;1357;ESPÈCES;11/07/2024;4;17/07/2024;9; 1 116 965,85 XOF ; 2 428 855,00 XOF ;Canada;Amérique
6237;6508;Store;3;1301;ESPÈCES;11/07/2024;4;13/07/2024;9; 1 628 657,25 XOF ; 3 541 587,50 XOF ;Canada;Amérique
6238;6508;Store;3;1452;ESPÈCES;11/07/2024;4;13/07/2024;9; 401 967,23 XOF ; 1 213 245,00 XOF ;Etats-Unis;Amérique
6239;8456;Store;4;148;ESPÈCES;11/07/2024;2;16/07/2024;6; 1 728 407,04 XOF ; 3 758 576,25 XOF ;France;Europe
6240;9182;Store;3;678;ESPÈCES;11/07/2024;4;15/07/2024;6; 54 217,63 XOF ; 117 954,38 XOF ;Etats-Unis;Amérique
6241;2388;Store;4;1635;ESPÈCES;12/07/2024;4;14/07/2024;6; 1 084 116,00 XOF ; 2 127 081,00 XOF ;Etats-Unis;Amérique
6242;8787;En ligne;4;1440;DÉBIT CARTE;12/07/2024;1;14/07/2024;26; 2 424 704,43 XOF ; 5 272 767,50 XOF ;Etats-Unis;Amérique
6243;8192;Store;3;645;VIREMENT;12/07/2024;1;14/07/2024;24; 854 474,50 XOF ; 2 579 032,50 XOF ;Canada;Amérique
6244;6303;Store;1;423;DÉBIT CARTE;12/07/2024;4;16/07/2024;20; 2 459 694,60 XOF ; 4 824 600,00 XOF ;Côte d'ivoire;Afrique
6245;6303;Store;1;1271;DÉBIT CARTE;12/07/2024;4;16/07/2024;20; 544 724,54 XOF ; 1 068 388,75 XOF ;Etats-Unis;Amérique
6246;12184;En ligne;4;1206;DÉBIT CARTE;12/07/2024;2;18/07/2024;13; 409 215,95 XOF ; 889 760,30 XOF ;Etats-Unis;Amérique
6247;8787;Store;1;658;DÉBIT CARTE;12/07/2024;1;14/07/2024;13; 1 532 094,30 XOF ; 4 624 166,25 XOF ;Etats-Unis;Amérique
6248;6303;En ligne;4;942;DÉBIT CARTE;12/07/2024;4;16/07/2024;12; 1 596 162,15 XOF ; 4 817 505,00 XOF ;Etats-Unis;Amérique
6249;6303;Store;2;614;DÉBIT CARTE;12/07/2024;4;16/07/2024;12; 209 509,44 XOF ; 410 918,75 XOF ;Etats-Unis;Amérique
6250;941;Store;4;1276;VIREMENT;12/07/2024;1;14/07/2024;12; 420 591,60 XOF ; 914 663,75 XOF ;Côte d'ivoire;Afrique
6251;12184;Store;3;1296;DÉBIT CARTE;12/07/2024;2;18/07/2024;10; 1 524 644,55 XOF ; 2 990 542,50 XOF ;Etats-Unis;Amérique
6252;12184;Store;4;1583;DÉBIT CARTE;12/07/2024;2;18/07/2024;10; 2 522 982,00 XOF ; 4 948 762,50 XOF ;Canada;Amérique
6253;8787;Store;4;1046;DÉBIT CARTE;12/07/2024;1;14/07/2024;10; 1 102 775,85 XOF ; 2 398 110,00 XOF ;Etats-Unis;Amérique
6254;8192;Store;3;543;VIREMENT;12/07/2024;1;14/07/2024;10; 1 193 449,95 XOF ; 2 340 817,88 XOF ;Etats-Unis;Amérique
6255;7761;Store;1;1357;VIREMENT;12/07/2024;4;17/07/2024;9; 3 709 762,65 XOF ; 8 067 015,00 XOF ;Canada;Amérique
6256;941;Store;3;271;VIREMENT;12/07/2024;1;14/07/2024;8; 15 047,31 XOF ; 29 532,94 XOF ;Etats-Unis;Amérique
6257;8192;Store;3;1323;VIREMENT;12/07/2024;1;14/07/2024;8; 388 865,13 XOF ; 762 712,50 XOF ;Etats-Unis;Amérique
6258;8787;Store;1;722;DÉBIT CARTE;12/07/2024;1;14/07/2024;6; 121 643,78 XOF ; 367 166,25 XOF ;Canada;Amérique
6259;8787;Store;3;723;DÉBIT CARTE;12/07/2024;1;14/07/2024;5; 140 906,70 XOF ; 276 492,15 XOF ;Etats-Unis;Amérique
6260;6303;Store;4;787;DÉBIT CARTE;12/07/2024;4;16/07/2024;4; 48 636,23 XOF ; 95 427,75 XOF ;France;Europe
6261;8192;Store;2;240;VIREMENT;12/07/2024;1;14/07/2024;4; 504 596,40 XOF ; 989 752,50 XOF ;Etats-Unis;Amérique
6262;10932;Store;1;132;ESPÈCES;12/07/2024;2;15/07/2024;26; 2 348 374,05 XOF ; 7 087 905,00 XOF ;Côte d'ivoire;Afrique
6263;5140;Store;4;1091;ESPÈCES;12/07/2024;4;15/07/2024;12; 868 002,30 XOF ; 1 702 658,10 XOF ;Côte d'ivoire;Afrique
6264;5140;Store;3;1413;ESPÈCES;12/07/2024;4;15/07/2024;12; 707 194,13 XOF ; 1 537 841,25 XOF ;France;Europe
6265;5140;Store;2;653;ESPÈCES;12/07/2024;4;15/07/2024;12; 6 437 695,55 XOF ; 19 430 840,00 XOF ;Etats-Unis;Amérique
6266;10932;Store;4;1583;ESPÈCES;12/07/2024;2;15/07/2024;10; 1 807 806,00 XOF ; 3 546 081,00 XOF ;Etats-Unis;Amérique
6267;2255;Store;4;2497;ESPÈCES;13/07/2024;1;15/07/2024;400; 1 800 238,00 XOF ; 5 433 587,50 XOF ;Etats-Unis;Amérique
6268;1933;Store;4;313;ESPÈCES;13/07/2024;2;18/07/2024;60; 245 912,70 XOF ; 482 318,10 XOF ;Côte d'ivoire;Afrique
6269;11930;Store;4;440;ESPÈCES;13/07/2024;2;18/07/2024;36; 354 466,20 XOF ; 695 310,00 XOF ;Canada;Amérique
6270;65;Store;4;953;ESPÈCES;13/07/2024;4;17/07/2024;12; 2 350 715,40 XOF ; 7 095 000,00 XOF ;Canada;Amérique
6271;2523;Store;4;984;ESPÈCES;13/07/2024;4;18/07/2024;10; 89 467,95 XOF ; 194 615,85 XOF ;Canada;Amérique
6272;65;Store;4;661;ESPÈCES;13/07/2024;4;17/07/2024;9; 2 838,00 XOF ; 5 616,88 XOF ;Canada;Amérique
6273;1933;Store;4;1426;ESPÈCES;13/07/2024;2;18/07/2024;8; 1 302 216,30 XOF ; 2 554 200,00 XOF ;Côte d'ivoire;Afrique
6274;65;Store;4;1286;ESPÈCES;13/07/2024;4;17/07/2024;4; 44 875,88 XOF ; 97 556,25 XOF ;Côte d'ivoire;Afrique
6275;5409;Store;3;601;DÉBIT CARTE;13/07/2024;4;19/07/2024;78; 1 056 859,38 XOF ; 2 298 188,75 XOF ;Côte d'ivoire;Afrique
6276;7139;Store;4;419;DÉBIT CARTE;13/07/2024;4;15/07/2024;36; 303 807,90 XOF ; 595 838,10 XOF ;Côte d'ivoire;Afrique
6277;5409;Store;2;975;DÉBIT CARTE;13/07/2024;4;19/07/2024;20; 670 430,20 XOF ; 1 314 940,00 XOF ;Burkina Faso;Afrique
6278;1902;Store;4;395;DÉBIT CARTE;13/07/2024;4;17/07/2024;20; 1 190 044,35 XOF ; 2 334 255,00 XOF ;Burkina Faso;Afrique
6279;3788;En ligne;4;1458;DÉBIT CARTE;13/07/2024;4;17/07/2024;18; 204 974,55 XOF ; 402 026,35 XOF ;Côte d'ivoire;Afrique
6280;245;Store;2;397;DÉBIT CARTE;13/07/2024;4;16/07/2024;13; 522 050,10 XOF ; 1 135 200,00 XOF ;Côte d'ivoire;Afrique
6281;541;Store;3;1386;DÉBIT CARTE;13/07/2024;4;18/07/2024;12; 1 457 313,00 XOF ; 3 169 100,00 XOF ;Côte d'ivoire;Afrique
6282;5409;En ligne;4;1072;DÉBIT CARTE;13/07/2024;4;19/07/2024;10; 532 893,63 XOF ; 1 158 850,00 XOF ;Côte d'ivoire;Afrique
6283;4167;Store;3;1618;DÉBIT CARTE;13/07/2024;4;19/07/2024;10; 209 509,44 XOF ; 410 918,75 XOF ;Côte d'ivoire;Afrique
6284;3788;Store;2;1042;DÉBIT CARTE;13/07/2024;4;17/07/2024;10; 1 506 859,75 XOF ; 2 955 658,75 XOF ;Côte d'ivoire;Afrique
6285;3788;Store;3;1326;DÉBIT CARTE;13/07/2024;4;17/07/2024;10; 1 952 544,00 XOF ; 3 829 881,00 XOF ;Etats-Unis;Amérique
6286;8627;En ligne;4;1304;VIREMENT;13/07/2024;1;15/07/2024;10; 2 931 583,05 XOF ; 6 374 857,50 XOF ;Côte d'ivoire;Afrique
6287;5409;En ligne;3;1348;DÉBIT CARTE;13/07/2024;4;19/07/2024;9; 553 410,00 XOF ; 1 085 535,00 XOF ;Burkina Faso;Afrique
6288;5409;Store;4;387;DÉBIT CARTE;13/07/2024;4;19/07/2024;9; 588 228,71 XOF ; 1 775 523,75 XOF ;Côte d'ivoire;Afrique
6289;541;Store;2;1234;DÉBIT CARTE;13/07/2024;4;18/07/2024;9; 115 790,40 XOF ; 227 040,00 XOF ;Burkina Faso;Afrique
6290;3788;Store;2;668;DÉBIT CARTE;13/07/2024;4;17/07/2024;9; 965 771,40 XOF ; 2 100 120,00 XOF ;Côte d'ivoire;Afrique
6291;3788;Store;4;1121;DÉBIT CARTE;13/07/2024;4;17/07/2024;9; 1 653 135,00 XOF ; 3 594 800,00 XOF ;Burkina Faso;Afrique
6292;1902;Store;3;827;DÉBIT CARTE;13/07/2024;4;17/07/2024;9; 78 813,63 XOF ; 171 403,38 XOF ;Burkina Faso;Afrique
6293;245;En ligne;3;387;DÉBIT CARTE;13/07/2024;4;16/07/2024;9; 535 956,30 XOF ; 1 617 660,00 XOF ;Côte d'ivoire;Afrique
6294;5726;Store;2;65;VIREMENT;13/07/2024;4;16/07/2024;9; 159 140,85 XOF ; 312 180,00 XOF ;Côte d'ivoire;Afrique
6295;7139;Store;4;711;DÉBIT CARTE;13/07/2024;4;15/07/2024;9; 2 210 872,95 XOF ; 6 672 847,50 XOF ;Côte d'ivoire;Afrique
6296;8577;Store;3;1362;VIREMENT;13/07/2024;4;19/07/2024;8; 88 119,90 XOF ; 266 009,29 XOF ;Etats-Unis;Amérique
6297;1902;Store;1;1270;DÉBIT CARTE;13/07/2024;4;17/07/2024;6; 148 143,60 XOF ; 446 985,00 XOF ;Côte d'ivoire;Afrique
6298;1902;Store;4;585;DÉBIT CARTE;13/07/2024;4;17/07/2024;4; 681 687,60 XOF ; 2 057 479,05 XOF ;Côte d'ivoire;Afrique
6299;65;Store;1;11;ESPÈCES;13/07/2024;4;17/07/2024;20; 1 565 937,45 XOF ; 3 405 387,15 XOF ;Cameroun;Afrique
6300;2927;Store;3;1410;ESPÈCES;13/07/2024;4;18/07/2024;13; 719 858,70 XOF ; 1 411 905,00 XOF ;Côte d'ivoire;Afrique
6301;1933;Store;1;954;ESPÈCES;13/07/2024;2;18/07/2024;12; 1 088 680,45 XOF ; 2 367 365,00 XOF ;Burkina Faso;Afrique
6302;5367;Store;3;837;ESPÈCES;13/07/2024;4;15/07/2024;12; 1 783 683,00 XOF ; 3 878 600,00 XOF ;Cameroun;Afrique
6303;1933;Store;3;750;ESPÈCES;13/07/2024;2;18/07/2024;9; 1 011 463,20 XOF ; 2 199 450,00 XOF ;Cameroun;Afrique
6304;2255;Store;3;1488;ESPÈCES;13/07/2024;1;15/07/2024;9; 1 627 120,00 XOF ; 3 191 567,50 XOF ;Cameroun;Afrique
6305;2255;Store;2;573;ESPÈCES;13/07/2024;1;15/07/2024;6; 2 017 699,75 XOF ; 6 089 875,00 XOF ;Côte d'ivoire;Afrique
6306;6031;Store;4;361;ESPÈCES;14/07/2024;4;16/07/2024;12; 4 561 233,60 XOF ; 9 918 810,00 XOF ;Côte d'ivoire;Afrique
6307;6709;Store;4;950;ESPÈCES;14/07/2024;4;16/07/2024;9; 358 084,65 XOF ; 702 405,00 XOF ;Côte d'ivoire;Afrique
6308;6031;Store;4;1601;ESPÈCES;14/07/2024;4;16/07/2024;8; 2 604 456,25 XOF ; 5 108 400,00 XOF ;Cameroun;Afrique
6309;5563;Store;4;1272;ESPÈCES;14/07/2024;4;19/07/2024;6; 652 243,35 XOF ; 1 418 290,50 XOF ;Côte d'ivoire;Afrique
6310;6709;Store;4;1123;ESPÈCES;14/07/2024;4;16/07/2024;6; 5 358 546,05 XOF ; 11 652 355,00 XOF ;Côte d'ivoire;Afrique
6311;10785;Store;1;1289;DÉBIT CARTE;14/07/2024;4;20/07/2024;24; 473 626,73 XOF ; 1 029 957,50 XOF ;Côte d'ivoire;Afrique
6312;9089;En ligne;4;930;VIREMENT;14/07/2024;1;16/07/2024;20; 9 882 672,80 XOF ; 21 490 755,00 XOF ;Côte d'ivoire;Afrique
6313;9089;En ligne;4;414;VIREMENT;14/07/2024;1;16/07/2024;18; 2 476 036,75 XOF ; 7 473 400,00 XOF ;Cameroun;Afrique
6314;5939;Store;1;199;DÉBIT CARTE;14/07/2024;4;18/07/2024;13; 11 142 484,65 XOF ; 33 630 300,00 XOF ;Côte d'ivoire;Afrique
6315;9089;En ligne;4;1204;VIREMENT;14/07/2024;1;16/07/2024;13; 1 538 905,50 XOF ; 3 346 475,00 XOF ;Burkina Faso;Afrique
6316;5939;Store;1;1557;DÉBIT CARTE;14/07/2024;4;18/07/2024;12; 1 001 406,04 XOF ; 3 022 470,00 XOF ;Cameroun;Afrique
6317;10801;Store;1;1140;VIREMENT;14/07/2024;4;17/07/2024;12; 1 702 327,00 XOF ; 5 137 962,50 XOF ;Cameroun;Afrique
6318;10801;Store;4;1369;VIREMENT;14/07/2024;4;17/07/2024;12; 258 317,13 XOF ; 561 687,50 XOF ;Côte d'ivoire;Afrique
6319;1902;Store;4;448;VIREMENT;14/07/2024;4;17/07/2024;12; 2 997 164,50 XOF ; 9 046 125,00 XOF ;Côte d'ivoire;Afrique
6320;10801;Store;3;1266;VIREMENT;14/07/2024;4;17/07/2024;10; 3 482 935,50 XOF ; 10 512 425,00 XOF ;Côte d'ivoire;Afrique
6321;9089;Store;3;1197;VIREMENT;14/07/2024;1;16/07/2024;10; 1 001 086,76 XOF ; 1 963 541,25 XOF ;Côte d'ivoire;Afrique
6322;10801;Store;2;488;VIREMENT;14/07/2024;4;17/07/2024;6; 1 565 937,45 XOF ; 3 405 387,15 XOF ;Côte d'ivoire;Afrique
6323;1902;Store;1;550;VIREMENT;14/07/2024;4;17/07/2024;6; 28 616,50 XOF ; 56 168,75 XOF ;Côte d'ivoire;Afrique
6324;1902;En ligne;3;395;VIREMENT;14/07/2024;4;17/07/2024;4; 1 833 489,90 XOF ; 5 533 887,15 XOF ;Côte d'ivoire;Afrique
6325;1902;Store;3;332;VIREMENT;14/07/2024;4;17/07/2024;4; 904 967,25 XOF ; 2 731 575,00 XOF ;Côte d'ivoire;Afrique
6326;2927;Store;4;31;ESPÈCES;14/07/2024;4;19/07/2024;12; 434 982,63 XOF ; 945 940,88 XOF ;Côte d'ivoire;Afrique
6327;5563;Store;3;1212;ESPÈCES;14/07/2024;4;19/07/2024;12; 129 956,75 XOF ; 282 617,50 XOF ;Burkina Faso;Afrique
6328;5563;Store;3;898;ESPÈCES;14/07/2024;4;19/07/2024;12; 271 170,90 XOF ; 531 912,15 XOF ;Burkina Faso;Afrique
6329;10526;Store;4;1606;ESPÈCES;14/07/2024;4;18/07/2024;12; 2 225 346,75 XOF ; 6 716 600,00 XOF ;Côte d'ivoire;Afrique
6330;6709;Store;3;1320;ESPÈCES;14/07/2024;4;16/07/2024;12; 1 081 561,80 XOF ; 2 121 405,00 XOF ;Côte d'ivoire;Afrique
6331;10526;Store;1;1039;ESPÈCES;14/07/2024;4;18/07/2024;10; 311 092,10 XOF ; 610 170,00 XOF ;Côte d'ivoire;Afrique
6332;6709;Store;2;636;ESPÈCES;14/07/2024;4;16/07/2024;10; 591 403,73 XOF ; 1 160 032,50 XOF ;Burkina Faso;Afrique
6333;6031;Store;4;1358;ESPÈCES;14/07/2024;4;16/07/2024;10; 2 258 604,56 XOF ; 4 911 513,75 XOF ;Côte d'ivoire;Afrique
6334;6031;Store;3;1079;ESPÈCES;14/07/2024;4;16/07/2024;9; 394 765,80 XOF ; 858 495,00 XOF ;Burkina Faso;Afrique
6335;5563;Store;1;1273;ESPÈCES;14/07/2024;4;19/07/2024;5; 127 213,35 XOF ; 276 634,05 XOF ;Burkina Faso;Afrique
6336;6709;Store;1;275;ESPÈCES;14/07/2024;4;16/07/2024;5; 509 302,75 XOF ; 1 537 190,88 XOF ;Côte d'ivoire;Afrique
6337;6746;Store;4;854;ESPÈCES;15/07/2024;4;17/07/2024;20; 1 500 663,45 XOF ; 2 943 449,44 XOF ;Côte d'ivoire;Afrique
6338;6746;Store;4;1183;ESPÈCES;15/07/2024;4;17/07/2024;10; 2 756 939,63 XOF ; 5 995 275,00 XOF ;Burkina Faso;Afrique
6339;1132;Store;3;1599;VIREMENT;15/07/2024;2;21/07/2024;26; 2 644 554,83 XOF ; 7 981 875,00 XOF ;Sénégal;Afrique
6340;11377;Store;3;1498;VIREMENT;15/07/2024;4;18/07/2024;18; 82 585,80 XOF ; 179 645,40 XOF ;Burkina Faso;Afrique
6341;11377;Store;1;1508;VIREMENT;15/07/2024;4;18/07/2024;13; 143 082,50 XOF ; 280 252,50 XOF ;Burkina Faso;Afrique
6342;5129;Store;2;568;DÉBIT CARTE;15/07/2024;0;15/07/2024;13; 747 174,45 XOF ; 1 624 755,00 XOF ;Burkina Faso;Afrique
6343;5129;En ligne;4;856;DÉBIT CARTE;15/07/2024;0;15/07/2024;13; 508 214,85 XOF ; 996 847,50 XOF ;Sénégal;Afrique
6344;6100;En ligne;4;1197;DÉBIT CARTE;15/07/2024;4;19/07/2024;12; 3 405,60 XOF ; 6 740,25 XOF ;Sénégal;Afrique
6345;11377;En ligne;4;317;VIREMENT;15/07/2024;4;18/07/2024;12; 368 940,00 XOF ; 723 690,00 XOF ;Sénégal;Afrique
6346;5863;Store;1;1076;VIREMENT;15/07/2024;2;17/07/2024;12; 307 450,00 XOF ; 603 075,00 XOF ;Burkina Faso;Afrique
6347;2083;Store;2;1343;DÉBIT CARTE;15/07/2024;1;17/07/2024;12; 976 662,23 XOF ; 1 915 650,00 XOF ;Cameroun;Afrique
6348;8406;Store;3;1185;DÉBIT CARTE;15/07/2024;2;20/07/2024;10; 381 929,76 XOF ; 1 152 860,64 XOF ;Côte d'ivoire;Afrique
6349;8406;En ligne;4;152;DÉBIT CARTE;15/07/2024;2;20/07/2024;10; 56 298,83 XOF ; 122 388,75 XOF ;Sénégal;Afrique
6350;5863;Store;4;614;VIREMENT;15/07/2024;2;17/07/2024;9; 217 461,75 XOF ; 472 881,75 XOF ;Cameroun;Afrique
6351;5863;Store;4;1104;VIREMENT;15/07/2024;2;17/07/2024;9; 3 833 428,50 XOF ; 8 336 092,88 XOF ;Burkina Faso;Afrique
6352;5129;Store;4;556;DÉBIT CARTE;15/07/2024;0;15/07/2024;9; 936 894,75 XOF ; 1 837 605,00 XOF ;Cameroun;Afrique
6353;6746;Store;4;513;ESPÈCES;15/07/2024;4;17/07/2024;26; 3 256 179,30 XOF ; 7 080 810,00 XOF ;Burkina Faso;Afrique
6354;8112;Store;4;1269;ESPÈCES;15/07/2024;4;20/07/2024;18; 2 145 055,00 XOF ; 6 474 187,50 XOF ;Burkina Faso;Afrique
6355;6746;Store;4;211;ESPÈCES;15/07/2024;4;17/07/2024;12; 430 843,88 XOF ; 1 300 336,13 XOF ;Sénégal;Afrique
6356;6746;Store;2;469;ESPÈCES;15/07/2024;4;17/07/2024;4; 486 149,40 XOF ; 1 057 155,00 XOF ;Côte d'ivoire;Afrique
6357;12309;Store;4;890;ESPÈCES;16/07/2024;4;19/07/2024;20; 220 536,25 XOF ; 479 503,75 XOF ;Cameroun;Afrique
6358;5733;Store;4;1611;ESPÈCES;16/07/2024;4;22/07/2024;16; 101 576,75 XOF ; 199 251,25 XOF ;Burkina Faso;Afrique
6359;8483;En ligne;4;1377;VIREMENT;16/07/2024;4;20/07/2024;40; 807 588,38 XOF ; 1 756 012,50 XOF ;Sénégal;Afrique
6360;2083;Store;3;1395;DÉBIT CARTE;16/07/2024;1;18/07/2024;24; 807 446,48 XOF ; 2 437 132,50 XOF ;Cameroun;Afrique
6361;8483;Store;4;48;VIREMENT;16/07/2024;4;20/07/2024;20; 266 772,00 XOF ; 523 256,25 XOF ;Sénégal;Afrique
6362;3796;En ligne;3;988;DÉBIT CARTE;16/07/2024;1;18/07/2024;20; 39 140,75 XOF ; 76 803,38 XOF ;Burkina Faso;Afrique
6363;2083;Store;3;440;DÉBIT CARTE;16/07/2024;1;18/07/2024;18; 2 131 101,50 XOF ; 4 634 217,50 XOF ;Burkina Faso;Afrique
6364;2083;Store;2;338;DÉBIT CARTE;16/07/2024;1;18/07/2024;13; 731 671,88 XOF ; 1 591 053,75 XOF ;Burkina Faso;Afrique
6365;8724;Store;1;1092;DÉBIT CARTE;16/07/2024;1;18/07/2024;13; 44 733,98 XOF ; 97 307,93 XOF ;Sénégal;Afrique
6366;6175;Store;4;258;DÉBIT CARTE;16/07/2024;4;18/07/2024;13; 5 100 832,00 XOF ; 11 091 850,00 XOF ;Cameroun;Afrique
6367;2083;Store;2;1549;DÉBIT CARTE;16/07/2024;1;18/07/2024;12; 97 556,25 XOF ; 212 140,50 XOF ;Cameroun;Afrique
6368;6175;Store;2;1624;DÉBIT CARTE;16/07/2024;4;18/07/2024;12; 4 185 009,40 XOF ; 9 100 520,00 XOF ;Côte d'ivoire;Afrique
6369;6175;Store;4;553;DÉBIT CARTE;16/07/2024;4;18/07/2024;12; 1 897 794,25 XOF ; 4 126 925,00 XOF ;Sénégal;Afrique
6370;8724;Store;2;1135;DÉBIT CARTE;16/07/2024;1;18/07/2024;9; 150 709,63 XOF ; 295 625,00 XOF ;Burkina Faso;Afrique
6371;6175;En ligne;3;756;DÉBIT CARTE;16/07/2024;4;18/07/2024;9; 277 379,03 XOF ; 837 210,00 XOF ;Burkina Faso;Afrique
6372;4847;Store;2;1151;ESPÈCES;16/07/2024;4;21/07/2024;13; 30 579,45 XOF ; 59 952,75 XOF ;Burkina Faso;Afrique
6373;5733;Store;2;1568;ESPÈCES;16/07/2024;4;22/07/2024;12; 1 517 147,50 XOF ; 3 299 175,00 XOF ;Burkina Faso;Afrique
6374;5733;Store;2;635;ESPÈCES;16/07/2024;4;22/07/2024;10; 1 095 751,80 XOF ; 2 382 737,50 XOF ;Burkina Faso;Afrique
6375;4847;Store;2;736;ESPÈCES;16/07/2024;4;21/07/2024;10; 2 465 749,00 XOF ; 4 836 425,00 XOF ;Burkina Faso;Afrique
6376;5733;Store;2;1334;ESPÈCES;16/07/2024;4;22/07/2024;9; 114 229,50 XOF ; 248 325,00 XOF ;Burkina Faso;Afrique
6377;4665;Store;4;1513;ESPÈCES;16/07/2024;4;18/07/2024;9; 2 870 849,85 XOF ; 6 242 890,50 XOF ;Sénégal;Afrique
6378;4665;Store;2;1092;ESPÈCES;16/07/2024;4;18/07/2024;9; 102 404,50 XOF ; 200 906,75 XOF ;Sénégal;Afrique
6379;5733;Store;3;368;ESPÈCES;16/07/2024;4;22/07/2024;8; 1 958 929,50 XOF ; 5 912 500,00 XOF ;Burkina Faso;Afrique
6380;6518;Store;4;2510;ESPÈCES;17/07/2024;2;23/07/2024;400; 4 941 336,40 XOF ; 10 745 377,50 XOF ;Cameroun;Afrique
6381;9364;Store;4;354;ESPÈCES;17/07/2024;4;21/07/2024;9; 115 080,90 XOF ; 225 621,00 XOF ;Côte d'ivoire;Afrique
6382;7115;En ligne;4;343;VIREMENT;17/07/2024;4;23/07/2024;27; 636 421,50 XOF ; 1 248 247,00 XOF ;Sénégal;Afrique
6383;4026;Store;1;1164;DÉBIT CARTE;17/07/2024;4;20/07/2024;20; 542 607,86 XOF ; 1 064 250,00 XOF ;Sénégal;Afrique
6384;6178;En ligne;3;420;VIREMENT;17/07/2024;4;19/07/2024;20; 1 729 175,66 XOF ; 5 218 963,75 XOF ;Cameroun;Afrique
6385;7115;En ligne;4;711;VIREMENT;17/07/2024;4;23/07/2024;16; 1 873 375,63 XOF ; 4 073 712,50 XOF ;Cameroun;Afrique
6386;10609;En ligne;4;1433;DÉBIT CARTE;17/07/2024;4;21/07/2024;16; 6 006 520,58 XOF ; 11 781 247,50 XOF ;Burkina Faso;Afrique
6387;6178;Store;1;624;VIREMENT;17/07/2024;4;19/07/2024;13; 509 302,75 XOF ; 1 537 190,88 XOF ;Burkina Faso;Afrique
6388;747;Store;4;346;DÉBIT CARTE;17/07/2024;4;20/07/2024;12; 67 544,40 XOF ; 132 440,00 XOF ;Burkina Faso;Afrique
6389;2627;Store;3;1125;VIREMENT;17/07/2024;4;20/07/2024;10; 3 605 927,33 XOF ; 10 883 730,00 XOF ;Gabon;Afrique
6390;1257;Store;4;814;DÉBIT CARTE;17/07/2024;1;19/07/2024;10; 9 160 638,30 XOF ; 27 649 215,00 XOF ;Gabon;Afrique
6391;6170;Store;1;1546;DÉBIT CARTE;17/07/2024;2;19/07/2024;10; 1 023 731,64 XOF ; 3 089 872,50 XOF ;Sénégal;Afrique
6392;6178;Store;3;1380;VIREMENT;17/07/2024;4;19/07/2024;10; 1 076 737,20 XOF ; 2 341 350,00 XOF ;Gabon;Afrique
6393;6178;En ligne;4;530;VIREMENT;17/07/2024;4;19/07/2024;10; 532 893,63 XOF ; 1 158 850,00 XOF ;Cameroun;Afrique
6394;2627;Store;2;285;VIREMENT;17/07/2024;4;20/07/2024;9; 36 113,55 XOF ; 70 879,05 XOF ;Cameroun;Afrique
6395;2627;Store;2;1381;VIREMENT;17/07/2024;4;20/07/2024;9; 738 494,90 XOF ; 2 229 012,50 XOF ;Etats-Unis;Amérique
6396;4026;En ligne;4;689;DÉBIT CARTE;17/07/2024;4;20/07/2024;9; 60 189,25 XOF ; 118 131,75 XOF ;Etats-Unis;Amérique
6397;4026;Store;4;409;DÉBIT CARTE;17/07/2024;4;20/07/2024;9; 2 050 650,11 XOF ; 4 459 207,50 XOF ;Ghana;Afrique
6398;2627;Store;3;637;VIREMENT;17/07/2024;4;20/07/2024;8; 238 155,50 XOF ; 467 087,50 XOF ;Cameroun;Afrique
6399;2627;Store;3;900;VIREMENT;17/07/2024;4;20/07/2024;4; 1 602 736,85 XOF ; 3 143 676,25 XOF ;Sénégal;Afrique
6400;4026;En ligne;3;1283;DÉBIT CARTE;17/07/2024;4;20/07/2024;4; 795 775,20 XOF ; 1 560 758,10 XOF ;Cameroun;Afrique
6401;3293;Store;3;419;ESPÈCES;17/07/2024;4;23/07/2024;36; 978 755,25 XOF ; 2 128 381,75 XOF ;Cameroun;Afrique
6402;6518;Store;4;1525;ESPÈCES;17/07/2024;2;23/07/2024;12; 1 115 014,73 XOF ; 2 187 033,75 XOF ;Cameroun;Afrique
6403;3293;Store;2;1298;ESPÈCES;17/07/2024;4;23/07/2024;10; 216 965,10 XOF ; 425 629,05 XOF ;Etats-Unis;Amérique
6404;9364;Store;2;1072;ESPÈCES;17/07/2024;4;21/07/2024;10; 769 086,18 XOF ; 2 321 247,50 XOF ;Ghana;Afrique
6405;6518;Store;4;1549;ESPÈCES;17/07/2024;2;23/07/2024;9; 1 708 949,00 XOF ; 5 158 065,00 XOF ;France;Europe
6406;9364;Store;3;1241;ESPÈCES;17/07/2024;4;21/07/2024;8; 1 055 310,30 XOF ; 2 069 966,25 XOF ;Cameroun;Afrique
6407;9364;Store;2;610;ESPÈCES;17/07/2024;4;21/07/2024;5; 936 894,75 XOF ; 1 837 605,00 XOF ;Sénégal;Afrique
6408;1921;Store;4;119;ESPÈCES;18/07/2024;0;19/07/2024;18; 1 172 330,50 XOF ; 3 538 394,75 XOF ;Etats-Unis;Amérique
6409;2618;Store;4;323;ESPÈCES;18/07/2024;0;19/07/2024;12; 9 966 914,10 XOF ; 21 673 841,48 XOF ;Gabon;Afrique
6410;2618;Store;4;658;ESPÈCES;18/07/2024;0;19/07/2024;10; 758 597,40 XOF ; 1 649 587,50 XOF ;Gabon;Afrique
6411;1455;Store;3;437;VIREMENT;18/07/2024;4;20/07/2024;27; 1 311 581,70 XOF ; 2 852 190,00 XOF ;Gabon;Afrique
6412;3197;Store;2;596;VIREMENT;18/07/2024;2;22/07/2024;24; 2 255 068,89 XOF ; 4 903 827,50 XOF ;France;Europe
6413;4561;Store;1;297;DÉBIT CARTE;18/07/2024;4;24/07/2024;20; 950 789,13 XOF ; 2 067 601,25 XOF ;Sénégal;Afrique
6414;10322;En ligne;4;1594;VIREMENT;18/07/2024;4;23/07/2024;20; 2 060 979,25 XOF ; 4 481 675,00 XOF ;Sénégal;Afrique
6415;6592;En ligne;3;1646;VIREMENT;18/07/2024;4;22/07/2024;20; 3 013 010,00 XOF ; 5 910 135,00 XOF ;Sénégal;Afrique
6416;1455;En ligne;4;871;VIREMENT;18/07/2024;4;20/07/2024;18; 447 623,55 XOF ; 878 006,25 XOF ;Cameroun;Afrique
6417;4561;Store;3;273;DÉBIT CARTE;18/07/2024;4;24/07/2024;13; 1 451 873,50 XOF ; 3 157 275,00 XOF ;Cameroun;Afrique
6418;3197;Store;1;695;VIREMENT;18/07/2024;2;22/07/2024;13; 369 767,75 XOF ; 804 100,00 XOF ;Gabon;Afrique
6419;3197;Store;2;1072;VIREMENT;18/07/2024;2;22/07/2024;13; 854 474,50 XOF ; 2 579 032,50 XOF ;Cameroun;Afrique
6420;4561;Store;3;981;DÉBIT CARTE;18/07/2024;4;24/07/2024;12; 124 670,98 XOF ; 244 422,75 XOF ;France;Europe
6421;4561;Store;2;1378;DÉBIT CARTE;18/07/2024;4;24/07/2024;12; 2 017 699,75 XOF ; 6 089 875,00 XOF ;Etats-Unis;Amérique
6422;12155;Store;1;1018;VIREMENT;18/07/2024;4;24/07/2024;12; 543 654,38 XOF ; 1 182 204,38 XOF ;Cameroun;Afrique
6423;3197;En ligne;4;378;VIREMENT;18/07/2024;2;22/07/2024;12; 754 233,98 XOF ; 1 479 307,50 XOF ;Etats-Unis;Amérique
6424;12155;En ligne;3;1390;VIREMENT;18/07/2024;4;24/07/2024;10; 508 853,40 XOF ; 1 106 536,20 XOF ;Cameroun;Afrique
6425;12155;Store;1;594;VIREMENT;18/07/2024;4;24/07/2024;10; 3 714 161,55 XOF ; 11 210 100,00 XOF ;Cameroun;Afrique
6426;12155;Store;3;703;VIREMENT;18/07/2024;4;24/07/2024;10; 538 333,13 XOF ; 1 170 675,00 XOF ;Etats-Unis;Amérique
6427;1455;Store;3;717;VIREMENT;18/07/2024;4;20/07/2024;10; 2 805 930,60 XOF ; 6 101 700,00 XOF ;Gabon;Afrique
6428;6592;Store;3;1218;VIREMENT;18/07/2024;4;22/07/2024;9; 918 979,88 XOF ; 1 998 425,00 XOF ;France;Europe
6429;3197;Store;1;1201;VIREMENT;18/07/2024;2;22/07/2024;9; 561 167,20 XOF ; 1 220 340,00 XOF ;Côte d'ivoire;Afrique
6430;10322;Store;3;1310;VIREMENT;18/07/2024;4;23/07/2024;6; 902 909,70 XOF ; 1 963 541,25 XOF ;Gabon;Afrique
6431;6592;Store;1;1086;VIREMENT;18/07/2024;4;22/07/2024;5; 911 896,70 XOF ; 1 983 052,50 XOF ;Gabon;Afrique
6432;1455;Store;1;772;VIREMENT;18/07/2024;4;20/07/2024;5; 1 112 673,38 XOF ; 3 358 300,00 XOF ;Cameroun;Afrique
6433;12043;Store;4;1112;ESPÈCES;18/07/2024;2;20/07/2024;13; 809 255,70 XOF ; 2 442 453,75 XOF ;Cameroun;Afrique
6434;2618;Store;4;603;ESPÈCES;18/07/2024;0;19/07/2024;13; 2 473 896,43 XOF ; 5 379 606,38 XOF ;Cameroun;Afrique
6435;9364;Store;2;1354;ESPÈCES;18/07/2024;4;22/07/2024;12; 271 856,75 XOF ; 591 190,88 XOF ;Etats-Unis;Amérique
6436;2486;Store;3;7;ESPÈCES;18/07/2024;2;21/07/2024;12; 731 671,88 XOF ; 1 591 053,75 XOF ;Cameroun;Afrique
6437;2618;Store;1;1168;ESPÈCES;18/07/2024;0;19/07/2024;10; 1 171 384,50 XOF ; 3 535 675,00 XOF ;Ghana;Afrique
6438;2486;Store;2;269;ESPÈCES;18/07/2024;2;21/07/2024;9; 2 350 715,40 XOF ; 7 095 000,00 XOF ;Cameroun;Afrique
6439;2618;Store;4;869;ESPÈCES;18/07/2024;0;19/07/2024;9; 88 066,69 XOF ; 191 511,79 XOF ;Etats-Unis;Amérique
6440;6591;Store;4;1485;ESPÈCES;19/07/2024;4;22/07/2024;12; 3 192 324,30 XOF ; 9 635 010,00 XOF ;Etats-Unis;Amérique
6441;7862;En ligne;4;1270;DÉBIT CARTE;19/07/2024;4;25/07/2024;36; 1 809 934,50 XOF ; 5 463 150,00 XOF ;Cameroun;Afrique
6442;1695;En ligne;4;1433;VIREMENT;19/07/2024;4;24/07/2024;26; 1 761 759,45 XOF ; 3 831 087,15 XOF ;Gabon;Afrique
6443;6902;Store;3;925;DÉBIT CARTE;19/07/2024;0;19/07/2024;26; 443 721,30 XOF ; 964 920,00 XOF ;Sénégal;Afrique
6444;9238;En ligne;4;392;VIREMENT;19/07/2024;4;23/07/2024;18; 1 203 879,60 XOF ; 2 618 055,00 XOF ;Gabon;Afrique
6445;6902;En ligne;4;446;DÉBIT CARTE;19/07/2024;0;19/07/2024;18; 523 126,18 XOF ; 1 137 565,00 XOF ;Gabon;Afrique
6446;6902;En ligne;3;596;DÉBIT CARTE;19/07/2024;0;19/07/2024;18; 78 281,50 XOF ; 153 606,75 XOF ;Sénégal;Afrique
6447;9238;Store;4;785;VIREMENT;19/07/2024;4;23/07/2024;13; 293 792,13 XOF ; 886 815,88 XOF ;Sénégal;Afrique
6448;7862;Store;2;720;DÉBIT CARTE;19/07/2024;4;25/07/2024;12; 350 729,50 XOF ; 762 712,50 XOF ;Gabon;Afrique
6449;7862;Store;1;398;DÉBIT CARTE;19/07/2024;4;25/07/2024;12; 967 698,88 XOF ; 2 920 775,00 XOF ;Gabon;Afrique
6450;11425;Store;1;1181;DÉBIT CARTE;19/07/2024;4;25/07/2024;10; 1 025 369,40 XOF ; 3 094 839,00 XOF ;Cameroun;Afrique
6451;7862;Store;2;1518;DÉBIT CARTE;19/07/2024;4;25/07/2024;10; 645 999,75 XOF ; 1 404 810,00 XOF ;Ghana;Afrique
6452;4737;Store;4;1148;DÉBIT CARTE;19/07/2024;4;24/07/2024;10; 4 345 971,30 XOF ; 9 450 540,00 XOF ;France;Europe
6453;9238;En ligne;3;1090;VIREMENT;19/07/2024;4;23/07/2024;10; 150 981,60 XOF ; 296 074,35 XOF ;Côte d'ivoire;Afrique
6454;9238;Store;1;1508;VIREMENT;19/07/2024;4;23/07/2024;10; 309 945,08 XOF ; 674 025,00 XOF ;Gabon;Afrique
6455;9238;Store;3;990;VIREMENT;19/07/2024;4;23/07/2024;9; 514 813,20 XOF ; 1 553 805,00 XOF ;France;Europe
6456;4737;Store;3;1192;DÉBIT CARTE;19/07/2024;4;24/07/2024;8; 506 405,63 XOF ; 993 300,00 XOF ;Sénégal;Afrique
6457;6194;Store;3;132;VIREMENT;19/07/2024;2;21/07/2024;6; 62 365,05 XOF ; 122 388,75 XOF ;Sénégal;Afrique
6458;9397;Store;2;2490;ESPÈCES;19/07/2024;4;21/07/2024;360; 3 254 240,00 XOF ; 6 383 135,00 XOF ;Sénégal;Afrique
6459;8800;Store;2;1453;ESPÈCES;19/07/2024;4;23/07/2024;12; 3 013 719,50 XOF ; 5 911 317,50 XOF ;Cameroun;Afrique
6460;6591;Store;4;1350;ESPÈCES;19/07/2024;4;22/07/2024;12; 403 776,45 XOF ; 878 006,25 XOF ;Cameroun;Afrique
6461;8800;Store;1;1601;ESPÈCES;19/07/2024;4;23/07/2024;10; 177 848,00 XOF ; 348 837,50 XOF ;Cameroun;Afrique
6462;9397;Store;1;480;ESPÈCES;19/07/2024;4;21/07/2024;10; 1 131 061,25 XOF ; 2 459 600,00 XOF ;France;Europe
6463;9397;Store;1;482;ESPÈCES;19/07/2024;4;21/07/2024;10; 1 957 652,40 XOF ; 4 257 000,00 XOF ;France;Europe
6464;8800;Store;3;1025;ESPÈCES;19/07/2024;4;23/07/2024;8; 78 281,50 XOF ; 153 606,75 XOF ;Etats-Unis;Amérique
6465;9397;Store;2;1080;ESPÈCES;19/07/2024;4;21/07/2024;6; 813 831,98 XOF ; 1 596 321,79 XOF ;Côte d'ivoire;Afrique
6466;2305;Store;4;228;ESPÈCES;20/07/2024;4;23/07/2024;32; 127 284,30 XOF ; 384 235,64 XOF ;Cameroun;Afrique
6467;9475;Store;4;1234;ESPÈCES;20/07/2024;4;25/07/2024;30; 1 065 550,75 XOF ; 2 317 108,75 XOF ;Etats-Unis;Amérique
6468;9216;Store;3;763;ESPÈCES;20/07/2024;4;23/07/2024;10; 177 233,10 XOF ; 347 655,00 XOF ;Cameroun;Afrique
6469;2305;Store;3;1561;ESPÈCES;20/07/2024;4;23/07/2024;9; 160 063,20 XOF ; 313 953,75 XOF ;Cameroun;Afrique
6470;5284;Store;3;651;VIREMENT;20/07/2024;0;20/07/2024;39; 240 520,50 XOF ; 471 817,50 XOF ;Etats-Unis;Amérique
6471;5284;En ligne;4;171;VIREMENT;20/07/2024;0;20/07/2024;18; 155 948,10 XOF ; 339 141,00 XOF ;Etats-Unis;Amérique
6472;11606;Store;3;1418;DÉBIT CARTE;20/07/2024;4;22/07/2024;13; 361 608,50 XOF ; 709 381,75 XOF ;Cameroun;Afrique
6473;6902;Store;2;1221;DÉBIT CARTE;20/07/2024;0;20/07/2024;13; 613 362,75 XOF ; 1 333 860,00 XOF ;Côte d'ivoire;Afrique
6474;5284;Store;3;1452;VIREMENT;20/07/2024;0;20/07/2024;13; 448 581,38 XOF ; 1 353 962,50 XOF ;Cameroun;Afrique
6475;9373;Store;4;385;DÉBIT CARTE;20/07/2024;4;24/07/2024;10; 279 933,23 XOF ; 548 798,25 XOF ;Côte d'ivoire;Afrique
6476;11606;Store;4;1477;DÉBIT CARTE;20/07/2024;4;22/07/2024;10; 194 544,90 XOF ; 381 711,00 XOF ;Côte d'ivoire;Afrique
6477;6902;Store;2;391;DÉBIT CARTE;20/07/2024;0;20/07/2024;10; 409 215,95 XOF ; 889 760,30 XOF ;Etats-Unis;Amérique
6478;2537;Store;1;1138;DÉBIT CARTE;20/07/2024;4;24/07/2024;9; 1 900 514,00 XOF ; 4 132 837,50 XOF ;Etats-Unis;Amérique
6479;11606;Store;4;855;DÉBIT CARTE;20/07/2024;4;22/07/2024;9; 82 851,86 XOF ; 250 045,54 XOF ;Etats-Unis;Amérique
6480;11606;En ligne;3;870;DÉBIT CARTE;20/07/2024;4;22/07/2024;6; 1 004 935,80 XOF ; 2 185 260,00 XOF ;Etats-Unis;Amérique
6481;11677;Store;3;828;ESPÈCES;20/07/2024;4;26/07/2024;27; 2 350 455,25 XOF ; 4 610 212,75 XOF ;Etats-Unis;Amérique
6482;9216;Store;1;561;ESPÈCES;20/07/2024;4;23/07/2024;20; 149 988,30 XOF ; 326 228,10 XOF ;Burkina Faso;Afrique
6483;5154;Store;4;404;ESPÈCES;20/07/2024;4;24/07/2024;13; 1 329 543,88 XOF ; 2 891 212,50 XOF ;Burkina Faso;Afrique
6484;11677;Store;3;170;ESPÈCES;20/07/2024;4;26/07/2024;12; 752 797,24 XOF ; 2 272 173,75 XOF ;Etats-Unis;Amérique
6485;5154;Store;2;616;ESPÈCES;20/07/2024;4;24/07/2024;12; 648 820,01 XOF ; 1 958 220,00 XOF ;Burkina Faso;Afrique
6486;5154;Store;3;306;ESPÈCES;20/07/2024;4;24/07/2024;12; 1 022 271,25 XOF ; 2 223 100,00 XOF ;Burkina Faso;Afrique
6487;2305;Store;3;1248;ESPÈCES;20/07/2024;4;23/07/2024;12; 1 303 457,93 XOF ; 3 934 177,50 XOF ;Etats-Unis;Amérique
6488;2305;Store;3;413;ESPÈCES;20/07/2024;4;23/07/2024;10; 56 298,83 XOF ; 122 388,75 XOF ;Côte d'ivoire;Afrique
6489;1986;Store;1;790;ESPÈCES;20/07/2024;4;22/07/2024;10; 68 821,50 XOF ; 149 704,50 XOF ;France;Europe
6490;12053;Store;3;337;ESPÈCES;20/07/2024;4;22/07/2024;10; 80 883,00 XOF ; 158 455,00 XOF ;Burkina Faso;Afrique
6491;12053;Store;4;177;ESPÈCES;20/07/2024;4;22/07/2024;10; 3 404 654,00 XOF ; 10 275 925,00 XOF ;Côte d'ivoire;Afrique
6492;2305;Store;4;209;ESPÈCES;20/07/2024;4;23/07/2024;9; 394 269,15 XOF ; 773 355,00 XOF ;Burkina Faso;Afrique
6493;1986;Store;2;1066;ESPÈCES;20/07/2024;4;22/07/2024;9; 281 387,70 XOF ; 849 271,50 XOF ;Burkina Faso;Afrique
6494;11677;Store;4;907;ESPÈCES;20/07/2024;4;26/07/2024;8; 89 692,63 XOF ; 195 053,38 XOF ;Burkina Faso;Afrique
6495;5154;Store;2;807;ESPÈCES;20/07/2024;4;24/07/2024;8; 140 350,93 XOF ; 275 167,75 XOF ;Burkina Faso;Afrique
6496;9475;Store;4;761;ESPÈCES;20/07/2024;4;25/07/2024;5; 275 628,93 XOF ; 599 373,78 XOF ;Etats-Unis;Amérique
6497;137;Store;3;1596;ESPÈCES;21/07/2024;4;23/07/2024;30; 153 725,00 XOF ; 301 537,50 XOF ;Burkina Faso;Afrique
6498;8642;Store;4;1105;ESPÈCES;21/07/2024;4;27/07/2024;20; 1 737 388,13 XOF ; 3 778 087,50 XOF ;Etats-Unis;Amérique
6499;8642;Store;4;335;ESPÈCES;21/07/2024;4;27/07/2024;10; 26 890,05 XOF ; 81 202,28 XOF ;Etats-Unis;Amérique
6500;1012;Store;4;682;ESPÈCES;21/07/2024;4;26/07/2024;10; 76 720,60 XOF ; 150 414,00 XOF ;Burkina Faso;Afrique
6501;11539;En ligne;4;421;DÉBIT CARTE;21/07/2024;4;24/07/2024;36; 994 541,63 XOF ; 1 950 681,56 XOF ;Burkina Faso;Afrique
6502;2725;Store;3;437;VIREMENT;21/07/2024;4;23/07/2024;36; 1 082 105,75 XOF ; 2 353 175,00 XOF ;Burkina Faso;Afrique
6503;2537;En ligne;4;972;DÉBIT CARTE;21/07/2024;4;25/07/2024;26; 72 085,20 XOF ; 141 427,00 XOF ;Burkina Faso;Afrique
6504;4406;Store;2;414;VIREMENT;21/07/2024;4;26/07/2024;24; 78 015,44 XOF ; 152 956,38 XOF ;Burkina Faso;Afrique
6505;4306;Store;3;377;DÉBIT CARTE;21/07/2024;4;27/07/2024;20; 1 157 478,30 XOF ; 2 270 400,00 XOF ;Etats-Unis;Amérique
6506;11924;Store;1;1279;DÉBIT CARTE;21/07/2024;4;25/07/2024;20; 485 830,13 XOF ; 1 466 300,00 XOF ;Côte d'ivoire;Afrique
6507;4406;Store;3;272;VIREMENT;21/07/2024;4;26/07/2024;18; 1 153 930,80 XOF ; 2 263 305,00 XOF ;France;Europe
6508;12069;Store;2;792;VIREMENT;21/07/2024;4;27/07/2024;13; 1 064 888,55 XOF ; 3 214 035,00 XOF ;Burkina Faso;Afrique
6509;3094;En ligne;4;1651;VIREMENT;21/07/2024;4;26/07/2024;12; 12 158 938,00 XOF ; 26 440 700,00 XOF ;Côte d'ivoire;Afrique
6510;3094;En ligne;4;575;VIREMENT;21/07/2024;4;26/07/2024;12; 2 608 559,53 XOF ; 5 672 452,50 XOF ;Etats-Unis;Amérique
6511;3094;Store;1;1013;VIREMENT;21/07/2024;4;26/07/2024;12; 4 590 748,80 XOF ; 9 982 665,00 XOF ;Etats-Unis;Amérique
6512;2537;Store;1;964;DÉBIT CARTE;21/07/2024;4;25/07/2024;12; 2 496 091,95 XOF ; 5 427 675,00 XOF ;Etats-Unis;Amérique
6513;11924;En ligne;4;1559;DÉBIT CARTE;21/07/2024;4;25/07/2024;12; 762 014,83 XOF ; 2 299 956,59 XOF ;Burkina Faso;Afrique
6514;11924;Store;2;1502;DÉBIT CARTE;21/07/2024;4;25/07/2024;12; 1 095 751,80 XOF ; 2 382 737,50 XOF ;Burkina Faso;Afrique
6515;11539;Store;1;1196;DÉBIT CARTE;21/07/2024;4;24/07/2024;12; 5 083 070,85 XOF ; 15 341 755,00 XOF ;Côte d'ivoire;Afrique
6516;4406;Store;4;1492;VIREMENT;21/07/2024;4;26/07/2024;10; 788 538,30 XOF ; 1 546 710,00 XOF ;Ghana;Afrique
6517;2537;Store;3;359;DÉBIT CARTE;21/07/2024;4;25/07/2024;10; 53 851,05 XOF ; 117 067,50 XOF ;Ghana;Afrique
6518;2725;Store;1;311;VIREMENT;21/07/2024;4;23/07/2024;10; 335 215,10 XOF ; 657 470,00 XOF ;Burkina Faso;Afrique
6519;4306;Store;3;1036;DÉBIT CARTE;21/07/2024;4;27/07/2024;9; 5 741 699,70 XOF ; 12 485 781,00 XOF ;Ghana;Afrique
6520;4306;En ligne;3;1339;DÉBIT CARTE;21/07/2024;4;27/07/2024;9; 1 022 531,40 XOF ; 3 086 325,00 XOF ;Ghana;Afrique
6521;4406;Store;3;1650;VIREMENT;21/07/2024;4;26/07/2024;9; 734 119,65 XOF ; 1 596 375,00 XOF ;Côte d'ivoire;Afrique
6522;11539;Store;3;1296;DÉBIT CARTE;21/07/2024;4;24/07/2024;9; 645 999,75 XOF ; 1 404 810,00 XOF ;Burkina Faso;Afrique
6523;11539;Store;3;985;DÉBIT CARTE;21/07/2024;4;24/07/2024;9; 2 358 378,00 XOF ; 4 625 940,00 XOF ;Sénégal;Afrique
6524;2725;Store;4;1612;VIREMENT;21/07/2024;4;23/07/2024;8; 121 892,10 XOF ; 239 101,50 XOF ;Ghana;Afrique
6525;11539;Store;2;266;DÉBIT CARTE;21/07/2024;4;24/07/2024;6; 1 356 741,38 XOF ; 2 950 337,50 XOF ;Ghana;Afrique
6526;925;Store;2;449;ESPÈCES;21/07/2024;4;24/07/2024;20; 2 471 779,75 XOF ; 4 848 250,00 XOF ;Ghana;Afrique
6527;9657;Store;4;1262;ESPÈCES;21/07/2024;4;23/07/2024;20; 3 455 619,75 XOF ; 10 429 650,00 XOF ;Burkina Faso;Afrique
6528;925;Store;3;167;ESPÈCES;21/07/2024;4;24/07/2024;18; 352 586,03 XOF ; 1 064 250,00 XOF ;Ghana;Afrique
6529;925;Store;3;976;ESPÈCES;21/07/2024;4;24/07/2024;16; 725 936,75 XOF ; 1 578 637,50 XOF ;Ghana;Afrique
6530;8642;Store;4;1172;ESPÈCES;21/07/2024;4;27/07/2024;13; 788 491,00 XOF ; 1 714 625,00 XOF ;Côte d'ivoire;Afrique
6531;1012;Store;2;1483;ESPÈCES;21/07/2024;4;26/07/2024;12; 2 421 783,65 XOF ; 4 750 102,50 XOF ;Burkina Faso;Afrique
6532;1012;Store;3;528;ESPÈCES;21/07/2024;4;26/07/2024;12; 443 201,00 XOF ; 963 737,50 XOF ;Burkina Faso;Afrique
6533;8642;Store;2;1447;ESPÈCES;21/07/2024;4;27/07/2024;10; 5 863 166,10 XOF ; 12 749 715,00 XOF ;Ghana;Afrique
6534;925;Store;3;165;ESPÈCES;21/07/2024;4;24/07/2024;10; 1 627 474,75 XOF ; 3 192 158,75 XOF ;Sénégal;Afrique
6535;1012;Store;3;1197;ESPÈCES;21/07/2024;4;26/07/2024;9; 2 997 164,50 XOF ; 9 046 125,00 XOF ;Ghana;Afrique
6536;1012;Store;2;1142;ESPÈCES;21/07/2024;4;26/07/2024;9; 150 981,60 XOF ; 296 074,35 XOF ;Sénégal;Afrique
6537;9657;Store;2;1426;ESPÈCES;21/07/2024;4;23/07/2024;6; 135 987,50 XOF ; 295 625,00 XOF ;Ghana;Afrique
6538;11153;Store;3;932;ESPÈCES;22/07/2024;1;24/07/2024;78; 2 578 429,43 XOF ; 5 057 552,50 XOF ;Ghana;Afrique
6539;11153;Store;4;1114;ESPÈCES;22/07/2024;1;24/07/2024;24; 728 656,50 XOF ; 1 584 550,00 XOF ;Burkina Faso;Afrique
6540;11153;Store;4;140;ESPÈCES;22/07/2024;1;24/07/2024;18; 396 078,38 XOF ; 776 902,50 XOF ;Sénégal;Afrique
6541;7617;Store;3;1580;ESPÈCES;22/07/2024;4;25/07/2024;13; 2 104 554,38 XOF ; 4 576 275,00 XOF ;Ghana;Afrique
6542;137;Store;3;278;ESPÈCES;22/07/2024;4;24/07/2024;13; 41 860,50 XOF ; 82 183,75 XOF ;Sénégal;Afrique
6543;7617;Store;4;837;ESPÈCES;22/07/2024;4;25/07/2024;12; 5 701 542,00 XOF ; 12 398 512,50 XOF ;Burkina Faso;Afrique
6544;11153;Store;3;1375;ESPÈCES;22/07/2024;1;24/07/2024;10; 420 591,60 XOF ; 914 663,75 XOF ;Ghana;Afrique
6545;10331;Store;4;443;DÉBIT CARTE;22/07/2024;1;24/07/2024;26; 1 296 966,00 XOF ; 2 820 262,50 XOF ;Ghana;Afrique
6546;8959;Store;3;385;DÉBIT CARTE;22/07/2024;4;28/07/2024;20; 20 339,00 XOF ; 39 909,38 XOF ;Côte d'ivoire;Afrique
6547;8959;En ligne;4;94;DÉBIT CARTE;22/07/2024;4;28/07/2024;20; 1 326 055,50 XOF ; 2 600 908,75 XOF ;Burkina Faso;Afrique
6548;11449;En ligne;4;1604;DÉBIT CARTE;22/07/2024;4;25/07/2024;20; 509 302,75 XOF ; 1 537 190,88 XOF ;Burkina Faso;Afrique
6549;11449;En ligne;4;267;DÉBIT CARTE;22/07/2024;4;25/07/2024;16; 126 409,25 XOF ; 247 852,00 XOF ;Ghana;Afrique
6550;8959;Store;2;655;DÉBIT CARTE;22/07/2024;4;28/07/2024;13; 538 333,13 XOF ; 1 170 675,00 XOF ;Ghana;Afrique
6551;8959;Store;3;1586;DÉBIT CARTE;22/07/2024;4;28/07/2024;12; 1 459 512,45 XOF ; 2 862 832,50 XOF ;Ghana;Afrique
6552;11449;Store;4;1015;DÉBIT CARTE;22/07/2024;4;25/07/2024;10; 1 741 467,75 XOF ; 5 256 212,50 XOF ;Sénégal;Afrique
6553;4627;Store;3;267;DÉBIT CARTE;22/07/2024;1;24/07/2024;10; 665 581,95 XOF ; 1 447 380,00 XOF ;Burkina Faso;Afrique
6554;4627;Store;1;19;DÉBIT CARTE;22/07/2024;1;24/07/2024;10; 1 203 879,60 XOF ; 2 618 055,00 XOF ;Ghana;Afrique
6555;7602;Store;3;330;DÉBIT CARTE;22/07/2024;1;24/07/2024;10; 2 089 761,30 XOF ; 6 307 455,00 XOF ;Burkina Faso;Afrique
6556;10331;Store;4;155;DÉBIT CARTE;22/07/2024;1;24/07/2024;9; 991 703,63 XOF ; 1 945 212,50 XOF ;Ghana;Afrique
6557;4627;Store;3;226;DÉBIT CARTE;22/07/2024;1;24/07/2024;9; 511 135,63 XOF ; 1 111 550,00 XOF ;Sénégal;Afrique
6558;1884;Store;1;1429;DÉBIT CARTE;22/07/2024;1;24/07/2024;9; 2 002 812,08 XOF ; 6 044 940,00 XOF ;Ghana;Afrique
6559;11449;Store;3;1514;DÉBIT CARTE;22/07/2024;4;25/07/2024;8; 326 228,10 XOF ; 709 429,05 XOF ;Burkina Faso;Afrique
6560;7602;Store;3;371;DÉBIT CARTE;22/07/2024;1;24/07/2024;8; 2 169 769,25 XOF ; 4 718 175,00 XOF ;Sénégal;Afrique
6561;8959;Store;4;826;DÉBIT CARTE;22/07/2024;4;28/07/2024;6; 4 590 748,80 XOF ; 9 982 665,00 XOF ;Burkina Faso;Afrique
6562;4327;Store;4;1114;ESPÈCES;22/07/2024;4;26/07/2024;13; 6 107 092,20 XOF ; 18 432 810,00 XOF ;Côte d'ivoire;Afrique
6563;4327;Store;3;193;ESPÈCES;22/07/2024;4;26/07/2024;13; 3 273 633,00 XOF ; 7 118 650,00 XOF ;Ghana;Afrique
6564;137;Store;4;1105;ESPÈCES;22/07/2024;4;24/07/2024;12; 3 285 103,25 XOF ; 9 915 262,50 XOF ;Ghana;Afrique
6565;4327;Store;4;1140;ESPÈCES;22/07/2024;4;26/07/2024;9; 1 232 874,50 XOF ; 2 418 212,50 XOF ;Burkina Faso;Afrique
6566;4327;Store;3;155;ESPÈCES;22/07/2024;4;26/07/2024;9; 6 182 937,75 XOF ; 13 445 025,00 XOF ;Burkina Faso;Afrique
6567;4327;Store;2;766;ESPÈCES;22/07/2024;4;26/07/2024;5; 650 848,00 XOF ; 1 276 627,00 XOF ;Ghana;Afrique
6568;11153;Store;4;786;ESPÈCES;22/07/2024;1;24/07/2024;5; 2 308 713,00 XOF ; 4 528 383,75 XOF ;Côte d'ivoire;Afrique
6569;7617;Store;1;597;ESPÈCES;22/07/2024;4;25/07/2024;4; 4 421 745,90 XOF ; 13 345 695,00 XOF ;Burkina Faso;Afrique
6570;7036;Store;4;2505;ESPÈCES;23/07/2024;4;25/07/2024;320; 1 676 619,45 XOF ; 3 288 532,50 XOF ;Ghana;Afrique
6571;7036;Store;3;453;ESPÈCES;23/07/2024;4;25/07/2024;78; 541 052,88 XOF ; 1 176 587,50 XOF ;Ghana;Afrique
6572;7036;Store;4;1422;ESPÈCES;23/07/2024;4;25/07/2024;48; 488 136,00 XOF ; 957 470,25 XOF ;Ghana;Afrique
6573;7036;Store;4;429;ESPÈCES;23/07/2024;4;25/07/2024;8; 122 980,00 XOF ; 241 230,00 XOF ;Burkina Faso;Afrique
6574;9110;Store;3;2517;DÉBIT CARTE;23/07/2024;4;26/07/2024;200; 1 110 816,85 XOF ; 3 352 742,25 XOF ;Burkina Faso;Afrique
6575;8518;En ligne;4;2490;DÉBIT CARTE;23/07/2024;4;27/07/2024;100; 2 530 774,68 XOF ; 5 503 355,00 XOF ;Cameroun;Afrique
6576;8518;Store;3;953;DÉBIT CARTE;23/07/2024;4;27/07/2024;13; 893 260,50 XOF ; 2 696 100,00 XOF ;Côte d'ivoire;Afrique
6577;4592;Store;4;1145;DÉBIT CARTE;23/07/2024;4;29/07/2024;12; 6 267 368,25 XOF ; 18 916 564,84 XOF ;Burkina Faso;Afrique
6578;6451;En ligne;3;311;DÉBIT CARTE;23/07/2024;2;28/07/2024;12; 1 923 218,00 XOF ; 3 772 175,00 XOF ;Burkina Faso;Afrique
6579;8518;Store;4;509;DÉBIT CARTE;23/07/2024;4;27/07/2024;12; 561 167,20 XOF ; 1 220 340,00 XOF ;Cameroun;Afrique
6580;6766;Store;2;1515;DÉBIT CARTE;23/07/2024;2;25/07/2024;12; 2 169 769,25 XOF ; 4 718 175,00 XOF ;Gabon;Afrique
6581;4592;En ligne;3;862;DÉBIT CARTE;23/07/2024;4;29/07/2024;10; 180 686,00 XOF ; 354 513,50 XOF ;Gabon;Afrique
6582;5266;En ligne;4;1574;DÉBIT CARTE;23/07/2024;4;28/07/2024;10; 432 322,00 XOF ; 940 087,50 XOF ;Burkina Faso;Afrique
6583;5246;Store;2;965;DÉBIT CARTE;23/07/2024;4;27/07/2024;10; 867 363,75 XOF ; 1 886 087,50 XOF ;Côte d'ivoire;Afrique
6584;9110;Store;2;1024;DÉBIT CARTE;23/07/2024;4;26/07/2024;10; 1 410 734,33 XOF ; 2 767 050,00 XOF ;Burkina Faso;Afrique
6585;5266;Store;2;1194;DÉBIT CARTE;23/07/2024;4;28/07/2024;9; 1 804 968,00 XOF ; 3 540 405,00 XOF ;Cameroun;Afrique
6586;5266;En ligne;4;631;DÉBIT CARTE;23/07/2024;4;28/07/2024;9; 1 696 651,00 XOF ; 3 689 400,00 XOF ;Burkina Faso;Afrique
6587;6451;En ligne;4;543;DÉBIT CARTE;23/07/2024;2;28/07/2024;9; 976 396,16 XOF ; 2 123 178,75 XOF ;Burkina Faso;Afrique
6588;6451;En ligne;3;654;DÉBIT CARTE;23/07/2024;2;28/07/2024;9; 7 419 525,30 XOF ; 16 134 030,00 XOF ;Gabon;Afrique
6589;5246;Store;2;547;DÉBIT CARTE;23/07/2024;4;27/07/2024;9; 2 916 896,40 XOF ; 6 342 930,00 XOF ;Côte d'ivoire;Afrique
6590;6766;Store;4;1023;DÉBIT CARTE;23/07/2024;2;25/07/2024;9; 1 056 859,38 XOF ; 2 298 188,75 XOF ;Côte d'ivoire;Afrique
6591;5266;Store;2;1074;DÉBIT CARTE;23/07/2024;4;28/07/2024;6; 864 525,75 XOF ; 1 695 705,00 XOF ;Cameroun;Afrique
6592;6451;Store;1;888;DÉBIT CARTE;23/07/2024;2;28/07/2024;6; 722 744,00 XOF ; 1 418 054,00 XOF ;Burkina Faso;Afrique
6593;5246;Store;2;481;DÉBIT CARTE;23/07/2024;4;27/07/2024;6; 1 663 209,90 XOF ; 3 262 281,00 XOF ;Cameroun;Afrique
6594;6451;Store;3;813;DÉBIT CARTE;23/07/2024;2;28/07/2024;4; 1 106 820,00 XOF ; 2 171 070,00 XOF ;Côte d'ivoire;Afrique
6595;8518;Store;4;1123;DÉBIT CARTE;23/07/2024;4;27/07/2024;4; 526 094,25 XOF ; 1 144 068,75 XOF ;Gabon;Afrique
6596;2441;Store;2;1653;ESPÈCES;23/07/2024;1;25/07/2024;13; 5 870 935,13 XOF ; 17 719 762,50 XOF ;Burkina Faso;Afrique
6597;2441;Store;2;1001;ESPÈCES;23/07/2024;1;25/07/2024;12; 1 900 514,00 XOF ; 4 132 837,50 XOF ;Cameroun;Afrique
6598;2441;Store;1;371;ESPÈCES;23/07/2024;1;25/07/2024;12; 7 219 872,00 XOF ; 14 161 620,00 XOF ;Ghana;Afrique
6599;7733;Store;4;524;ESPÈCES;23/07/2024;2;29/07/2024;10; 67 993,75 XOF ; 147 812,50 XOF ;Sénégal;Afrique
6600;7733;Store;1;544;ESPÈCES;23/07/2024;2;29/07/2024;10; 55 411,95 XOF ; 120 544,05 XOF ;Sénégal;Afrique
6601;7036;Store;1;1043;ESPÈCES;23/07/2024;4;25/07/2024;10; 1 222 728,65 XOF ; 2 398 110,00 XOF ;Sénégal;Afrique
6602;7733;Store;3;66;ESPÈCES;23/07/2024;2;29/07/2024;8; 1 672 882,75 XOF ; 5 049 275,00 XOF ;Ghana;Afrique
6603;3495;Store;3;93;ESPÈCES;24/07/2024;4;30/07/2024;48; 2 174 617,50 XOF ; 4 728 817,50 XOF ;Cameroun;Afrique
6604;3730;Store;3;1152;VIREMENT;24/07/2024;1;26/07/2024;24; 613 362,75 XOF ; 1 333 860,00 XOF ;Burkina Faso;Afrique
6605;9234;Store;3;1589;DÉBIT CARTE;24/07/2024;2;29/07/2024;18; 1 302 003,45 XOF ; 2 553 987,15 XOF ;Côte d'ivoire;Afrique
6606;11048;En ligne;4;1331;VIREMENT;24/07/2024;2;27/07/2024;18; 1 856 477,70 XOF ; 4 037 055,00 XOF ;Burkina Faso;Afrique
6607;9234;Store;4;580;DÉBIT CARTE;24/07/2024;2;29/07/2024;13; 2 773 293,60 XOF ; 6 030 750,00 XOF ;Burkina Faso;Afrique
6608;1485;En ligne;4;1242;DÉBIT CARTE;24/07/2024;4;26/07/2024;13; 274 150,80 XOF ; 595 980,00 XOF ;Cameroun;Afrique
6609;9234;En ligne;4;468;DÉBIT CARTE;24/07/2024;2;29/07/2024;12; 1 203 785,00 XOF ; 2 362 635,00 XOF ;Gabon;Afrique
6610;9234;Store;3;976;DÉBIT CARTE;24/07/2024;2;29/07/2024;12; 1 174 187,03 XOF ; 3 543 952,50 XOF ;Burkina Faso;Afrique
6611;1485;Store;4;670;DÉBIT CARTE;24/07/2024;4;26/07/2024;12; 106 093,90 XOF ; 208 120,00 XOF ;Cameroun;Afrique
6612;1485;Store;3;1590;DÉBIT CARTE;24/07/2024;4;26/07/2024;12; 78 222,38 XOF ; 170 102,63 XOF ;Cameroun;Afrique
6613;11048;En ligne;4;1199;VIREMENT;24/07/2024;2;27/07/2024;10; 54 170,33 XOF ; 106 318,58 XOF ;Burkina Faso;Afrique
6614;1485;En ligne;4;1534;DÉBIT CARTE;24/07/2024;4;26/07/2024;10; 583 297,69 XOF ; 1 144 068,75 XOF ;Burkina Faso;Afrique
6615;3730;Store;3;16;VIREMENT;24/07/2024;1;26/07/2024;10; 409 440,63 XOF ; 1 235 712,50 XOF ;Ghana;Afrique
6616;3730;En ligne;3;1467;VIREMENT;24/07/2024;1;26/07/2024;10; 23 253,86 XOF ; 50 551,88 XOF ;Sénégal;Afrique
6617;9234;En ligne;4;865;DÉBIT CARTE;24/07/2024;2;29/07/2024;9; 1 604 356,88 XOF ; 4 842 337,50 XOF ;Sénégal;Afrique
6618;275;Store;4;397;DÉBIT CARTE;24/07/2024;2;28/07/2024;9; 391 762,25 XOF ; 1 182 500,00 XOF ;Sénégal;Afrique
6619;275;Store;1;1484;DÉBIT CARTE;24/07/2024;2;28/07/2024;9; 257 548,50 XOF ; 504 454,50 XOF ;Ghana;Afrique
6620;3730;Store;3;183;VIREMENT;24/07/2024;1;26/07/2024;8; 62 335,49 XOF ; 122 211,38 XOF ;Gabon;Afrique
6621;11048;Store;4;721;VIREMENT;24/07/2024;2;27/07/2024;6; 2 055 492,45 XOF ; 4 469 690,36 XOF ;Cameroun;Afrique
6622;1485;Store;1;950;DÉBIT CARTE;24/07/2024;4;26/07/2024;6; 734 119,65 XOF ; 1 596 375,00 XOF ;Burkina Faso;Afrique
6623;3730;Store;1;1603;VIREMENT;24/07/2024;1;26/07/2024;6; 815 688,50 XOF ; 1 773 750,00 XOF ;Burkina Faso;Afrique
6624;2441;Store;4;981;ESPÈCES;24/07/2024;1;26/07/2024;12; 60 236,55 XOF ; 118 155,40 XOF ;Cameroun;Afrique
6625;6690;Store;2;832;ESPÈCES;24/07/2024;1;26/07/2024;12; 4 676 551,00 XOF ; 10 169 500,00 XOF ;Sénégal;Afrique
6626;2236;Store;2;1479;ESPÈCES;24/07/2024;1;26/07/2024;10; 2 089 761,30 XOF ; 6 307 455,00 XOF ;Belgique;Europe
6627;3495;Store;1;1534;ESPÈCES;24/07/2024;4;30/07/2024;9; 7 259 604,00 XOF ; 15 786 375,00 XOF ;Belgique;Europe
6628;10946;Store;3;1449;ESPÈCES;24/07/2024;2;26/07/2024;9; 1 954 388,70 XOF ; 4 249 905,00 XOF ;Sénégal;Afrique
6629;2441;Store;1;905;ESPÈCES;24/07/2024;1;26/07/2024;5; 682 716,38 XOF ; 1 484 628,75 XOF ;Etats-Unis;Amérique
6630;3986;Store;4;1372;ESPÈCES;25/07/2024;4;28/07/2024;18; 2 050 738,80 XOF ; 6 189 678,00 XOF ;Sénégal;Afrique
6631;6445;Store;4;726;ESPÈCES;25/07/2024;4;27/07/2024;8; 1 056 209,00 XOF ; 2 071 740,00 XOF ;Sénégal;Afrique
6632;11651;Store;3;841;DÉBIT CARTE;25/07/2024;4;31/07/2024;20; 419 018,88 XOF ; 821 837,50 XOF ;Côte d'ivoire;Afrique
6633;9316;Store;3;445;DÉBIT CARTE;25/07/2024;4;29/07/2024;20; 162 120,75 XOF ; 318 092,50 XOF ;Sénégal;Afrique
6634;11651;En ligne;4;678;DÉBIT CARTE;25/07/2024;4;31/07/2024;18; 3 262 754,00 XOF ; 7 095 000,00 XOF ;Ghana;Afrique
6635;5671;Store;3;1386;DÉBIT CARTE;25/07/2024;4;29/07/2024;13; 66 036,71 XOF ; 143 620,54 XOF ;Sénégal;Afrique
6636;5671;En ligne;4;680;DÉBIT CARTE;25/07/2024;4;29/07/2024;12; 1 559 362,75 XOF ; 4 706 350,00 XOF ;Côte d'ivoire;Afrique
6637;9316;Store;2;1177;DÉBIT CARTE;25/07/2024;4;29/07/2024;12; 63 293,31 XOF ; 124 132,94 XOF ;Sénégal;Afrique
6638;11651;En ligne;4;1393;DÉBIT CARTE;25/07/2024;4;31/07/2024;10; 1 223 515,01 XOF ; 2 660 571,79 XOF ;Sénégal;Afrique
6639;5671;Store;3;1500;DÉBIT CARTE;25/07/2024;4;29/07/2024;10; 1 043 958,30 XOF ; 2 270 258,10 XOF ;Sénégal;Afrique
6640;9316;Store;4;697;DÉBIT CARTE;25/07/2024;4;29/07/2024;10; 1 392 358,28 XOF ; 3 027 791,25 XOF ;Belgique;Europe
6641;11048;Store;1;1636;VIREMENT;25/07/2024;2;28/07/2024;10; 1 154 356,50 XOF ; 2 264 191,88 XOF ;Belgique;Europe
6642;5671;En ligne;4;621;DÉBIT CARTE;25/07/2024;4;29/07/2024;6; 4 614 162,30 XOF ; 13 926 775,50 XOF ;Belgique;Europe
6643;9316;Store;3;871;DÉBIT CARTE;25/07/2024;4;29/07/2024;6; 1 065 550,75 XOF ; 2 317 108,75 XOF ;Etats-Unis;Amérique
6644;11048;En ligne;4;848;VIREMENT;25/07/2024;2;28/07/2024;4; 1 357 273,50 XOF ; 2 951 520,00 XOF ;Burkina Faso;Afrique
6645;6445;Store;4;1402;ESPÈCES;25/07/2024;4;27/07/2024;13; 132 794,75 XOF ; 400 867,50 XOF ;Belgique;Europe
6646;3986;Store;2;1171;ESPÈCES;25/07/2024;4;28/07/2024;12; 332 790,98 XOF ; 723 690,00 XOF ;Sénégal;Afrique
6647;6445;Store;1;903;ESPÈCES;25/07/2024;4;27/07/2024;6; 1 198 209,51 XOF ; 2 605 638,75 XOF ;Sénégal;Afrique
6648;6445;Store;2;471;ESPÈCES;25/07/2024;4;27/07/2024;5; 298 403,88 XOF ; 585 337,50 XOF ;Côte d'ivoire;Afrique
6649;5971;Store;4;1515;ESPÈCES;26/07/2024;4;30/07/2024;26; 686 796,00 XOF ; 1 345 212,00 XOF ;Sénégal;Afrique
6650;5971;Store;4;1480;ESPÈCES;26/07/2024;4;30/07/2024;13; 34 410,75 XOF ; 74 852,25 XOF ;Ghana;Afrique
6651;5971;Store;3;1527;ESPÈCES;26/07/2024;4;30/07/2024;12; 456 776,10 XOF ; 993 158,10 XOF ;Sénégal;Afrique
6652;388;En ligne;4;447;DÉBIT CARTE;26/07/2024;4;31/07/2024;30; 3 714 161,55 XOF ; 11 210 100,00 XOF ;Sénégal;Afrique
6653;6121;En ligne;4;212;VIREMENT;26/07/2024;4;28/07/2024;26; 489 288,94 XOF ; 1 063 983,94 XOF ;Côte d'ivoire;Afrique
6654;306;Store;3;367;DÉBIT CARTE;26/07/2024;2;29/07/2024;24; 227 572,13 XOF ; 494 876,25 XOF ;Sénégal;Afrique
6655;306;En ligne;4;94;DÉBIT CARTE;26/07/2024;2;29/07/2024;24; 257 761,35 XOF ; 560 505,00 XOF ;Sénégal;Afrique
6656;1588;Store;3;457;DÉBIT CARTE;26/07/2024;2;01/08/2024;16; 219 519,30 XOF ; 430 430,00 XOF ;Sénégal;Afrique
6657;388;Store;2;398;DÉBIT CARTE;26/07/2024;4;31/07/2024;13; 4 023 675,01 XOF ; 12 144 275,00 XOF ;Sénégal;Afrique
6658;9316;Store;4;1178;DÉBIT CARTE;26/07/2024;4;30/07/2024;13; 1 972 268,10 XOF ; 3 868 548,75 XOF ;Côte d'ivoire;Afrique
6659;3105;Store;2;1456;VIREMENT;26/07/2024;4;28/07/2024;13; 707 194,13 XOF ; 1 537 841,25 XOF ;Côte d'ivoire;Afrique
6660;6121;Store;2;506;VIREMENT;26/07/2024;4;28/07/2024;13; 5 093 027,50 XOF ; 15 371 317,50 XOF ;Belgique;Europe
6661;5604;Store;1;581;DÉBIT CARTE;26/07/2024;4;31/07/2024;12; 5 863 166,10 XOF ; 12 749 715,00 XOF ;Ghana;Afrique
6662;306;Store;1;52;DÉBIT CARTE;26/07/2024;2;29/07/2024;12; 527 548,73 XOF ; 1 592 277,64 XOF ;Belgique;Europe
6663;1824;Store;2;1311;VIREMENT;26/07/2024;4;01/08/2024;10; 57 540,45 XOF ; 112 810,50 XOF ;France;Europe
6664;1824;Store;2;1071;VIREMENT;26/07/2024;4;01/08/2024;10; 2 110 620,60 XOF ; 4 139 932,50 XOF ;Belgique;Europe
6665;1588;Store;2;1495;DÉBIT CARTE;26/07/2024;2;01/08/2024;10; 2 011 290,60 XOF ; 3 944 820,00 XOF ;Belgique;Europe
6666;3105;Store;4;538;VIREMENT;26/07/2024;4;28/07/2024;10; 1 130 954,83 XOF ; 2 459 446,28 XOF ;Sénégal;Afrique
6667;3105;Store;2;1647;VIREMENT;26/07/2024;4;28/07/2024;10; 629 965,05 XOF ; 1 901 460,00 XOF ;Belgique;Europe
6668;3105;En ligne;4;1205;VIREMENT;26/07/2024;4;28/07/2024;10; 93 311,08 XOF ; 182 932,75 XOF ;Etats-Unis;Amérique
6669;1824;Store;1;1461;VIREMENT;26/07/2024;4;01/08/2024;9; 813 831,98 XOF ; 1 596 055,73 XOF ;Sénégal;Afrique
6670;5604;En ligne;4;396;DÉBIT CARTE;26/07/2024;4;31/07/2024;9; 1 087 373,79 XOF ; 3 282 028,75 XOF ;Belgique;Europe
6671;5604;En ligne;4;248;DÉBIT CARTE;26/07/2024;4;31/07/2024;9; 35 260 518,15 XOF ; 69 162 414,75 XOF ;Belgique;Europe
6672;5604;Store;1;600;DÉBIT CARTE;26/07/2024;4;31/07/2024;9; 54 223,54 XOF ; 106 371,79 XOF ;Burkina Faso;Afrique
6673;306;Store;3;1418;DÉBIT CARTE;26/07/2024;2;29/07/2024;9; 1 844 983,80 XOF ; 4 012 222,50 XOF ;Belgique;Europe
6674;306;Store;3;223;DÉBIT CARTE;26/07/2024;2;29/07/2024;9; 616 626,45 XOF ; 1 340 955,00 XOF ;Etats-Unis;Amérique
6675;1588;En ligne;4;822;DÉBIT CARTE;26/07/2024;2;01/08/2024;8; 1 203 785,00 XOF ; 2 362 635,00 XOF ;Belgique;Europe
6676;5604;Store;4;1296;DÉBIT CARTE;26/07/2024;4;31/07/2024;8; 4 074 557,99 XOF ; 12 298 000,00 XOF ;Belgique;Europe
6677;1824;En ligne;4;801;VIREMENT;26/07/2024;4;01/08/2024;6; 37 532,55 XOF ; 81 592,50 XOF ;Belgique;Europe
6678;1588;Store;3;1426;DÉBIT CARTE;26/07/2024;2;01/08/2024;6; 1 112 673,38 XOF ; 3 358 300,00 XOF ;Sénégal;Afrique
6679;3105;Store;2;473;VIREMENT;26/07/2024;4;28/07/2024;6; 435 041,75 XOF ; 946 000,00 XOF ;Sénégal;Afrique
6680;7099;Store;1;782;DÉBIT CARTE;26/07/2024;4;01/08/2024;5; 289 239,50 XOF ; 567 304,38 XOF ;Sénégal;Afrique
6681;7099;Store;2;550;DÉBIT CARTE;26/07/2024;4;01/08/2024;5; 368 940,00 XOF ; 723 690,00 XOF ;Côte d'ivoire;Afrique
6682;1824;Store;1;1653;VIREMENT;26/07/2024;4;01/08/2024;4; 4 614 517,05 XOF ; 13 927 485,00 XOF ;Sénégal;Afrique
6683;7035;Store;3;1076;ESPÈCES;26/07/2024;4;29/07/2024;18; 122 211,38 XOF ; 239 811,00 XOF ;Sénégal;Afrique
6684;5971;Store;3;1088;ESPÈCES;26/07/2024;4;30/07/2024;10; 305 605,30 XOF ; 599 450,64 XOF ;Ghana;Afrique
6685;5971;Store;3;788;ESPÈCES;26/07/2024;4;30/07/2024;9; 424 162,75 XOF ; 922 350,00 XOF ;Sénégal;Afrique
6686;7035;Store;2;1408;ESPÈCES;26/07/2024;4;29/07/2024;9; 652 101,45 XOF ; 1 418 113,13 XOF ;Côte d'ivoire;Afrique
6687;9321;Store;3;375;ESPÈCES;26/07/2024;1;28/07/2024;8; 1 829 445,75 XOF ; 3 978 166,50 XOF ;Ghana;Afrique
6688;9321;Store;3;673;ESPÈCES;26/07/2024;1;28/07/2024;5; 438 045,30 XOF ; 952 503,75 XOF ;Sénégal;Afrique
6689;11733;Store;4;844;ESPÈCES;27/07/2024;2;31/07/2024;16; 57 895,20 XOF ; 113 520,00 XOF ;Sénégal;Afrique
6690;1807;Store;4;170;ESPÈCES;27/07/2024;2;30/07/2024;16; 21 876,25 XOF ; 42 924,75 XOF ;Sénégal;Afrique
6691;1807;Store;3;1594;ESPÈCES;27/07/2024;2;30/07/2024;15; 538 368,60 XOF ; 1 170 675,00 XOF ;Belgique;Europe
6692;11733;Store;4;966;ESPÈCES;27/07/2024;2;31/07/2024;9; 810 249,00 XOF ; 1 761 925,00 XOF ;Belgique;Europe
6693;2664;Store;4;1458;ESPÈCES;27/07/2024;4;30/07/2024;8; 61 490,00 XOF ; 120 615,00 XOF ;Belgique;Europe
6694;9424;Store;1;419;DÉBIT CARTE;27/07/2024;4;02/08/2024;24; 15 526,23 XOF ; 30 591,28 XOF ;France;Europe
6695;3847;Store;4;1264;VIREMENT;27/07/2024;4;01/08/2024;24; 1 105 436,48 XOF ; 3 336 423,75 XOF ;Belgique;Europe
6696;4560;En ligne;4;300;DÉBIT CARTE;27/07/2024;2;29/07/2024;24; 888 223,05 XOF ; 1 931 613,75 XOF ;Sénégal;Afrique
6697;4560;Store;3;317;DÉBIT CARTE;27/07/2024;2;29/07/2024;18; 315 656,55 XOF ; 686 441,25 XOF ;Belgique;Europe
6698;3847;Store;1;1113;VIREMENT;27/07/2024;4;01/08/2024;12; 942 925,50 XOF ; 2 050 455,00 XOF ;Côte d'ivoire;Afrique
6699;3420;Store;2;413;DÉBIT CARTE;27/07/2024;4;01/08/2024;12; 614 994,60 XOF ; 1 337 407,50 XOF ;Côte d'ivoire;Afrique
6700;11481;Store;3;1103;VIREMENT;27/07/2024;4;31/07/2024;12; 2 430 747,00 XOF ; 4 767 840,00 XOF ;Sénégal;Afrique
6701;9424;En ligne;4;782;DÉBIT CARTE;27/07/2024;4;02/08/2024;10; 1 394 752,84 XOF ; 3 033 112,50 XOF ;Sénégal;Afrique
6702;9424;En ligne;4;425;DÉBIT CARTE;27/07/2024;4;02/08/2024;9; 1 033 150,25 XOF ; 2 246 750,00 XOF ;Ghana;Afrique
6703;11481;Store;3;1592;VIREMENT;27/07/2024;4;31/07/2024;9; 455 948,35 XOF ; 991 526,25 XOF ;Côte d'ivoire;Afrique
6704;3847;En ligne;4;1423;VIREMENT;27/07/2024;4;01/08/2024;6; 2 392 670,50 XOF ; 5 203 000,00 XOF ;Ghana;Afrique
6705;4053;Store;1;1074;ESPÈCES;27/07/2024;4;02/08/2024;26; 532 444,28 XOF ; 1 607 017,50 XOF ;Côte d'ivoire;Afrique
6706;11733;Store;4;1601;ESPÈCES;27/07/2024;2;31/07/2024;26; 409 440,63 XOF ; 1 235 712,50 XOF ;Côte d'ivoire;Afrique
6707;1807;Store;4;442;ESPÈCES;27/07/2024;2;30/07/2024;26; 296 074,35 XOF ; 643 871,25 XOF ;Côte d'ivoire;Afrique
6708;11733;Store;3;828;ESPÈCES;27/07/2024;2;31/07/2024;24; 4 054 343,15 XOF ; 12 236 510,00 XOF ;Sénégal;Afrique
6709;9321;Store;4;960;ESPÈCES;27/07/2024;1;29/07/2024;18; 2 604 432,60 XOF ; 5 108 400,00 XOF ;Burkina Faso;Afrique
6710;9321;Store;4;671;ESPÈCES;27/07/2024;1;29/07/2024;13; 30 969,68 XOF ; 67 367,03 XOF ;Sénégal;Afrique
6711;9321;Store;2;113;ESPÈCES;27/07/2024;1;29/07/2024;12; 4 472 191,35 XOF ; 9 725 116,50 XOF ;Côte d'ivoire;Afrique
6712;4053;Store;4;690;ESPÈCES;27/07/2024;4;02/08/2024;10; 210 402,23 XOF ; 635 002,50 XOF ;Sénégal;Afrique
6713;4053;Store;4;976;ESPÈCES;27/07/2024;4;02/08/2024;10; 117 422,25 XOF ; 255 349,05 XOF ;Burkina Faso;Afrique
6714;11264;Store;2;635;ESPÈCES;27/07/2024;4;02/08/2024;10; 601 939,80 XOF ; 1 309 027,50 XOF ;Côte d'ivoire;Afrique
6715;1807;Store;3;117;ESPÈCES;27/07/2024;2;30/07/2024;9; 1 199 055,00 XOF ; 2 607 412,50 XOF ;Côte d'ivoire;Afrique
6716;4053;Store;1;313;ESPÈCES;27/07/2024;4;02/08/2024;5; 931 455,25 XOF ; 1 826 962,50 XOF ;Burkina Faso;Afrique
6717;1807;Store;4;1050;ESPÈCES;27/07/2024;2;30/07/2024;5; 73 374,13 XOF ; 159 578,38 XOF ;Burkina Faso;Afrique
6718;12324;Store;4;1477;ESPÈCES;28/07/2024;2;02/08/2024;16; 1 625 949,33 XOF ; 3 535 675,00 XOF ;Côte d'ivoire;Afrique
6719;9708;Store;4;1113;ESPÈCES;28/07/2024;4;30/07/2024;12; 269 148,83 XOF ; 812 377,50 XOF ;Côte d'ivoire;Afrique
6720;9171;Store;4;201;ESPÈCES;28/07/2024;2;31/07/2024;10; 21 373,69 XOF ; 41 949,19 XOF ;Côte d'ivoire;Afrique
6721;10386;Store;3;1234;ESPÈCES;28/07/2024;4;01/08/2024;9; 88 048,95 XOF ; 191 494,05 XOF ;Côte d'ivoire;Afrique
6722;11586;Store;1;2508;VIREMENT;28/07/2024;4;01/08/2024;260; 1 251 167,78 XOF ; 2 720 932,50 XOF ;Côte d'ivoire;Afrique
6723;7912;En ligne;3;1395;DÉBIT CARTE;28/07/2024;2;01/08/2024;24; 361 703,10 XOF ; 709 358,10 XOF ;Côte d'ivoire;Afrique
6724;7185;Store;4;1494;VIREMENT;28/07/2024;2;30/07/2024;13; 921 699,63 XOF ; 2 004 337,50 XOF ;Sénégal;Afrique
6725;10609;Store;1;695;VIREMENT;28/07/2024;2;02/08/2024;12; 430 843,88 XOF ; 1 300 336,13 XOF ;Côte d'ivoire;Afrique
6726;11586;Store;1;1449;VIREMENT;28/07/2024;4;01/08/2024;12; 260 315,55 XOF ; 510 573,94 XOF ;Côte d'ivoire;Afrique
6727;11586;Store;4;1644;VIREMENT;28/07/2024;4;01/08/2024;12; 2 073 371,85 XOF ; 6 257 790,00 XOF ;Côte d'ivoire;Afrique
6728;11586;En ligne;4;1425;VIREMENT;28/07/2024;4;01/08/2024;12; 180 242,56 XOF ; 391 921,89 XOF ;Côte d'ivoire;Afrique
6729;10609;En ligne;4;375;VIREMENT;28/07/2024;2;02/08/2024;10; 750 438,15 XOF ; 1 631 850,00 XOF ;Ghana;Afrique
6730;4764;En ligne;4;712;DÉBIT CARTE;28/07/2024;2;01/08/2024;10; 7 425 910,80 XOF ; 16 148 220,00 XOF ;Côte d'ivoire;Afrique
6731;4764;En ligne;4;650;DÉBIT CARTE;28/07/2024;2;01/08/2024;10; 184 883,88 XOF ; 402 050,00 XOF ;Côte d'ivoire;Afrique
6732;7912;Store;3;347;DÉBIT CARTE;28/07/2024;2;01/08/2024;10; 586 165,25 XOF ; 1 769 197,38 XOF ;Côte d'ivoire;Afrique
6733;598;Store;1;1386;VIREMENT;28/07/2024;4;31/07/2024;10; 735 189,81 XOF ; 1 598 740,00 XOF ;Côte d'ivoire;Afrique
6734;598;Store;3;1137;VIREMENT;28/07/2024;4;31/07/2024;10; 1 193 662,80 XOF ; 2 341 350,00 XOF ;Côte d'ivoire;Afrique
6735;7185;Store;2;1456;VIREMENT;28/07/2024;2;30/07/2024;10; 2 071 290,65 XOF ; 4 504 142,50 XOF ;Côte d'ivoire;Afrique
6736;7185;Store;2;170;VIREMENT;28/07/2024;2;30/07/2024;10; 177 375,00 XOF ; 347 655,00 XOF ;Côte d'ivoire;Afrique
6737;7185;Store;4;484;VIREMENT;28/07/2024;2;30/07/2024;10; 522 050,10 XOF ; 1 135 200,00 XOF ;Côte d'ivoire;Afrique
6738;2208;Store;1;126;ESPÈCES;28/07/2024;2;31/07/2024;26; 40 388,29 XOF ; 87 800,63 XOF ;Côte d'ivoire;Afrique
6739;2208;Store;4;1629;ESPÈCES;28/07/2024;2;31/07/2024;24; 146 813,29 XOF ; 319 221,79 XOF ;Côte d'ivoire;Afrique
6740;12324;Store;4;1630;ESPÈCES;28/07/2024;2;02/08/2024;12; 4 405 835,36 XOF ; 13 297 803,75 XOF ;Côte d'ivoire;Afrique
6741;10609;Store;3;644;VIREMENT;28/07/2024;2;02/08/2024;5; 621 255,94 XOF ; 1 218 566,25 XOF ;Côte d'ivoire;Afrique
6742;7912;Store;2;500;DÉBIT CARTE;28/07/2024;2;01/08/2024;5; 1 794 739,38 XOF ; 3 520 302,50 XOF ;Côte d'ivoire;Afrique
6743;7185;En ligne;4;1135;VIREMENT;28/07/2024;2;30/07/2024;5; 1 112 673,38 XOF ; 3 358 300,00 XOF ;Côte d'ivoire;Afrique
6744;10609;En ligne;4;832;VIREMENT;28/07/2024;2;02/08/2024;4; 871 124,10 XOF ; 1 894 365,00 XOF ;Côte d'ivoire;Afrique
6745;9171;Store;2;651;ESPÈCES;28/07/2024;2;31/07/2024;10; 99 471,90 XOF ; 195 112,50 XOF ;Burkina Faso;Afrique
6746;1021;Store;3;751;VIREMENT;28/07/2024;4;30/07/2024;4; 1 232 874,50 XOF ; 2 418 212,50 XOF ;Côte d'ivoire;Afrique
6747;9171;Store;2;239;ESPÈCES;28/07/2024;2;31/07/2024;10; 723 217,00 XOF ; 1 418 763,50 XOF ;Côte d'ivoire;Afrique
6748;8826;Store;3;495;ESPÈCES;28/07/2024;4;30/07/2024;10; 254 568,60 XOF ; 768 471,28 XOF ;Côte d'ivoire;Afrique
6749;10334;Store;4;661;ESPÈCES;28/07/2024;2;03/08/2024;9; 1 022 531,40 XOF ; 3 086 218,58 XOF ;Côte d'ivoire;Afrique
6750;9171;Store;3;959;ESPÈCES;28/07/2024;2;31/07/2024;9; 151 974,90 XOF ; 297 990,00 XOF ;Côte d'ivoire;Afrique
6751;9708;Store;3;244;ESPÈCES;28/07/2024;4;30/07/2024;9; 489 377,63 XOF ; 1 064 190,88 XOF ;Burkina Faso;Afrique
6752;8826;Store;3;645;ESPÈCES;28/07/2024;4;30/07/2024;9; 512 436,38 XOF ; 1 005 125,00 XOF ;Sénégal;Afrique
6753;8826;Store;3;254;ESPÈCES;28/07/2024;4;30/07/2024;9; 1 710 651,80 XOF ; 3 720 145,00 XOF ;Burkina Faso;Afrique
6754;12324;Store;4;75;ESPÈCES;28/07/2024;2;02/08/2024;4; 7 664 728,50 XOF ; 15 034 305,00 XOF ;Burkina Faso;Afrique
6755;1878;Store;4;9;ESPÈCES;29/07/2024;4;31/07/2024;16; 50 882,98 XOF ; 99 844,39 XOF ;Côte d'ivoire;Afrique
6756;12324;Store;4;152;ESPÈCES;29/07/2024;2;03/08/2024;8; 491 328,75 XOF ; 963 737,50 XOF ;Sénégal;Afrique
6757;7854;Store;4;336;ESPÈCES;29/07/2024;2;31/07/2024;8; 81 243,66 XOF ; 176 706,89 XOF ;Sénégal;Afrique
6758;9119;En ligne;4;691;VIREMENT;29/07/2024;4;03/08/2024;30; 5 701 542,00 XOF ; 12 398 512,50 XOF ;Côte d'ivoire;Afrique
6759;5988;En ligne;4;879;DÉBIT CARTE;29/07/2024;2;01/08/2024;24; 2 721 074,40 XOF ; 5 917 230,00 XOF ;Sénégal;Afrique
6760;11348;En ligne;4;257;DÉBIT CARTE;29/07/2024;4;03/08/2024;18; 1 161 238,65 XOF ; 3 504 930,00 XOF ;Côte d'ivoire;Afrique
6761;7401;Store;3;435;VIREMENT;29/07/2024;4;02/08/2024;15; 185 711,63 XOF ; 403 882,88 XOF ;Côte d'ivoire;Afrique
6762;11348;Store;4;768;DÉBIT CARTE;29/07/2024;4;03/08/2024;13; 596 807,75 XOF ; 1 170 675,00 XOF ;Côte d'ivoire;Afrique
6763;5988;Store;1;1035;DÉBIT CARTE;29/07/2024;2;01/08/2024;13; 386 109,90 XOF ; 1 165 353,75 XOF ;Côte d'ivoire;Afrique
6764;11348;En ligne;3;92;DÉBIT CARTE;29/07/2024;4;03/08/2024;10; 621 255,94 XOF ; 1 218 566,25 XOF ;Côte d'ivoire;Afrique
6765;11348;Store;2;14;DÉBIT CARTE;29/07/2024;4;03/08/2024;10; 1 099 441,20 XOF ; 2 156 596,20 XOF ;Canada;Amérique
6766;11348;Store;1;254;DÉBIT CARTE;29/07/2024;4;03/08/2024;9; 1 154 356,50 XOF ; 2 264 191,88 XOF ;Côte d'ivoire;Afrique
6767;5988;Store;4;1169;DÉBIT CARTE;29/07/2024;2;01/08/2024;9; 1 894 506,90 XOF ; 4 119 830,00 XOF ;Côte d'ivoire;Afrique
6768;7854;Store;4;514;ESPÈCES;29/07/2024;2;31/07/2024;24; 120 496,75 XOF ; 236 381,75 XOF ;Côte d'ivoire;Afrique
6769;5207;Store;3;792;ESPÈCES;29/07/2024;4;01/08/2024;20; 1 566 150,30 XOF ; 3 405 600,00 XOF ;Canada;Amérique
6770;5207;Store;1;499;ESPÈCES;29/07/2024;4;01/08/2024;20; 234 667,13 XOF ; 510 307,88 XOF ;Canada;Amérique
6771;4925;Store;2;1437;DÉBIT CARTE;29/07/2024;2;03/08/2024;6; 99 471,90 XOF ; 195 112,50 XOF ;Côte d'ivoire;Afrique
6772;11172;Store;3;1306;ESPÈCES;29/07/2024;4;01/08/2024;12; 58 675,65 XOF ; 127 639,05 XOF ;Côte d'ivoire;Afrique
6773;10773;Store;4;1615;ESPÈCES;29/07/2024;4;01/08/2024;10; 37 674,45 XOF ; 73 965,38 XOF ;Côte d'ivoire;Afrique
6774;11172;Store;1;337;ESPÈCES;29/07/2024;4;01/08/2024;9; 180 851,55 XOF ; 354 679,05 XOF ;Côte d'ivoire;Afrique
6775;7854;Store;1;326;ESPÈCES;29/07/2024;2;31/07/2024;9; 893 260,50 XOF ; 2 696 100,00 XOF ;Côte d'ivoire;Afrique
6776;7854;Store;1;1228;ESPÈCES;29/07/2024;2;31/07/2024;9; 3 519 049,05 XOF ; 10 621 215,00 XOF ;Canada;Amérique
6777;10773;Store;2;511;ESPÈCES;29/07/2024;4;01/08/2024;5; 260 954,10 XOF ; 567 458,10 XOF ;Canada;Amérique
6778;11172;Store;1;941;ESPÈCES;29/07/2024;4;01/08/2024;5; 1 516 201,50 XOF ; 4 576 275,00 XOF ;Côte d'ivoire;Afrique
6779;6740;Store;4;418;ESPÈCES;30/07/2024;4;02/08/2024;12; 1 426 260,55 XOF ; 2 797 795,00 XOF ;Côte d'ivoire;Afrique
6780;8384;Store;4;1515;ESPÈCES;30/07/2024;2;02/08/2024;10; 649 263,45 XOF ; 1 411 905,00 XOF ;Côte d'ivoire;Afrique
6781;8384;Store;4;1488;ESPÈCES;30/07/2024;2;02/08/2024;10; 85 494,75 XOF ; 167 796,75 XOF ;Canada;Amérique
6782;12324;Store;2;2489;DÉBIT CARTE;30/07/2024;2;01/08/2024;520; 97 851,88 XOF ; 212 790,88 XOF ;Côte d'ivoire;Afrique
6783;12324;Store;2;7;DÉBIT CARTE;30/07/2024;2;01/08/2024;26; 1 983 407,25 XOF ; 3 890 425,00 XOF ;Côte d'ivoire;Afrique
6784;12324;En ligne;4;1265;DÉBIT CARTE;30/07/2024;2;01/08/2024;18; 2 300 057,10 XOF ; 5 001 655,73 XOF ;Côte d'ivoire;Afrique
6785;1300;Store;1;1569;VIREMENT;30/07/2024;4;01/08/2024;13; 989 681,55 XOF ; 2 152 150,00 XOF ;Côte d'ivoire;Afrique
6786;12325;Store;4;1526;DÉBIT CARTE;30/07/2024;4;01/08/2024;13; 107 631,15 XOF ; 234 064,05 XOF ;Côte d'ivoire;Afrique
6787;5335;Store;1;553;VIREMENT;30/07/2024;2;03/08/2024;12; 184 470,00 XOF ; 361 845,00 XOF ;Côte d'ivoire;Afrique
6788;5335;Store;3;693;VIREMENT;30/07/2024;2;03/08/2024;10; 293 733,00 XOF ; 886 697,63 XOF ;Côte d'ivoire;Afrique
6789;5335;Store;4;1470;VIREMENT;30/07/2024;2;03/08/2024;10; 1 084 884,63 XOF ; 2 359 087,50 XOF ;Côte d'ivoire;Afrique
6790;1300;Store;2;731;VIREMENT;30/07/2024;4;01/08/2024;10; 1 198 913,10 XOF ; 3 618 450,00 XOF ;Côte d'ivoire;Afrique
6791;12325;Store;1;1305;DÉBIT CARTE;30/07/2024;4;01/08/2024;10; 1 958 929,50 XOF ; 5 912 500,00 XOF ;Côte d'ivoire;Afrique
6792;5335;En ligne;4;1632;VIREMENT;30/07/2024;2;03/08/2024;9; 90 390,30 XOF ; 177 304,05 XOF ;Côte d'ivoire;Afrique
6793;1300;Store;1;1127;VIREMENT;30/07/2024;4;01/08/2024;9; 5 701 542,00 XOF ; 12 398 512,50 XOF ;Côte d'ivoire;Afrique
6794;12325;En ligne;4;1622;DÉBIT CARTE;30/07/2024;4;01/08/2024;9; 296 393,63 XOF ; 644 462,50 XOF ;Côte d'ivoire;Afrique
6795;12325;En ligne;4;1013;DÉBIT CARTE;30/07/2024;4;01/08/2024;9; 210 402,23 XOF ; 635 002,50 XOF ;Côte d'ivoire;Afrique
6796;12325;Store;2;575;DÉBIT CARTE;30/07/2024;4;01/08/2024;9; 1 359 461,13 XOF ; 2 956 250,00 XOF ;Côte d'ivoire;Afrique
6797;6740;Store;4;561;ESPÈCES;30/07/2024;4;02/08/2024;9; 847 024,75 XOF ; 1 661 412,50 XOF ;Côte d'ivoire;Afrique
6798;8384;Store;3;361;ESPÈCES;30/07/2024;2;02/08/2024;8; 1 840 088,25 XOF ; 4 001 580,00 XOF ;Côte d'ivoire;Afrique
6799;5335;Store;1;1608;VIREMENT;30/07/2024;2;03/08/2024;4; 6 508 480,00 XOF ; 12 766 270,00 XOF ;Côte d'ivoire;Afrique
6800;1300;Store;4;927;VIREMENT;30/07/2024;4;01/08/2024;4; 195 112,50 XOF ; 424 281,00 XOF ;Côte d'ivoire;Afrique
6801;8384;Store;4;732;ESPÈCES;30/07/2024;2;02/08/2024;8; 466 638,15 XOF ; 915 255,00 XOF ;Côte d'ivoire;Afrique
6802;8384;Store;3;349;ESPÈCES;30/07/2024;2;02/08/2024;8; 1 182 807,45 XOF ; 2 320 065,00 XOF ;Côte d'ivoire;Afrique
6803;1749;Store;3;60;ESPÈCES;31/07/2024;4;02/08/2024;20; 2 205 551,70 XOF ; 4 796 220,00 XOF ;Côte d'ivoire;Afrique
6804;1749;Store;4;524;ESPÈCES;31/07/2024;4;02/08/2024;8; 195 822,00 XOF ; 591 131,75 XOF ;Côte d'ivoire;Afrique
6805;11577;Store;2;219;VIREMENT;31/07/2024;2;03/08/2024;13; 978 826,20 XOF ; 2 128 500,00 XOF ;Côte d'ivoire;Afrique
6806;1749;Store;1;426;ESPÈCES;31/07/2024;4;02/08/2024;36; 1 426 946,40 XOF ; 3 102 880,00 XOF ;Côte d'ivoire;Afrique
6807;10400;Store;4;208;ESPÈCES;31/07/2024;2;02/08/2024;13; 443 201,00 XOF ; 963 737,50 XOF ;Côte d'ivoire;Afrique
6808;10400;Store;2;170;ESPÈCES;31/07/2024;2;02/08/2024;13; 283 303,35 XOF ; 615 987,90 XOF ;Côte d'ivoire;Afrique
6809;10400;Store;4;1044;ESPÈCES;31/07/2024;2;02/08/2024;13; 193 321,01 XOF ; 420 378,75 XOF ;Côte d'ivoire;Afrique
6810;324;Store;2;344;DÉBIT CARTE;31/07/2024;4;03/08/2024;10; 452 010,63 XOF ; 886 579,38 XOF ;Côte d'ivoire;Afrique
6811;1749;Store;4;603;ESPÈCES;31/07/2024;4;02/08/2024;12; 6 417 427,50 XOF ; 19 369 350,00 XOF ;Côte d'ivoire;Afrique
6812;324;Store;4;244;DÉBIT CARTE;31/07/2024;4;03/08/2024;9; 120 059,23 XOF ; 261 178,78 XOF ;Côte d'ivoire;Afrique
6813;10400;Store;2;1592;ESPÈCES;31/07/2024;2;02/08/2024;10; 904 021,25 XOF ; 1 773 158,75 XOF ;Côte d'ivoire;Afrique
6814;324;En ligne;4;752;DÉBIT CARTE;31/07/2024;4;03/08/2024;8; 75 857,38 XOF ; 164 958,75 XOF ;Burkina Faso;Afrique
6815;10400;Store;2;1582;ESPÈCES;31/07/2024;2;02/08/2024;9; 647 064,00 XOF ; 1 407 175,00 XOF ;Côte d'ivoire;Afrique
6816;324;En ligne;4;1250;DÉBIT CARTE;31/07/2024;4;03/08/2024;6; 1 298 526,90 XOF ; 2 823 810,00 XOF ;Côte d'ivoire;Afrique
