Id Commande;Id Client;Canal;Id Store;Id Produit;Type de paiement;Date de commande;Nb_Jours de livraison programmé;Date de livraison;Quantité;Total Cout d'acquisition;Montant Vente;Pays;Continent
3894;6645;Store;4;1005;ESPÈCES;01/05/2024;2;06/05/2024;20; 39 022,50 XOF ; 76 566,88 XOF ;Sénégal;Afrique
3895;9133;Store;1;2505;DÉBIT CARTE;01/05/2024;4;06/05/2024;120; 1 628 657,25 XOF ; 3 541 587,50 XOF ;Ghana;Afrique
3896;5092;Store;3;528;VIREMENT;01/05/2024;1;03/05/2024;40; 541 052,88 XOF ; 1 176 587,50 XOF ;Sénégal;Afrique
3897;636;Store;2;358;VIREMENT;01/05/2024;2;05/05/2024;26; 1 036 283,88 XOF ; 3 127 712,50 XOF ;Côte d'ivoire;Afrique
3898;10018;En ligne;4;1553;DÉBIT CARTE;01/05/2024;1;03/05/2024;26; 39 199,88 XOF ; 76 862,50 XOF ;Sénégal;Afrique
3899;6427;En ligne;4;602;DÉBIT CARTE;01/05/2024;4;05/05/2024;24; 524 970,88 XOF ; 1 584 550,00 XOF ;France;Europe
3900;10081;Store;1;132;DÉBIT CARTE;01/05/2024;2;03/05/2024;24; 2 327 396,50 XOF ; 5 061 100,00 XOF ;Ghana;Afrique
3901;10018;En ligne;4;400;DÉBIT CARTE;01/05/2024;1;03/05/2024;20; 78 813,63 XOF ; 171 403,38 XOF ;Cameroun;Afrique
3902;5836;Store;4;385;VIREMENT;01/05/2024;4;06/05/2024;18; 369 767,75 XOF ; 804 100,00 XOF ;Côte d'ivoire;Afrique
3903;6427;En ligne;4;1225;DÉBIT CARTE;01/05/2024;4;05/05/2024;18; 331 573,00 XOF ; 650 315,88 XOF ;France;Europe
3904;756;Store;4;319;DÉBIT CARTE;01/05/2024;2;04/05/2024;13; 725 936,75 XOF ; 1 578 637,50 XOF ;Burkina Faso;Afrique
3905;10081;Store;3;935;DÉBIT CARTE;01/05/2024;2;03/05/2024;13; 762 003,00 XOF ; 2 299 962,50 XOF ;France;Europe
3906;11922;Store;3;1631;VIREMENT;01/05/2024;2;07/05/2024;12; 429 011,00 XOF ; 1 294 837,50 XOF ;Sénégal;Afrique
3907;5836;Store;3;551;VIREMENT;01/05/2024;4;06/05/2024;12; 538 333,13 XOF ; 1 170 675,00 XOF ;Sénégal;Afrique
3908;9133;Store;3;1322;DÉBIT CARTE;01/05/2024;4;06/05/2024;10; 961 609,00 XOF ; 1 886 087,50 XOF ;Ghana;Afrique
3909;5836;Store;3;1141;VIREMENT;01/05/2024;4;06/05/2024;10; 89 692,63 XOF ; 195 053,38 XOF ;Cameroun;Afrique
3910;636;Store;3;369;VIREMENT;01/05/2024;2;05/05/2024;10; 486 717,00 XOF ; 1 058 337,50 XOF ;Burkina Faso;Afrique
3911;756;En ligne;4;1253;DÉBIT CARTE;01/05/2024;2;04/05/2024;10; 1 900 514,00 XOF ; 4 132 837,50 XOF ;Côte d'ivoire;Afrique
3912;10081;Store;3;643;DÉBIT CARTE;01/05/2024;2;03/05/2024;10; 180 804,25 XOF ; 354 690,88 XOF ;Côte d'ivoire;Afrique
3913;1686;Store;3;1120;DÉBIT CARTE;01/05/2024;4;03/05/2024;10; 982 657,50 XOF ; 1 927 475,00 XOF ;Canada;Amérique
3914;1686;En ligne;4;672;DÉBIT CARTE;01/05/2024;4;03/05/2024;10; 566 713,13 XOF ; 1 111 550,00 XOF ;Sénégal;Afrique
3915;11120;Store;3;541;VIREMENT;01/05/2024;4;07/05/2024;9; 815 688,50 XOF ; 1 773 750,00 XOF ;Côte d'ivoire;Afrique
3916;11922;En ligne;4;1460;VIREMENT;01/05/2024;2;07/05/2024;9; 103 173,13 XOF ; 224 379,38 XOF ;France;Europe
3917;6427;Store;3;552;DÉBIT CARTE;01/05/2024;4;05/05/2024;9; 135 159,75 XOF ; 407 962,50 XOF ;France;Europe
3918;6427;Store;2;921;DÉBIT CARTE;01/05/2024;4;05/05/2024;9; 973 374,88 XOF ; 2 116 675,00 XOF ;Sénégal;Afrique
3919;5092;Store;4;1650;VIREMENT;01/05/2024;1;03/05/2024;9; 126 586,63 XOF ; 248 265,88 XOF ;Sénégal;Afrique
3920;10081;En ligne;4;1016;DÉBIT CARTE;01/05/2024;2;03/05/2024;9; 388 865,13 XOF ; 762 712,50 XOF ;Sénégal;Afrique
3921;1686;Store;4;1375;DÉBIT CARTE;01/05/2024;4;03/05/2024;9; 812 968,75 XOF ; 1 767 837,50 XOF ;France;Europe
3922;756;En ligne;4;1073;DÉBIT CARTE;01/05/2024;2;04/05/2024;8; 901 301,50 XOF ; 1 767 837,50 XOF ;France;Europe
3923;5092;En ligne;4;683;VIREMENT;01/05/2024;1;03/05/2024;8; 78 813,63 XOF ; 171 403,38 XOF ;France;Europe
3924;5092;Store;3;1039;VIREMENT;01/05/2024;1;03/05/2024;8; 1 721 069,63 XOF ; 3 742 612,50 XOF ;Sénégal;Afrique
3925;10081;Store;4;254;DÉBIT CARTE;01/05/2024;2;03/05/2024;8; 34 647,25 XOF ; 67 993,75 XOF ;Sénégal;Afrique
3926;11120;Store;1;650;VIREMENT;01/05/2024;4;07/05/2024;6; 296 393,63 XOF ; 644 462,50 XOF ;Sénégal;Afrique
3927;8680;Store;3;1198;ESPÈCES;01/05/2024;4;04/05/2024;26; 837 446,50 XOF ; 1 821 050,00 XOF ;Sénégal;Afrique
3928;996;Store;2;990;ESPÈCES;01/05/2024;4;04/05/2024;13; 1 084 884,63 XOF ; 2 359 087,50 XOF ;Sénégal;Afrique
3929;148;Store;1;662;ESPÈCES;01/05/2024;2;03/05/2024;12; 524 970,88 XOF ; 1 584 550,00 XOF ;Sénégal;Afrique
3930;996;Store;4;559;ESPÈCES;01/05/2024;4;04/05/2024;10; 361 667,63 XOF ; 709 440,88 XOF ;Gabon;Afrique
3931;996;Store;2;781;ESPÈCES;01/05/2024;4;04/05/2024;10; 60 011,88 XOF ; 117 658,75 XOF ;Sénégal;Afrique
3932;3217;En ligne;4;638;VIREMENT;02/05/2024;4;05/05/2024;27; 48 896,38 XOF ; 106 365,88 XOF ;Sénégal;Afrique
3933;2969;En ligne;4;1358;VIREMENT;02/05/2024;4;06/05/2024;24; 1 628 657,25 XOF ; 3 541 587,50 XOF ;Sénégal;Afrique
3934;10567;Store;4;1298;VIREMENT;02/05/2024;4;08/05/2024;13; 690 284,38 XOF ; 1 353 962,50 XOF ;Sénégal;Afrique
3935;6114;Store;3;406;DÉBIT CARTE;02/05/2024;4;08/05/2024;12; 1 287 033,00 XOF ; 3 884 512,50 XOF ;Sénégal;Afrique
3936;10567;En ligne;4;548;VIREMENT;02/05/2024;4;08/05/2024;12; 524 970,88 XOF ; 1 584 550,00 XOF ;Côte d'ivoire;Afrique
3937;1507;Store;1;1297;VIREMENT;02/05/2024;4;07/05/2024;12; 720 911,13 XOF ; 2 175 800,00 XOF ;Sénégal;Afrique
3938;2969;Store;2;242;VIREMENT;02/05/2024;4;06/05/2024;12; 2 419 868,00 XOF ; 5 262 125,00 XOF ;Burkina Faso;Afrique
3939;2969;En ligne;4;745;VIREMENT;02/05/2024;4;06/05/2024;12; 586 165,25 XOF ; 1 769 197,38 XOF ;Ghana;Afrique
3940;3217;Store;4;1463;VIREMENT;02/05/2024;4;05/05/2024;12; 725 936,75 XOF ; 1 578 637,50 XOF ;Sénégal;Afrique
3941;3217;En ligne;4;595;VIREMENT;02/05/2024;4;05/05/2024;12; 1 958 929,50 XOF ; 5 912 500,00 XOF ;Ghana;Afrique
3942;1507;Store;3;731;VIREMENT;02/05/2024;4;07/05/2024;10; 298 403,88 XOF ; 585 337,50 XOF ;Sénégal;Afrique
3943;2969;Store;2;1576;VIREMENT;02/05/2024;4;06/05/2024;10; 891 841,50 XOF ; 1 939 300,00 XOF ;France;Europe
3944;3864;En ligne;4;237;VIREMENT;02/05/2024;2;04/05/2024;10; 728 656,50 XOF ; 1 584 550,00 XOF ;Côte d'ivoire;Afrique
3945;6114;En ligne;4;737;DÉBIT CARTE;02/05/2024;4;08/05/2024;9; 2 060 979,25 XOF ; 4 481 675,00 XOF ;France;Europe
3946;2969;En ligne;4;815;VIREMENT;02/05/2024;4;06/05/2024;9; 1 302 228,13 XOF ; 2 554 200,00 XOF ;Ghana;Afrique
3947;3864;Store;2;194;VIREMENT;02/05/2024;2;04/05/2024;6; 97 851,88 XOF ; 212 790,88 XOF ;Cameroun;Afrique
3948;6645;Store;2;2506;ESPÈCES;02/05/2024;2;07/05/2024;520; 1 151 873,25 XOF ; 3 476 550,00 XOF ;Côte d'ivoire;Afrique
3949;6645;Store;2;1025;ESPÈCES;02/05/2024;2;07/05/2024;13; 725 936,75 XOF ; 1 578 637,50 XOF ;France;Europe
3950;6519;En ligne;3;229;VIREMENT;03/05/2024;4;05/05/2024;26; 842 886,00 XOF ; 1 832 875,00 XOF ;Cameroun;Afrique
3951;255;Store;4;777;DÉBIT CARTE;03/05/2024;4;08/05/2024;18; 491 683,50 XOF ; 1 484 037,50 XOF ;Burkina Faso;Afrique
3952;10567;En ligne;4;1036;VIREMENT;03/05/2024;4;09/05/2024;16; 1 900 514,00 XOF ; 4 132 837,50 XOF ;France;Europe
3953;4810;Store;1;742;VIREMENT;03/05/2024;4;09/05/2024;13; 787 485,88 XOF ; 2 376 825,00 XOF ;Sénégal;Afrique
3954;255;Store;2;1436;DÉBIT CARTE;03/05/2024;4;08/05/2024;13; 2 327 396,50 XOF ; 5 061 100,00 XOF ;Etats-Unis;Amérique
3955;3921;Store;1;945;VIREMENT;03/05/2024;4;07/05/2024;13; 31 277,13 XOF ; 67 993,75 XOF ;Etats-Unis;Amérique
3956;6519;Store;1;1196;VIREMENT;03/05/2024;4;05/05/2024;13; 163 125,88 XOF ; 354 690,88 XOF ;Sénégal;Afrique
3957;6519;Store;2;598;VIREMENT;03/05/2024;4;05/05/2024;13; 1 153 824,38 XOF ; 3 482 462,50 XOF ;Sénégal;Afrique
3958;10567;Store;4;685;VIREMENT;03/05/2024;4;09/05/2024;12; 157 390,75 XOF ; 342 215,50 XOF ;France;Europe
3959;255;En ligne;4;948;DÉBIT CARTE;03/05/2024;4;08/05/2024;12; 1 238 018,38 XOF ; 3 736 700,00 XOF ;Côte d'ivoire;Afrique
3960;3921;En ligne;4;583;VIREMENT;03/05/2024;4;07/05/2024;12; 106 011,13 XOF ; 230 528,38 XOF ;France;Europe
3961;3921;Store;1;1645;VIREMENT;03/05/2024;4;07/05/2024;12; 815 688,50 XOF ; 1 773 750,00 XOF ;Sénégal;Afrique
3962;8989;Store;2;1089;DÉBIT CARTE;03/05/2024;4;05/05/2024;10; 429 011,00 XOF ; 1 294 837,50 XOF ;Canada;Amérique
3963;3921;En ligne;4;749;VIREMENT;03/05/2024;4;07/05/2024;8; 320 812,25 XOF ; 697 675,00 XOF ;Sénégal;Afrique
3964;6519;Store;1;1188;VIREMENT;03/05/2024;4;05/05/2024;6; 586 165,25 XOF ; 1 769 197,38 XOF ;Gabon;Afrique
3965;12071;Store;1;1437;DÉBIT CARTE;03/05/2024;4;07/05/2024;4; 1 900 514,00 XOF ; 4 132 837,50 XOF ;France;Europe
3966;2980;Store;4;11;ESPÈCES;03/05/2024;4;09/05/2024;16; 4 495 746,75 XOF ; 13 569 187,50 XOF ;France;Europe
3967;2980;Store;1;1339;ESPÈCES;03/05/2024;4;09/05/2024;12; 1 958 929,50 XOF ; 5 912 500,00 XOF ;Sénégal;Afrique
3968;7312;Store;4;492;ESPÈCES;03/05/2024;4;06/05/2024;10; 2 060 979,25 XOF ; 4 481 675,00 XOF ;Sénégal;Afrique
3969;7312;Store;4;1444;ESPÈCES;03/05/2024;4;06/05/2024;9; 2 327 396,50 XOF ; 5 061 100,00 XOF ;Côte d'ivoire;Afrique
3970;7312;Store;3;761;ESPÈCES;03/05/2024;4;06/05/2024;6; 1 238 905,25 XOF ; 2 430 037,50 XOF ;Gabon;Afrique
3971;7312;Store;3;901;ESPÈCES;03/05/2024;4;06/05/2024;6; 369 767,75 XOF ; 804 100,00 XOF ;Côte d'ivoire;Afrique
3972;2980;Store;4;585;ESPÈCES;03/05/2024;4;09/05/2024;5; 350 729,50 XOF ; 762 712,50 XOF ;Côte d'ivoire;Afrique
3973;11947;Store;4;777;ESPÈCES;04/05/2024;4;10/05/2024;52; 317 856,00 XOF ; 691 171,25 XOF ;Gabon;Afrique
3974;8288;Store;4;932;ESPÈCES;04/05/2024;4;06/05/2024;27; 84 194,00 XOF ; 254 178,38 XOF ;Côte d'ivoire;Afrique
3975;11947;Store;4;445;ESPÈCES;04/05/2024;4;10/05/2024;16; 97 851,88 XOF ; 212 790,88 XOF ;Etats-Unis;Amérique
3976;566;Store;4;177;ESPÈCES;04/05/2024;4;08/05/2024;10; 82 302,00 XOF ; 248 325,00 XOF ;Etats-Unis;Amérique
3977;566;Store;4;1011;ESPÈCES;04/05/2024;4;08/05/2024;10; 568 073,00 XOF ; 1 714 565,88 XOF ;Gabon;Afrique
3978;10932;Store;3;845;VIREMENT;04/05/2024;4;06/05/2024;40; 323 532,00 XOF ; 703 587,50 XOF ;Gabon;Afrique
3979;10932;En ligne;4;32;VIREMENT;04/05/2024;4;06/05/2024;26; 813 560,00 XOF ; 1 595 783,75 XOF ;Côte d'ivoire;Afrique
3980;8383;En ligne;3;899;DÉBIT CARTE;04/05/2024;4;07/05/2024;24; 1 003 292,13 XOF ; 2 181 712,50 XOF ;Côte d'ivoire;Afrique
3981;9085;En ligne;4;423;DÉBIT CARTE;04/05/2024;4;06/05/2024;13; 1 003 292,13 XOF ; 2 181 712,50 XOF ;Canada;Amérique
3982;6167;Store;4;92;DÉBIT CARTE;04/05/2024;4;09/05/2024;12; 97 851,88 XOF ; 212 790,88 XOF ;Gabon;Afrique
3983;9085;En ligne;4;168;DÉBIT CARTE;04/05/2024;4;06/05/2024;12; 902 720,50 XOF ; 1 962 950,00 XOF ;Burkina Faso;Afrique
3984;9085;Store;3;1575;DÉBIT CARTE;04/05/2024;4;06/05/2024;12; 810 840,25 XOF ; 1 590 462,50 XOF ;Burkina Faso;Afrique
3985;6167;Store;1;692;DÉBIT CARTE;04/05/2024;4;09/05/2024;10; 854 474,50 XOF ; 2 579 032,50 XOF ;Canada;Amérique
3986;8383;Store;3;344;DÉBIT CARTE;04/05/2024;4;07/05/2024;10; 1 547 064,75 XOF ; 3 364 212,50 XOF ;Gabon;Afrique
3987;7352;Store;2;1385;DÉBIT CARTE;04/05/2024;4;07/05/2024;10; 1 900 514,00 XOF ; 4 132 837,50 XOF ;Etats-Unis;Amérique
3988;8989;Store;2;680;DÉBIT CARTE;04/05/2024;4;06/05/2024;10; 90 106,50 XOF ; 176 783,75 XOF ;Burkina Faso;Afrique
3989;12063;Store;1;1515;DÉBIT CARTE;04/05/2024;4;10/05/2024;9; 1 504 140,00 XOF ; 2 950 337,50 XOF ;Gabon;Afrique
3990;7352;Store;4;308;DÉBIT CARTE;04/05/2024;4;07/05/2024;8; 75 325,25 XOF ; 147 753,38 XOF ;Canada;Amérique
3991;9085;Store;4;681;DÉBIT CARTE;04/05/2024;4;06/05/2024;8; 761 293,50 XOF ; 1 655 500,00 XOF ;Côte d'ivoire;Afrique
3992;6167;En ligne;4;180;DÉBIT CARTE;04/05/2024;4;09/05/2024;5; 728 656,50 XOF ; 1 584 550,00 XOF ;Canada;Amérique
3993;11947;Store;4;419;ESPÈCES;04/05/2024;4;10/05/2024;36; 973 374,88 XOF ; 2 116 675,00 XOF ;Côte d'ivoire;Afrique
3994;9635;Store;2;495;ESPÈCES;04/05/2024;4;08/05/2024;26; 2 226 824,88 XOF ; 4 842 337,50 XOF ;Gabon;Afrique
3995;11947;Store;4;1493;ESPÈCES;04/05/2024;4;10/05/2024;13; 1 898 208,13 XOF ; 5 729 212,50 XOF ;Etats-Unis;Amérique
3996;11947;Store;2;897;ESPÈCES;04/05/2024;4;10/05/2024;13; 1 302 228,13 XOF ; 2 554 200,00 XOF ;Côte d'ivoire;Afrique
3997;566;Store;1;712;ESPÈCES;04/05/2024;4;08/05/2024;12; 566 713,13 XOF ; 1 111 550,00 XOF ;Burkina Faso;Afrique
3998;566;Store;3;935;ESPÈCES;04/05/2024;4;08/05/2024;10; 524 970,88 XOF ; 1 584 550,00 XOF ;Côte d'ivoire;Afrique
3999;7074;Store;3;1537;ESPÈCES;04/05/2024;2;09/05/2024;9; 538 333,13 XOF ; 1 170 675,00 XOF ;Gabon;Afrique
4000;9635;Store;3;990;ESPÈCES;04/05/2024;4;08/05/2024;9; 448 581,38 XOF ; 1 353 962,50 XOF ;Côte d'ivoire;Afrique
4001;8288;Store;1;151;ESPÈCES;04/05/2024;4;06/05/2024;9; 543 654,38 XOF ; 1 182 204,38 XOF ;Côte d'ivoire;Afrique
4002;7074;Store;1;574;ESPÈCES;04/05/2024;2;09/05/2024;6; 973 374,88 XOF ; 2 116 675,00 XOF ;Gabon;Afrique
4003;7074;Store;2;96;ESPÈCES;04/05/2024;2;09/05/2024;6; 904 257,75 XOF ; 1 773 690,88 XOF ;Côte d'ivoire;Afrique
4004;8288;Store;1;1267;ESPÈCES;04/05/2024;4;06/05/2024;4; 516 575,13 XOF ; 1 123 375,00 XOF ;Burkina Faso;Afrique
4005;12127;Store;4;814;ESPÈCES;05/05/2024;4;07/05/2024;32; 941 270,00 XOF ; 2 840 956,25 XOF ;Burkina Faso;Afrique
4006;2368;Store;4;1359;ESPÈCES;05/05/2024;4;09/05/2024;18; 1 272 074,38 XOF ; 2 495 075,00 XOF ;Burkina Faso;Afrique
4007;2368;Store;3;1010;ESPÈCES;05/05/2024;4;09/05/2024;9; 847 024,75 XOF ; 1 661 412,50 XOF ;Burkina Faso;Afrique
4008;4808;En ligne;4;2504;VIREMENT;05/05/2024;4;09/05/2024;720; 1 741 467,75 XOF ; 5 256 212,50 XOF ;Burkina Faso;Afrique
4009;4808;Store;2;754;VIREMENT;05/05/2024;4;09/05/2024;18; 62 495,13 XOF ; 135 928,38 XOF ;Burkina Faso;Afrique
4010;4930;En ligne;4;68;DÉBIT CARTE;05/05/2024;4;08/05/2024;18; 1 272 074,38 XOF ; 2 495 075,00 XOF ;Burkina Faso;Afrique
4011;1464;Store;3;1586;VIREMENT;05/05/2024;2;11/05/2024;13; 723 217,00 XOF ; 1 572 725,00 XOF ;Burkina Faso;Afrique
4012;4808;Store;4;202;VIREMENT;05/05/2024;4;09/05/2024;13; 1 504 140,00 XOF ; 2 950 337,50 XOF ;Ghana;Afrique
4013;4930;Store;4;1651;DÉBIT CARTE;05/05/2024;4;08/05/2024;13; 1 103 272,50 XOF ; 2 163 975,00 XOF ;Burkina Faso;Afrique
4014;2561;Store;2;543;DÉBIT CARTE;05/05/2024;4;11/05/2024;12; 39 140,75 XOF ; 76 803,38 XOF ;Etats-Unis;Amérique
4015;2561;Store;3;231;DÉBIT CARTE;05/05/2024;4;11/05/2024;12; 238 155,50 XOF ; 467 087,50 XOF ;Burkina Faso;Afrique
4016;1464;Store;1;726;VIREMENT;05/05/2024;2;11/05/2024;12; 432 322,00 XOF ; 940 087,50 XOF ;Etats-Unis;Amérique
4017;6753;Store;1;1118;DÉBIT CARTE;05/05/2024;1;07/05/2024;12; 2 060 979,25 XOF ; 4 481 675,00 XOF ;Burkina Faso;Afrique
4018;6753;Store;3;980;DÉBIT CARTE;05/05/2024;1;07/05/2024;12; 842 886,00 XOF ; 1 832 875,00 XOF ;Etats-Unis;Amérique
4019;4930;Store;2;1649;DÉBIT CARTE;05/05/2024;4;08/05/2024;10; 331 573,00 XOF ; 650 315,88 XOF ;Canada;Amérique
4020;4930;Store;1;493;DÉBIT CARTE;05/05/2024;4;08/05/2024;10; 1 628 657,25 XOF ; 3 541 587,50 XOF ;Burkina Faso;Afrique
4021;6753;En ligne;4;1630;DÉBIT CARTE;05/05/2024;1;07/05/2024;10; 904 021,25 XOF ; 1 773 158,75 XOF ;Burkina Faso;Afrique
4022;1464;Store;2;1145;VIREMENT;05/05/2024;2;11/05/2024;9; 2 311 078,00 XOF ; 5 025 625,00 XOF ;Etats-Unis;Amérique
4023;1464;Store;3;709;VIREMENT;05/05/2024;2;11/05/2024;9; 524 970,88 XOF ; 1 584 550,00 XOF ;Burkina Faso;Afrique
4024;4808;Store;4;1586;VIREMENT;05/05/2024;4;09/05/2024;9; 918 979,88 XOF ; 1 998 425,00 XOF ;Etats-Unis;Amérique
4025;2561;Store;3;67;DÉBIT CARTE;05/05/2024;4;11/05/2024;6; 1 900 514,00 XOF ; 4 132 837,50 XOF ;Canada;Amérique
4026;10932;Store;4;1383;VIREMENT;05/05/2024;4;07/05/2024;6; 543 772,63 XOF ; 1 182 500,00 XOF ;Burkina Faso;Afrique
4027;1464;Store;2;249;VIREMENT;05/05/2024;2;11/05/2024;5; 1 012 811,25 XOF ; 1 986 600,00 XOF ;Burkina Faso;Afrique
4028;6753;Store;1;1250;DÉBIT CARTE;05/05/2024;1;07/05/2024;5; 419 018,88 XOF ; 821 837,50 XOF ;Burkina Faso;Afrique
4029;4808;Store;4;467;VIREMENT;05/05/2024;4;09/05/2024;4; 1 084 884,63 XOF ; 2 359 087,50 XOF ;Burkina Faso;Afrique
4030;2368;Store;1;418;ESPÈCES;05/05/2024;4;09/05/2024;15; 501 616,50 XOF ; 1 090 856,25 XOF ;Burkina Faso;Afrique
4031;11282;Store;1;1485;ESPÈCES;05/05/2024;4;10/05/2024;13; 491 683,50 XOF ; 1 484 037,50 XOF ;Etats-Unis;Amérique
4032;12127;Store;4;681;ESPÈCES;05/05/2024;4;07/05/2024;10; 489 377,63 XOF ; 1 064 190,88 XOF ;Canada;Amérique
4033;2368;Store;4;1393;ESPÈCES;05/05/2024;4;09/05/2024;9; 1 238 018,38 XOF ; 3 736 700,00 XOF ;Etats-Unis;Amérique
4034;11282;Store;1;549;ESPÈCES;05/05/2024;4;10/05/2024;5; 1 547 064,75 XOF ; 3 364 212,50 XOF ;Burkina Faso;Afrique
4035;12127;Store;4;10;ESPÈCES;05/05/2024;4;07/05/2024;5; 1 263 501,25 XOF ; 3 813 562,50 XOF ;Burkina Faso;Afrique
4036;11282;Store;4;1340;ESPÈCES;05/05/2024;4;10/05/2024;4; 126 586,63 XOF ; 248 265,88 XOF ;Burkina Faso;Afrique
4037;3923;Store;4;450;ESPÈCES;06/05/2024;1;08/05/2024;30; 902 720,50 XOF ; 1 962 950,00 XOF ;Canada;Amérique
4038;2636;Store;4;1096;ESPÈCES;06/05/2024;2;11/05/2024;13; 235 140,13 XOF ; 461 175,00 XOF ;Burkina Faso;Afrique
4039;9555;Store;4;1041;ESPÈCES;06/05/2024;1;08/05/2024;10; 75 857,38 XOF ; 164 958,75 XOF ;Etats-Unis;Amérique
4040;1662;Store;2;358;DÉBIT CARTE;06/05/2024;4;12/05/2024;26; 388 865,13 XOF ; 762 712,50 XOF ;Etats-Unis;Amérique
4041;3678;Store;3;210;VIREMENT;06/05/2024;1;08/05/2024;24; 535 376,88 XOF ; 1 164 171,25 XOF ;Burkina Faso;Afrique
4042;3377;Store;4;292;VIREMENT;06/05/2024;1;08/05/2024;12; 350 670,38 XOF ; 1 058 337,50 XOF ;Etats-Unis;Amérique
4043;881;Store;2;1194;VIREMENT;06/05/2024;1;08/05/2024;12; 1 154 356,50 XOF ; 2 264 191,88 XOF ;Burkina Faso;Afrique
4044;3377;En ligne;4;1121;VIREMENT;06/05/2024;1;08/05/2024;10; 298 403,88 XOF ; 585 337,50 XOF ;Ghana;Afrique
4045;9237;En ligne;4;1016;VIREMENT;06/05/2024;2;08/05/2024;10; 331 573,00 XOF ; 650 315,88 XOF ;Burkina Faso;Afrique
4046;3360;Store;2;1601;VIREMENT;06/05/2024;0;07/05/2024;10; 110 268,13 XOF ; 239 751,88 XOF ;Burkina Faso;Afrique
4047;1662;Store;1;1360;DÉBIT CARTE;06/05/2024;4;12/05/2024;9; 491 683,50 XOF ; 1 484 037,50 XOF ;Burkina Faso;Afrique
4048;881;Store;3;239;VIREMENT;06/05/2024;1;08/05/2024;9; 568 073,00 XOF ; 1 714 565,88 XOF ;Burkina Faso;Afrique
4049;1662;Store;1;121;DÉBIT CARTE;06/05/2024;4;12/05/2024;5; 39 199,88 XOF ; 76 862,50 XOF ;Burkina Faso;Afrique
4050;1662;Store;3;1260;DÉBIT CARTE;06/05/2024;4;12/05/2024;5; 1 065 550,75 XOF ; 2 317 108,75 XOF ;Burkina Faso;Afrique
4051;9555;Store;4;420;ESPÈCES;06/05/2024;1;08/05/2024;30; 3 095 134,63 XOF ; 9 341 750,00 XOF ;Burkina Faso;Afrique
4052;3923;Store;3;1488;ESPÈCES;06/05/2024;1;08/05/2024;13; 409 440,63 XOF ; 1 235 712,50 XOF ;Cameroun;Afrique
4053;10602;Store;3;1360;ESPÈCES;06/05/2024;1;08/05/2024;13; 203 153,50 XOF ; 398 502,50 XOF ;Burkina Faso;Afrique
4054;3923;Store;1;684;ESPÈCES;06/05/2024;1;08/05/2024;12; 120 260,25 XOF ; 235 908,75 XOF ;Cameroun;Afrique
4055;2636;Store;3;599;ESPÈCES;06/05/2024;2;11/05/2024;10; 60 011,88 XOF ; 117 658,75 XOF ;Cameroun;Afrique
4056;2636;Store;1;1642;ESPÈCES;06/05/2024;2;11/05/2024;10; 1 003 292,13 XOF ; 2 181 712,50 XOF ;Ghana;Afrique
4057;11191;Store;2;552;ESPÈCES;06/05/2024;4;08/05/2024;10; 448 581,38 XOF ; 1 353 962,50 XOF ;Ghana;Afrique
4058;9555;Store;4;638;ESPÈCES;06/05/2024;1;08/05/2024;9; 1 277 809,50 XOF ; 2 778 697,63 XOF ;Cameroun;Afrique
4059;10602;Store;4;307;ESPÈCES;06/05/2024;1;08/05/2024;9; 129 010,75 XOF ; 280 489,00 XOF ;Burkina Faso;Afrique
4060;3923;Store;3;1446;ESPÈCES;06/05/2024;1;08/05/2024;8; 2 226 824,88 XOF ; 4 842 337,50 XOF ;Ghana;Afrique
4061;3923;Store;2;1143;ESPÈCES;06/05/2024;1;08/05/2024;6; 2 414 428,50 XOF ; 5 250 300,00 XOF ;Ghana;Afrique
4062;9555;Store;2;357;ESPÈCES;06/05/2024;1;08/05/2024;5; 150 709,63 XOF ; 295 625,00 XOF ;Ghana;Afrique
4063;10602;Store;1;1318;ESPÈCES;06/05/2024;1;08/05/2024;5; 62 495,13 XOF ; 135 928,38 XOF ;Ghana;Afrique
4064;7954;Store;4;1120;ESPÈCES;07/05/2024;2;09/05/2024;8; 350 729,50 XOF ; 762 712,50 XOF ;Burkina Faso;Afrique
4065;2402;En ligne;4;1029;DÉBIT CARTE;07/05/2024;4;11/05/2024;36; 34 410,75 XOF ; 74 852,25 XOF ;Ghana;Afrique
4066;6475;En ligne;3;980;DÉBIT CARTE;07/05/2024;4;13/05/2024;24; 511 135,63 XOF ; 1 111 550,00 XOF ;Burkina Faso;Afrique
4067;6475;En ligne;3;221;DÉBIT CARTE;07/05/2024;4;13/05/2024;20; 704 237,88 XOF ; 1 531 337,50 XOF ;Burkina Faso;Afrique
4068;5495;En ligne;4;8;DÉBIT CARTE;07/05/2024;4;10/05/2024;20; 1 900 514,00 XOF ; 4 132 837,50 XOF ;Burkina Faso;Afrique
4069;5495;Store;4;385;DÉBIT CARTE;07/05/2024;4;10/05/2024;20; 489 377,63 XOF ; 1 064 190,88 XOF ;Burkina Faso;Afrique
4070;3461;Store;4;844;DÉBIT CARTE;07/05/2024;2;11/05/2024;18; 432 322,00 XOF ; 940 087,50 XOF ;France;Europe
4071;4829;En ligne;4;1176;DÉBIT CARTE;07/05/2024;4;13/05/2024;13; 59 834,50 XOF ; 130 075,00 XOF ;Burkina Faso;Afrique
4072;5495;Store;1;1318;DÉBIT CARTE;07/05/2024;4;10/05/2024;12; 97 911,00 XOF ; 295 565,88 XOF ;Burkina Faso;Afrique
4073;2948;Store;4;247;DÉBIT CARTE;07/05/2024;1;09/05/2024;12; 725 936,75 XOF ; 1 578 637,50 XOF ;Burkina Faso;Afrique
4074;6475;En ligne;3;1410;DÉBIT CARTE;07/05/2024;4;13/05/2024;10; 904 021,25 XOF ; 1 773 158,75 XOF ;Burkina Faso;Afrique
4075;6475;Store;4;1352;DÉBIT CARTE;07/05/2024;4;13/05/2024;10; 110 268,13 XOF ; 239 751,88 XOF ;Burkina Faso;Afrique
4076;914;Store;3;245;DÉBIT CARTE;07/05/2024;2;12/05/2024;10; 1 702 327,00 XOF ; 5 137 962,50 XOF ;Burkina Faso;Afrique
4077;6229;Store;4;1323;VIREMENT;07/05/2024;4;12/05/2024;10; 432 322,00 XOF ; 940 087,50 XOF ;Ghana;Afrique
4078;2402;En ligne;4;312;DÉBIT CARTE;07/05/2024;4;11/05/2024;10; 1 900 514,00 XOF ; 4 132 837,50 XOF ;Ghana;Afrique
4079;4344;En ligne;4;1358;DÉBIT CARTE;07/05/2024;4;10/05/2024;10; 725 936,75 XOF ; 1 578 637,50 XOF ;Ghana;Afrique
4080;2157;Store;3;1197;DÉBIT CARTE;07/05/2024;4;09/05/2024;10; 3 055 934,75 XOF ; 9 223 500,00 XOF ;Ghana;Afrique
4081;4829;Store;1;552;DÉBIT CARTE;07/05/2024;4;13/05/2024;9; 509 302,75 XOF ; 1 537 190,88 XOF ;France;Europe
4082;914;Store;1;1504;DÉBIT CARTE;07/05/2024;2;12/05/2024;9; 448 640,50 XOF ; 975 562,50 XOF ;Cameroun;Afrique
4083;5495;Store;3;1647;DÉBIT CARTE;07/05/2024;4;10/05/2024;9; 516 575,13 XOF ; 1 123 375,00 XOF ;Ghana;Afrique
4084;6475;En ligne;4;41;DÉBIT CARTE;07/05/2024;4;13/05/2024;8; 1 741 467,75 XOF ; 5 256 212,50 XOF ;Burkina Faso;Afrique
4085;5495;Store;3;537;DÉBIT CARTE;07/05/2024;4;10/05/2024;6; 1 900 514,00 XOF ; 4 132 837,50 XOF ;Burkina Faso;Afrique
4086;9537;Store;4;649;DÉBIT CARTE;07/05/2024;4;09/05/2024;6; 434 982,63 XOF ; 945 940,88 XOF ;Burkina Faso;Afrique
4087;2402;Store;1;706;DÉBIT CARTE;07/05/2024;4;11/05/2024;5; 452 483,63 XOF ; 1 365 787,50 XOF ;Burkina Faso;Afrique
4088;914;Store;3;357;DÉBIT CARTE;07/05/2024;2;12/05/2024;4; 973 374,88 XOF ; 2 116 675,00 XOF ;France;Europe
4089;2402;Store;3;1658;DÉBIT CARTE;07/05/2024;4;11/05/2024;4; 1 359 461,13 XOF ; 2 956 190,88 XOF ;Burkina Faso;Afrique
4090;7954;Store;4;1127;ESPÈCES;07/05/2024;2;09/05/2024;18; 361 667,63 XOF ; 709 440,88 XOF ;Burkina Faso;Afrique
4091;7954;Store;2;1178;ESPÈCES;07/05/2024;2;09/05/2024;13; 20 930,25 XOF ; 41 091,88 XOF ;Cameroun;Afrique
4092;11191;Store;3;582;ESPÈCES;07/05/2024;4;09/05/2024;12; 293 792,13 XOF ; 886 815,88 XOF ;Cameroun;Afrique
4093;7954;Store;4;872;ESPÈCES;07/05/2024;2;09/05/2024;6; 60 721,38 XOF ; 183 287,50 XOF ;Cameroun;Afrique
4094;8978;Store;4;546;ESPÈCES;08/05/2024;4;11/05/2024;24; 779 681,38 XOF ; 2 353 175,00 XOF ;Ghana;Afrique
4095;6547;Store;4;1498;ESPÈCES;08/05/2024;4;10/05/2024;20; 731 376,25 XOF ; 1 590 462,50 XOF ;Ghana;Afrique
4096;8978;Store;3;594;ESPÈCES;08/05/2024;4;11/05/2024;12; 48 246,00 XOF ; 94 600,00 XOF ;Ghana;Afrique
4097;10472;Store;4;1345;ESPÈCES;08/05/2024;1;10/05/2024;8; 2 838,00 XOF ; 5 616,88 XOF ;Burkina Faso;Afrique
4098;11928;En ligne;4;1630;VIREMENT;08/05/2024;4;11/05/2024;30; 728 656,50 XOF ; 1 584 550,00 XOF ;Ghana;Afrique
4099;11928;Store;1;487;VIREMENT;08/05/2024;4;11/05/2024;24; 84 194,00 XOF ; 254 178,38 XOF ;Ghana;Afrique
4100;6655;Store;4;453;DÉBIT CARTE;08/05/2024;4;12/05/2024;20; 2 311 078,00 XOF ; 5 025 625,00 XOF ;Ghana;Afrique
4101;5505;En ligne;3;1111;DÉBIT CARTE;08/05/2024;4;14/05/2024;13; 369 767,75 XOF ; 804 100,00 XOF ;Ghana;Afrique
4102;11346;Store;3;499;DÉBIT CARTE;08/05/2024;4;13/05/2024;13; 1 780 904,13 XOF ; 3 872 687,50 XOF ;Burkina Faso;Afrique
4103;4258;Store;2;1656;DÉBIT CARTE;08/05/2024;4;10/05/2024;13; 211 194,50 XOF ; 459 283,00 XOF ;Burkina Faso;Afrique
4104;4258;Store;2;1503;DÉBIT CARTE;08/05/2024;4;10/05/2024;13; 47 950,38 XOF ; 94 008,75 XOF ;France;Europe
4105;242;Store;1;792;DÉBIT CARTE;08/05/2024;4;14/05/2024;12; 787 485,88 XOF ; 2 376 825,00 XOF ;Burkina Faso;Afrique
4106;5505;Store;2;1010;DÉBIT CARTE;08/05/2024;4;14/05/2024;12; 89 692,63 XOF ; 195 053,38 XOF ;Burkina Faso;Afrique
4107;11346;Store;3;374;DÉBIT CARTE;08/05/2024;4;13/05/2024;12; 35 888,88 XOF ; 70 358,75 XOF ;Burkina Faso;Afrique
4108;6655;En ligne;4;1652;DÉBIT CARTE;08/05/2024;4;12/05/2024;12; 815 688,50 XOF ; 1 773 750,00 XOF ;Ghana;Afrique
4109;4258;Store;2;252;DÉBIT CARTE;08/05/2024;4;10/05/2024;12; 1 628 657,25 XOF ; 3 541 587,50 XOF ;Ghana;Afrique
4110;2537;Store;3;1296;DÉBIT CARTE;08/05/2024;1;10/05/2024;12; 1 900 514,00 XOF ; 4 132 837,50 XOF ;Ghana;Afrique
4111;11928;En ligne;4;1499;VIREMENT;08/05/2024;4;11/05/2024;10; 489 732,38 XOF ; 1 478 065,88 XOF ;Ghana;Afrique
4112;9537;Store;1;1130;DÉBIT CARTE;08/05/2024;4;10/05/2024;10; 1 165 590,25 XOF ; 3 517 937,50 XOF ;Cameroun;Afrique
4113;5505;En ligne;3;1389;DÉBIT CARTE;08/05/2024;4;14/05/2024;9; 328 557,63 XOF ; 644 462,50 XOF ;Cameroun;Afrique
4114;5343;Store;4;1154;DÉBIT CARTE;08/05/2024;4;13/05/2024;9; 323 532,00 XOF ; 703 587,50 XOF ;Burkina Faso;Afrique
4115;6655;Store;2;1379;DÉBIT CARTE;08/05/2024;4;12/05/2024;9; 37 780,88 XOF ; 82 124,63 XOF ;Ghana;Afrique
4116;11928;Store;1;970;VIREMENT;08/05/2024;4;11/05/2024;9; 991 703,63 XOF ; 1 945 212,50 XOF ;Ghana;Afrique
4117;9537;Store;1;1204;DÉBIT CARTE;08/05/2024;4;10/05/2024;9; 810 249,00 XOF ; 1 761 925,00 XOF ;Ghana;Afrique
4118;4258;Store;4;964;DÉBIT CARTE;08/05/2024;4;10/05/2024;9; 762 003,00 XOF ; 2 299 962,50 XOF ;Ghana;Afrique
4119;5505;Store;4;1518;DÉBIT CARTE;08/05/2024;4;14/05/2024;8; 815 688,50 XOF ; 1 773 750,00 XOF ;Cameroun;Afrique
4120;242;En ligne;4;485;DÉBIT CARTE;08/05/2024;4;14/05/2024;6; 1 900 514,00 XOF ; 4 132 837,50 XOF ;Cameroun;Afrique
4121;11928;En ligne;4;1578;VIREMENT;08/05/2024;4;11/05/2024;6; 728 656,50 XOF ; 1 584 550,00 XOF ;Ghana;Afrique
4122;4258;Store;1;974;DÉBIT CARTE;08/05/2024;4;10/05/2024;5; 446 630,25 XOF ; 1 348 050,00 XOF ;Ghana;Afrique
4123;5505;En ligne;4;837;DÉBIT CARTE;08/05/2024;4;14/05/2024;4; 788 491,00 XOF ; 1 714 625,00 XOF ;Ghana;Afrique
4124;5343;Store;1;1406;DÉBIT CARTE;08/05/2024;4;13/05/2024;4; 432 322,00 XOF ; 940 087,50 XOF ;Ghana;Afrique
4125;10472;Store;1;366;ESPÈCES;08/05/2024;1;10/05/2024;12; 660 130,63 XOF ; 1 294 837,50 XOF ;Ghana;Afrique
4126;6547;Store;1;15;ESPÈCES;08/05/2024;4;10/05/2024;10; 538 333,13 XOF ; 1 170 675,00 XOF ;Gabon;Afrique
4127;8978;Store;4;1036;ESPÈCES;08/05/2024;4;11/05/2024;9; 836 441,38 XOF ; 2 524 637,50 XOF ;Gabon;Afrique
4128;4995;Store;4;1151;ESPÈCES;09/05/2024;1;11/05/2024;20; 1 359 461,13 XOF ; 2 956 190,88 XOF ;Cameroun;Afrique
4129;7342;Store;4;733;ESPÈCES;09/05/2024;1;11/05/2024;16; 902 720,50 XOF ; 1 962 950,00 XOF ;Ghana;Afrique
4130;10588;Store;4;822;ESPÈCES;09/05/2024;2;12/05/2024;10; 54 217,63 XOF ; 117 954,38 XOF ;Cameroun;Afrique
4131;6278;Store;3;1361;DÉBIT CARTE;09/05/2024;1;11/05/2024;20; 2 060 979,25 XOF ; 4 481 675,00 XOF ;Ghana;Afrique
4132;10384;Store;3;903;VIREMENT;09/05/2024;4;14/05/2024;18; 39 022,50 XOF ; 76 566,88 XOF ;Ghana;Afrique
4133;11337;Store;1;1660;DÉBIT CARTE;09/05/2024;1;11/05/2024;18; 538 333,13 XOF ; 1 170 675,00 XOF ;Gabon;Afrique
4134;10384;Store;2;1356;VIREMENT;09/05/2024;4;14/05/2024;13; 92 057,63 XOF ; 277 828,38 XOF ;Gabon;Afrique
4135;8613;Store;1;381;VIREMENT;09/05/2024;2;12/05/2024;13; 35 888,88 XOF ; 70 358,75 XOF ;Gabon;Afrique
4136;8613;Store;2;500;VIREMENT;09/05/2024;2;12/05/2024;13; 512 495,50 XOF ; 1 114 506,25 XOF ;Cameroun;Afrique
4137;8613;Store;4;1353;VIREMENT;09/05/2024;2;12/05/2024;13; 875 523,00 XOF ; 1 903 825,00 XOF ;Cameroun;Afrique
4138;8411;Store;4;1423;DÉBIT CARTE;09/05/2024;2;14/05/2024;12; 331 573,00 XOF ; 650 315,88 XOF ;Cameroun;Afrique
4139;10759;Store;1;997;VIREMENT;09/05/2024;4;11/05/2024;12; 2 716 202,50 XOF ; 5 906 587,50 XOF ;Gabon;Afrique
4140;11125;En ligne;4;1235;VIREMENT;09/05/2024;2;11/05/2024;12; 459 519,50 XOF ; 999 212,50 XOF ;Cameroun;Afrique
4141;1858;En ligne;4;1517;VIREMENT;09/05/2024;4;15/05/2024;10; 298 403,88 XOF ; 585 337,50 XOF ;Cameroun;Afrique
4142;1858;Store;4;978;VIREMENT;09/05/2024;4;15/05/2024;10; 28 616,50 XOF ; 56 168,75 XOF ;Cameroun;Afrique
4143;10384;Store;1;1086;VIREMENT;09/05/2024;4;14/05/2024;10; 1 702 327,00 XOF ; 5 137 962,50 XOF ;Ghana;Afrique
4144;8411;En ligne;4;1475;DÉBIT CARTE;09/05/2024;2;14/05/2024;10; 1 446 907,00 XOF ; 2 838 000,00 XOF ;Ghana;Afrique
4145;2537;Store;2;1541;DÉBIT CARTE;09/05/2024;1;11/05/2024;10; 452 483,63 XOF ; 1 365 787,50 XOF ;Ghana;Afrique
4146;11337;En ligne;4;856;DÉBIT CARTE;09/05/2024;1;11/05/2024;10; 991 703,63 XOF ; 1 945 212,50 XOF ;Cameroun;Afrique
4147;11337;Store;1;285;DÉBIT CARTE;09/05/2024;1;11/05/2024;10; 586 165,25 XOF ; 1 769 197,38 XOF ;Cameroun;Afrique
4148;11337;Store;1;568;DÉBIT CARTE;09/05/2024;1;11/05/2024;10; 1 900 514,00 XOF ; 4 132 837,50 XOF ;Gabon;Afrique
4149;11337;Store;3;589;DÉBIT CARTE;09/05/2024;1;11/05/2024;10; 508 179,38 XOF ; 1 105 046,25 XOF ;Ghana;Afrique
4150;10759;Store;1;1077;VIREMENT;09/05/2024;4;11/05/2024;10; 462 298,38 XOF ; 1 395 350,00 XOF ;Ghana;Afrique
4151;8613;En ligne;4;836;VIREMENT;09/05/2024;2;12/05/2024;9; 2 977 594,13 XOF ; 8 987 000,00 XOF ;Ghana;Afrique
4152;11125;Store;2;595;VIREMENT;09/05/2024;2;11/05/2024;9; 1 504 140,00 XOF ; 2 950 337,50 XOF ;Ghana;Afrique
4153;11125;Store;3;619;VIREMENT;09/05/2024;2;11/05/2024;9; 982 657,50 XOF ; 1 927 475,00 XOF ;Cameroun;Afrique
4154;10384;Store;4;305;VIREMENT;09/05/2024;4;14/05/2024;8; 836 441,38 XOF ; 2 524 637,50 XOF ;Cameroun;Afrique
4155;8411;Store;3;1167;DÉBIT CARTE;09/05/2024;2;14/05/2024;6; 1 565 157,00 XOF ; 4 724 087,50 XOF ;Gabon;Afrique
4156;11125;Store;4;191;VIREMENT;09/05/2024;2;11/05/2024;6; 973 374,88 XOF ; 2 116 675,00 XOF ;Ghana;Afrique
4157;1858;En ligne;4;1441;VIREMENT;09/05/2024;4;15/05/2024;5; 725 936,75 XOF ; 1 578 637,50 XOF ;Gabon;Afrique
4158;2537;En ligne;4;1212;DÉBIT CARTE;09/05/2024;1;11/05/2024;5; 138 648,13 XOF ; 301 478,38 XOF ;Cameroun;Afrique
4159;11125;Store;1;1165;VIREMENT;09/05/2024;2;11/05/2024;5; 48 896,38 XOF ; 106 365,88 XOF ;Ghana;Afrique
4160;4561;Store;2;274;ESPÈCES;09/05/2024;1;11/05/2024;12; 509 302,75 XOF ; 1 537 190,88 XOF ;Gabon;Afrique
4161;4995;Store;1;984;ESPÈCES;09/05/2024;1;11/05/2024;12; 34 410,75 XOF ; 74 852,25 XOF ;Ghana;Afrique
4162;1491;Store;3;1040;ESPÈCES;09/05/2024;4;13/05/2024;10; 1 504 140,00 XOF ; 2 950 337,50 XOF ;Cameroun;Afrique
4163;10588;Store;2;680;ESPÈCES;09/05/2024;2;12/05/2024;10; 1 631 377,00 XOF ; 3 547 500,00 XOF ;Cameroun;Afrique
4164;10588;Store;3;587;ESPÈCES;09/05/2024;2;12/05/2024;10; 126 586,63 XOF ; 248 265,88 XOF ;Cameroun;Afrique
4165;10588;Store;2;1157;ESPÈCES;09/05/2024;2;12/05/2024;10; 538 333,13 XOF ; 1 170 675,00 XOF ;Ghana;Afrique
4166;11356;Store;1;746;ESPÈCES;09/05/2024;2;14/05/2024;9; 184 883,88 XOF ; 402 050,00 XOF ;Cameroun;Afrique
4167;11356;Store;3;802;ESPÈCES;09/05/2024;2;14/05/2024;8; 565 530,63 XOF ; 1 229 800,00 XOF ;Gabon;Afrique
4168;4995;Store;3;1394;ESPÈCES;09/05/2024;1;11/05/2024;8; 948 897,13 XOF ; 2 063 462,50 XOF ;Gabon;Afrique
4169;11039;Store;4;1450;ESPÈCES;10/05/2024;2;15/05/2024;16; 54 217,63 XOF ; 117 954,38 XOF ;Gabon;Afrique
4170;1149;Store;4;726;ESPÈCES;10/05/2024;2;14/05/2024;8; 796 650,25 XOF ; 1 732 362,50 XOF ;Gabon;Afrique
4171;2676;Store;2;1351;VIREMENT;10/05/2024;2;14/05/2024;24; 1 604 356,88 XOF ; 4 842 337,50 XOF ;Cameroun;Afrique
4172;4568;En ligne;4;979;DÉBIT CARTE;10/05/2024;2;12/05/2024;16; 34 410,75 XOF ; 74 852,25 XOF ;Cameroun;Afrique
4173;8153;Store;2;806;VIREMENT;10/05/2024;2;13/05/2024;13; 761 293,50 XOF ; 1 655 500,00 XOF ;Cameroun;Afrique
4174;2676;En ligne;3;1378;VIREMENT;10/05/2024;2;14/05/2024;12; 429 011,00 XOF ; 1 294 837,50 XOF ;Cameroun;Afrique
4175;8953;Store;1;1129;DÉBIT CARTE;10/05/2024;2;15/05/2024;10; 2 392 670,50 XOF ; 5 203 000,00 XOF ;Cameroun;Afrique
4176;8953;Store;2;209;DÉBIT CARTE;10/05/2024;2;15/05/2024;10; 902 720,50 XOF ; 1 962 950,00 XOF ;Gabon;Afrique
4177;8153;Store;2;1241;VIREMENT;10/05/2024;2;13/05/2024;9; 35 888,88 XOF ; 70 358,75 XOF ;Gabon;Afrique
4178;4568;Store;3;1508;DÉBIT CARTE;10/05/2024;2;12/05/2024;9; 1 356 741,38 XOF ; 2 950 337,50 XOF ;Cameroun;Afrique
4179;8953;En ligne;4;943;DÉBIT CARTE;10/05/2024;2;15/05/2024;6; 1 504 140,00 XOF ; 2 950 337,50 XOF ;Cameroun;Afrique
4180;2676;Store;1;908;VIREMENT;10/05/2024;2;14/05/2024;5; 625 365,13 XOF ; 1 359 875,00 XOF ;Sénégal;Afrique
4181;2676;En ligne;4;1119;VIREMENT;10/05/2024;2;14/05/2024;4; 1 065 550,75 XOF ; 2 317 108,75 XOF ;Sénégal;Afrique
4182;6661;Store;2;1268;ESPÈCES;10/05/2024;2;16/05/2024;26; 918 979,88 XOF ; 1 998 425,00 XOF ;Sénégal;Afrique
4183;10588;Store;3;727;ESPÈCES;10/05/2024;2;13/05/2024;20; 1 900 514,00 XOF ; 4 132 837,50 XOF ;Sénégal;Afrique
4184;6661;Store;2;1296;ESPÈCES;10/05/2024;2;16/05/2024;12; 2 060 979,25 XOF ; 4 481 675,00 XOF ;Ghana;Afrique
4185;11039;Store;2;745;ESPÈCES;10/05/2024;2;15/05/2024;12; 369 767,75 XOF ; 804 100,00 XOF ;Côte d'ivoire;Afrique
4186;6661;Store;4;361;ESPÈCES;10/05/2024;2;16/05/2024;10; 2 017 699,75 XOF ; 6 089 875,00 XOF ;Sénégal;Afrique
4187;6661;Store;2;323;ESPÈCES;10/05/2024;2;16/05/2024;10; 4 495 746,75 XOF ; 13 569 187,50 XOF ;Sénégal;Afrique
4188;11039;Store;1;319;ESPÈCES;10/05/2024;2;15/05/2024;10; 682 479,88 XOF ; 1 484 037,50 XOF ;Sénégal;Afrique
4189;1149;Store;3;70;ESPÈCES;10/05/2024;2;14/05/2024;5; 160 406,13 XOF ; 348 778,38 XOF ;Gabon;Afrique
4190;1149;Store;2;742;ESPÈCES;10/05/2024;2;14/05/2024;5; 840 994,00 XOF ; 1 649 587,50 XOF ;Côte d'ivoire;Afrique
4191;10493;Store;4;423;ESPÈCES;11/05/2024;1;13/05/2024;24; 2 544 621,75 XOF ; 7 680 337,50 XOF ;Sénégal;Afrique
4192;2783;Store;3;339;ESPÈCES;11/05/2024;2;17/05/2024;20; 2 838,00 XOF ; 5 616,88 XOF ;Côte d'ivoire;Afrique
4193;8106;Store;4;1083;ESPÈCES;11/05/2024;4;15/05/2024;18; 34 410,75 XOF ; 74 852,25 XOF ;Sénégal;Afrique
4194;2783;Store;4;1660;ESPÈCES;11/05/2024;2;17/05/2024;10; 511 135,63 XOF ; 1 111 550,00 XOF ;Sénégal;Afrique
4195;2199;Store;3;382;ESPÈCES;11/05/2024;4;17/05/2024;10; 409 440,63 XOF ; 1 235 712,50 XOF ;Sénégal;Afrique
4196;3932;Store;4;654;ESPÈCES;11/05/2024;4;15/05/2024;8; 1 900 514,00 XOF ; 4 132 837,50 XOF ;Sénégal;Afrique
4197;6323;Store;4;2515;VIREMENT;11/05/2024;4;16/05/2024;120; 501 616,50 XOF ; 1 090 856,25 XOF ;Gabon;Afrique
4198;1019;En ligne;3;1583;DÉBIT CARTE;11/05/2024;4;13/05/2024;26; 840 994,00 XOF ; 1 649 587,50 XOF ;Côte d'ivoire;Afrique
4199;1019;En ligne;4;954;DÉBIT CARTE;11/05/2024;4;13/05/2024;24; 30 094,63 XOF ; 59 065,88 XOF ;Ghana;Afrique
4200;1622;En ligne;4;446;DÉBIT CARTE;11/05/2024;4;14/05/2024;18; 725 936,75 XOF ; 1 578 637,50 XOF ;Sénégal;Afrique
4201;8849;Store;2;791;DÉBIT CARTE;11/05/2024;4;14/05/2024;13; 854 474,50 XOF ; 2 579 032,50 XOF ;Sénégal;Afrique
4202;2032;Store;4;581;DÉBIT CARTE;11/05/2024;2;13/05/2024;13; 1 538 905,50 XOF ; 3 346 475,00 XOF ;Sénégal;Afrique
4203;8849;Store;2;49;DÉBIT CARTE;11/05/2024;4;14/05/2024;12; 908 100,88 XOF ; 1 974 775,00 XOF ;Sénégal;Afrique
4204;20;Store;4;310;DÉBIT CARTE;11/05/2024;4;16/05/2024;10; 780 745,63 XOF ; 1 531 337,50 XOF ;France;Europe
4205;8849;Store;1;701;DÉBIT CARTE;11/05/2024;4;14/05/2024;10; 2 338 275,50 XOF ; 5 084 750,00 XOF ;Ghana;Afrique
4206;6284;Store;1;1162;DÉBIT CARTE;11/05/2024;1;13/05/2024;10; 1 154 356,50 XOF ; 2 264 191,88 XOF ;Côte d'ivoire;Afrique
4207;6284;Store;4;1647;DÉBIT CARTE;11/05/2024;1;13/05/2024;10; 535 376,88 XOF ; 1 164 171,25 XOF ;Sénégal;Afrique
4208;5161;Store;3;254;DÉBIT CARTE;11/05/2024;4;13/05/2024;10; 2 152 859,50 XOF ; 6 497 837,50 XOF ;Sénégal;Afrique
4209;1019;En ligne;4;566;DÉBIT CARTE;11/05/2024;4;13/05/2024;10; 918 979,88 XOF ; 1 998 425,00 XOF ;Ghana;Afrique
4210;8849;Store;3;1118;DÉBIT CARTE;11/05/2024;4;14/05/2024;9; 761 293,50 XOF ; 1 655 440,88 XOF ;Sénégal;Afrique
4211;11490;Store;4;116;DÉBIT CARTE;11/05/2024;4;14/05/2024;9; 918 979,88 XOF ; 1 998 425,00 XOF ;Côte d'ivoire;Afrique
4212;6284;Store;4;405;DÉBIT CARTE;11/05/2024;1;13/05/2024;9; 485 830,13 XOF ; 1 466 300,00 XOF ;Sénégal;Afrique
4213;6284;Store;4;1163;DÉBIT CARTE;11/05/2024;1;13/05/2024;9; 62 495,13 XOF ; 135 928,38 XOF ;Côte d'ivoire;Afrique
4214;1019;Store;4;655;DÉBIT CARTE;11/05/2024;4;13/05/2024;9; 1 299 212,75 XOF ; 2 548 287,50 XOF ;Côte d'ivoire;Afrique
4215;1019;Store;2;1463;DÉBIT CARTE;11/05/2024;4;13/05/2024;9; 931 455,25 XOF ; 1 826 962,50 XOF ;Ghana;Afrique
4216;9649;En ligne;3;751;VIREMENT;11/05/2024;4;17/05/2024;8; 1 153 824,38 XOF ; 3 482 462,50 XOF ;Sénégal;Afrique
4217;6284;Store;4;497;DÉBIT CARTE;11/05/2024;1;13/05/2024;6; 432 322,00 XOF ; 940 087,50 XOF ;Côte d'ivoire;Afrique
4218;5344;Store;2;904;DÉBIT CARTE;11/05/2024;4;13/05/2024;5; 902 720,50 XOF ; 1 962 950,00 XOF ;Côte d'ivoire;Afrique
4219;1622;En ligne;4;1318;DÉBIT CARTE;11/05/2024;4;14/05/2024;4; 97 911,00 XOF ; 295 565,88 XOF ;Ghana;Afrique
4220;1622;Store;1;331;DÉBIT CARTE;11/05/2024;4;14/05/2024;4; 298 403,88 XOF ; 585 337,50 XOF ;Sénégal;Afrique
4221;2032;Store;1;743;DÉBIT CARTE;11/05/2024;2;13/05/2024;4; 180 804,25 XOF ; 354 690,88 XOF ;Sénégal;Afrique
4222;5161;Store;2;1340;DÉBIT CARTE;11/05/2024;4;13/05/2024;4; 434 982,63 XOF ; 945 940,88 XOF ;Sénégal;Afrique
4223;5081;Store;3;929;ESPÈCES;11/05/2024;4;15/05/2024;52; 848 325,50 XOF ; 1 844 700,00 XOF ;Côte d'ivoire;Afrique
4224;2783;Store;2;744;ESPÈCES;11/05/2024;2;17/05/2024;20; 73 374,13 XOF ; 159 578,38 XOF ;France;Europe
4225;2199;Store;1;1080;ESPÈCES;11/05/2024;4;17/05/2024;20; 509 302,75 XOF ; 1 537 190,88 XOF ;Sénégal;Afrique
4226;2199;Store;2;1444;ESPÈCES;11/05/2024;4;17/05/2024;12; 2 311 078,00 XOF ; 5 025 625,00 XOF ;Sénégal;Afrique
4227;5081;Store;4;75;ESPÈCES;11/05/2024;4;15/05/2024;12; 842 886,00 XOF ; 1 832 875,00 XOF ;Sénégal;Afrique
4228;5081;Store;1;1598;ESPÈCES;11/05/2024;4;15/05/2024;12; 37 780,88 XOF ; 82 124,63 XOF ;Côte d'ivoire;Afrique
4229;10493;Store;4;955;ESPÈCES;11/05/2024;1;13/05/2024;12; 1 166 418,00 XOF ; 2 536 462,50 XOF ;Côte d'ivoire;Afrique
4230;10493;Store;2;103;ESPÈCES;11/05/2024;1;13/05/2024;12; 81 296,88 XOF ; 176 783,75 XOF ;Ghana;Afrique
4231;2783;Store;3;198;ESPÈCES;11/05/2024;2;17/05/2024;10; 97 851,88 XOF ; 212 790,88 XOF ;Côte d'ivoire;Afrique
4232;5081;Store;2;649;ESPÈCES;11/05/2024;4;15/05/2024;10; 89 692,63 XOF ; 195 053,38 XOF ;Ghana;Afrique
4233;3932;Store;3;23;ESPÈCES;11/05/2024;4;15/05/2024;10; 1 228 262,75 XOF ; 3 707 137,50 XOF ;Sénégal;Afrique
4234;10493;Store;1;1529;ESPÈCES;11/05/2024;1;13/05/2024;10; 1 202 720,75 XOF ; 2 359 087,50 XOF ;Etats-Unis;Amérique
4235;2;Store;3;240;ESPÈCES;11/05/2024;4;14/05/2024;9; 728 656,50 XOF ; 1 584 550,00 XOF ;Etats-Unis;Amérique
4236;2199;Store;4;1270;ESPÈCES;11/05/2024;4;17/05/2024;4; 836 441,38 XOF ; 2 524 637,50 XOF ;Etats-Unis;Amérique
4237;7172;Store;3;844;ESPÈCES;12/05/2024;4;14/05/2024;9; 64 978,38 XOF ; 141 308,75 XOF ;France;Europe
4238;6620;Store;4;672;ESPÈCES;12/05/2024;4;16/05/2024;8; 538 333,13 XOF ; 1 170 675,00 XOF ;Etats-Unis;Amérique
4239;6353;En ligne;4;128;DÉBIT CARTE;12/05/2024;4;18/05/2024;24; 361 667,63 XOF ; 709 440,88 XOF ;Etats-Unis;Amérique
4240;9178;Store;3;470;VIREMENT;12/05/2024;4;18/05/2024;20; 538 333,13 XOF ; 1 170 675,00 XOF ;Etats-Unis;Amérique
4241;11490;Store;1;1058;DÉBIT CARTE;12/05/2024;4;15/05/2024;18; 591 604,75 XOF ; 1 785 575,00 XOF ;Etats-Unis;Amérique
4242;9728;En ligne;4;353;DÉBIT CARTE;12/05/2024;4;14/05/2024;18; 73 374,13 XOF ; 159 578,38 XOF ;Etats-Unis;Amérique
4243;6353;Store;2;630;DÉBIT CARTE;12/05/2024;4;18/05/2024;12; 2 060 979,25 XOF ; 4 481 675,00 XOF ;Canada;Amérique
4244;3381;Store;3;1034;DÉBIT CARTE;12/05/2024;4;16/05/2024;12; 2 419 868,00 XOF ; 5 262 125,00 XOF ;Etats-Unis;Amérique
4245;3381;En ligne;4;1117;DÉBIT CARTE;12/05/2024;4;16/05/2024;12; 1 900 514,00 XOF ; 4 132 837,50 XOF ;Etats-Unis;Amérique
4246;8048;Store;3;1615;DÉBIT CARTE;12/05/2024;4;17/05/2024;10; 31 277,13 XOF ; 67 993,75 XOF ;Etats-Unis;Amérique
4247;8048;Store;4;47;DÉBIT CARTE;12/05/2024;4;17/05/2024;10; 542 590,13 XOF ; 1 064 250,00 XOF ;Etats-Unis;Amérique
4248;8048;Store;2;1302;DÉBIT CARTE;12/05/2024;4;17/05/2024;10; 75 857,38 XOF ; 164 958,75 XOF ;Etats-Unis;Amérique
4249;3381;Store;4;721;DÉBIT CARTE;12/05/2024;4;16/05/2024;10; 512 495,50 XOF ; 1 114 506,25 XOF ;Ghana;Afrique
4250;11490;En ligne;3;253;DÉBIT CARTE;12/05/2024;4;15/05/2024;10; 2 716 202,50 XOF ; 5 906 587,50 XOF ;Côte d'ivoire;Afrique
4251;442;Store;1;1270;DÉBIT CARTE;12/05/2024;0;12/05/2024;10; 345 053,50 XOF ; 750 296,25 XOF ;Etats-Unis;Amérique
4252;6353;Store;4;467;DÉBIT CARTE;12/05/2024;4;18/05/2024;9; 60 721,38 XOF ; 183 287,50 XOF ;Etats-Unis;Amérique
4253;6353;Store;2;1467;DÉBIT CARTE;12/05/2024;4;18/05/2024;9; 991 703,63 XOF ; 1 945 212,50 XOF ;Etats-Unis;Amérique
4254;8048;Store;3;779;DÉBIT CARTE;12/05/2024;4;17/05/2024;6; 1 277 809,50 XOF ; 2 778 697,63 XOF ;Etats-Unis;Amérique
4255;3381;Store;4;332;DÉBIT CARTE;12/05/2024;4;16/05/2024;6; 818 408,25 XOF ; 1 779 662,50 XOF ;Etats-Unis;Amérique
4256;11490;Store;4;385;DÉBIT CARTE;12/05/2024;4;15/05/2024;6; 815 688,50 XOF ; 1 773 750,00 XOF ;Côte d'ivoire;Afrique
4257;9728;Store;4;315;DÉBIT CARTE;12/05/2024;4;14/05/2024;5; 796 650,25 XOF ; 1 732 362,50 XOF ;Etats-Unis;Amérique
4258;5604;Store;1;1419;ESPÈCES;12/05/2024;4;17/05/2024;12; 625 365,13 XOF ; 1 359 875,00 XOF ;Ghana;Afrique
4259;6620;Store;3;382;ESPÈCES;12/05/2024;4;16/05/2024;10; 647 123,13 XOF ; 1 407 175,00 XOF ;Côte d'ivoire;Afrique
4260;6620;Store;3;764;ESPÈCES;12/05/2024;4;16/05/2024;10; 81 415,13 XOF ; 177 079,38 XOF ;Etats-Unis;Amérique
4261;6620;Store;2;1365;ESPÈCES;12/05/2024;4;16/05/2024;9; 435 041,75 XOF ; 946 000,00 XOF ;Etats-Unis;Amérique
4262;6620;Store;2;1271;ESPÈCES;12/05/2024;4;16/05/2024;9; 443 201,00 XOF ; 963 737,50 XOF ;Côte d'ivoire;Afrique
4263;5604;Store;4;1594;ESPÈCES;12/05/2024;4;17/05/2024;6; 2 017 699,75 XOF ; 6 089 875,00 XOF ;Etats-Unis;Amérique
4264;1277;Store;3;2;ESPÈCES;12/05/2024;4;15/05/2024;5; 2 544 621,75 XOF ; 7 680 337,50 XOF ;Etats-Unis;Amérique
4265;3735;Store;3;1580;ESPÈCES;13/05/2024;4;15/05/2024;13; 289 239,50 XOF ; 567 304,38 XOF ;Etats-Unis;Amérique
4266;3138;Store;3;1219;VIREMENT;13/05/2024;4;17/05/2024;60; 180 804,25 XOF ; 354 690,88 XOF ;Etats-Unis;Amérique
4267;3138;Store;3;1070;VIREMENT;13/05/2024;4;17/05/2024;40; 120 260,25 XOF ; 235 908,75 XOF ;Canada;Amérique
4268;3138;Store;3;897;VIREMENT;13/05/2024;4;17/05/2024;24; 836 441,38 XOF ; 2 524 637,50 XOF ;Etats-Unis;Amérique
4269;4238;En ligne;4;643;DÉBIT CARTE;13/05/2024;4;16/05/2024;20; 203 153,50 XOF ; 398 502,50 XOF ;Etats-Unis;Amérique
4270;3138;Store;4;429;VIREMENT;13/05/2024;4;17/05/2024;18; 39 022,50 XOF ; 76 566,88 XOF ;Etats-Unis;Amérique
4271;3535;Store;4;1472;DÉBIT CARTE;13/05/2024;4;19/05/2024;13; 837 446,50 XOF ; 1 821 050,00 XOF ;Etats-Unis;Amérique
4272;3535;En ligne;4;1583;DÉBIT CARTE;13/05/2024;4;19/05/2024;13; 1 154 356,50 XOF ; 2 264 191,88 XOF ;Etats-Unis;Amérique
4273;8230;Store;2;960;VIREMENT;13/05/2024;4;17/05/2024;13; 513 855,38 XOF ; 1 117 462,50 XOF ;France;Europe
4274;8230;En ligne;4;610;VIREMENT;13/05/2024;4;17/05/2024;12; 54 217,63 XOF ; 117 954,38 XOF ;Etats-Unis;Amérique
4275;4238;En ligne;4;1386;DÉBIT CARTE;13/05/2024;4;16/05/2024;12; 780 745,63 XOF ; 1 531 337,50 XOF ;Etats-Unis;Amérique
4276;8230;Store;4;979;VIREMENT;13/05/2024;4;17/05/2024;10; 1 003 292,13 XOF ; 2 181 712,50 XOF ;Etats-Unis;Amérique
4277;3138;Store;4;565;VIREMENT;13/05/2024;4;17/05/2024;10; 826 567,50 XOF ; 1 797 400,00 XOF ;Etats-Unis;Amérique
4278;3535;En ligne;3;1008;DÉBIT CARTE;13/05/2024;4;19/05/2024;9; 1 900 514,00 XOF ; 4 132 837,50 XOF ;Etats-Unis;Amérique
4279;3535;En ligne;3;1143;DÉBIT CARTE;13/05/2024;4;19/05/2024;6; 511 135,63 XOF ; 1 111 550,00 XOF ;Etats-Unis;Amérique
4280;8230;Store;1;1589;VIREMENT;13/05/2024;4;17/05/2024;6; 489 377,63 XOF ; 1 064 190,88 XOF ;Etats-Unis;Amérique
4281;8783;En ligne;4;816;DÉBIT CARTE;13/05/2024;4;15/05/2024;5; 815 688,50 XOF ; 1 773 750,00 XOF ;Etats-Unis;Amérique
4282;4238;Store;1;786;DÉBIT CARTE;13/05/2024;4;16/05/2024;4; 796 650,25 XOF ; 1 732 362,50 XOF ;Etats-Unis;Amérique
4283;8783;Store;1;1074;DÉBIT CARTE;13/05/2024;4;15/05/2024;4; 973 374,88 XOF ; 2 116 675,00 XOF ;Ghana;Afrique
4284;5676;Store;1;747;ESPÈCES;13/05/2024;4;16/05/2024;24; 171 521,63 XOF ; 336 421,25 XOF ;Côte d'ivoire;Afrique
4285;5676;Store;4;1175;ESPÈCES;13/05/2024;4;16/05/2024;13; 535 376,88 XOF ; 1 164 171,25 XOF ;Etats-Unis;Amérique
4286;3735;Store;3;783;ESPÈCES;13/05/2024;4;15/05/2024;13; 350 729,50 XOF ; 762 712,50 XOF ;Etats-Unis;Amérique
4287;3735;Store;4;524;ESPÈCES;13/05/2024;4;15/05/2024;12; 258 317,13 XOF ; 561 687,50 XOF ;Côte d'ivoire;Afrique
4288;5676;Store;3;692;ESPÈCES;13/05/2024;4;16/05/2024;10; 60 721,38 XOF ; 183 287,50 XOF ;Etats-Unis;Amérique
4289;3735;Store;3;1316;ESPÈCES;13/05/2024;4;15/05/2024;8; 1 734 668,38 XOF ; 3 772 175,00 XOF ;Côte d'ivoire;Afrique
4290;5676;Store;3;960;ESPÈCES;13/05/2024;4;16/05/2024;6; 190 323,38 XOF ; 413 815,88 XOF ;Etats-Unis;Amérique
4291;5676;Store;1;702;ESPÈCES;13/05/2024;4;16/05/2024;5; 908 100,88 XOF ; 1 974 775,00 XOF ;Ghana;Afrique
4292;3503;Store;3;89;ESPÈCES;14/05/2024;4;20/05/2024;24; 482 282,63 XOF ; 946 000,00 XOF ;Côte d'ivoire;Afrique
4293;5528;Store;4;1099;ESPÈCES;14/05/2024;4;18/05/2024;12; 1 547 064,75 XOF ; 3 364 212,50 XOF ;Etats-Unis;Amérique
4294;4318;Store;4;941;ESPÈCES;14/05/2024;4;19/05/2024;8; 432 322,00 XOF ; 940 087,50 XOF ;Côte d'ivoire;Afrique
4295;11672;Store;4;4;ESPÈCES;14/05/2024;4;20/05/2024;5; 486 717,00 XOF ; 1 058 337,50 XOF ;Côte d'ivoire;Afrique
4296;3193;Store;4;313;VIREMENT;14/05/2024;4;17/05/2024;26; 111 509,75 XOF ; 218 703,38 XOF ;Côte d'ivoire;Afrique
4297;6338;En ligne;4;1155;VIREMENT;14/05/2024;1;16/05/2024;26; 812 968,75 XOF ; 1 767 837,50 XOF ;Côte d'ivoire;Afrique
4298;5812;Store;3;263;DÉBIT CARTE;14/05/2024;4;16/05/2024;18; 2 060 979,25 XOF ; 4 481 675,00 XOF ;Côte d'ivoire;Afrique
4299;11749;Store;2;1309;DÉBIT CARTE;14/05/2024;4;17/05/2024;12; 176 310,75 XOF ; 532 125,00 XOF ;Côte d'ivoire;Afrique
4300;3535;En ligne;3;1488;VIREMENT;14/05/2024;4;16/05/2024;12; 899 173,00 XOF ; 2 713 837,50 XOF ;Côte d'ivoire;Afrique
4301;5812;Store;3;361;DÉBIT CARTE;14/05/2024;4;16/05/2024;12; 46 708,75 XOF ; 91 643,75 XOF ;Côte d'ivoire;Afrique
4302;6338;Store;3;1636;VIREMENT;14/05/2024;1;16/05/2024;12; 108 730,88 XOF ; 236 440,88 XOF ;Burkina Faso;Afrique
4303;3535;Store;3;16;VIREMENT;14/05/2024;4;16/05/2024;10; 921 699,63 XOF ; 2 004 337,50 XOF ;Côte d'ivoire;Afrique
4304;1424;Store;3;306;VIREMENT;14/05/2024;1;16/05/2024;10; 543 772,63 XOF ; 1 182 500,00 XOF ;Côte d'ivoire;Afrique
4305;11749;Store;4;1330;DÉBIT CARTE;14/05/2024;4;17/05/2024;9; 761 293,50 XOF ; 1 655 440,88 XOF ;Côte d'ivoire;Afrique
4306;11749;Store;2;471;DÉBIT CARTE;14/05/2024;4;17/05/2024;9; 1 504 140,00 XOF ; 2 950 337,50 XOF ;Côte d'ivoire;Afrique
4307;11749;Store;3;869;DÉBIT CARTE;14/05/2024;4;17/05/2024;9; 625 365,13 XOF ; 1 359 875,00 XOF ;Burkina Faso;Afrique
4308;3535;Store;1;1113;VIREMENT;14/05/2024;4;16/05/2024;9; 434 982,63 XOF ; 945 940,88 XOF ;Côte d'ivoire;Afrique
4309;1424;Store;2;1328;VIREMENT;14/05/2024;1;16/05/2024;9; 921 699,63 XOF ; 2 004 337,50 XOF ;Burkina Faso;Afrique
4310;1424;Store;2;1564;VIREMENT;14/05/2024;1;16/05/2024;9; 2 311 078,00 XOF ; 5 025 625,00 XOF ;Côte d'ivoire;Afrique
4311;1424;Store;1;1522;VIREMENT;14/05/2024;1;16/05/2024;9; 897 281,00 XOF ; 1 951 125,00 XOF ;Côte d'ivoire;Afrique
4312;1123;Store;3;1050;VIREMENT;14/05/2024;4;18/05/2024;8; 854 474,50 XOF ; 2 579 032,50 XOF ;Canada;Amérique
4313;5812;Store;3;1636;DÉBIT CARTE;14/05/2024;4;16/05/2024;8; 97 851,88 XOF ; 212 790,88 XOF ;Côte d'ivoire;Afrique
4314;3535;Store;4;690;VIREMENT;14/05/2024;4;16/05/2024;6; 1 956 978,38 XOF ; 5 906 587,50 XOF ;Cameroun;Afrique
4315;1424;Store;4;1050;VIREMENT;14/05/2024;1;16/05/2024;6; 298 403,88 XOF ; 585 337,50 XOF ;Côte d'ivoire;Afrique
4316;5812;Store;3;125;DÉBIT CARTE;14/05/2024;4;16/05/2024;5; 511 135,63 XOF ; 1 111 550,00 XOF ;Côte d'ivoire;Afrique
4317;4318;Store;3;8;ESPÈCES;14/05/2024;4;19/05/2024;26; 815 688,50 XOF ; 1 773 750,00 XOF ;Côte d'ivoire;Afrique
4318;5528;Store;3;1561;ESPÈCES;14/05/2024;4;18/05/2024;24; 46 176,63 XOF ; 100 453,38 XOF ;Côte d'ivoire;Afrique
4319;585;Store;3;1123;ESPÈCES;14/05/2024;1;16/05/2024;16; 1 302 228,13 XOF ; 2 554 200,00 XOF ;Côte d'ivoire;Afrique
4320;4318;Store;1;251;ESPÈCES;14/05/2024;4;19/05/2024;13; 274 280,88 XOF ; 538 037,50 XOF ;Côte d'ivoire;Afrique
4321;585;Store;4;987;ESPÈCES;14/05/2024;1;16/05/2024;13; 1 628 657,25 XOF ; 3 541 587,50 XOF ;Côte d'ivoire;Afrique
4322;3503;Store;2;169;ESPÈCES;14/05/2024;4;20/05/2024;12; 448 640,50 XOF ; 975 562,50 XOF ;Côte d'ivoire;Afrique
4323;3503;Store;2;626;ESPÈCES;14/05/2024;4;20/05/2024;10; 391 762,25 XOF ; 1 182 500,00 XOF ;Côte d'ivoire;Afrique
4324;3503;Store;4;1177;ESPÈCES;14/05/2024;4;20/05/2024;9; 62 554,25 XOF ; 135 987,50 XOF ;Côte d'ivoire;Afrique
4325;11689;Store;3;718;ESPÈCES;14/05/2024;4;16/05/2024;9; 97 851,88 XOF ; 212 790,88 XOF ;Côte d'ivoire;Afrique
4326;585;Store;4;986;ESPÈCES;14/05/2024;1;16/05/2024;8; 434 982,63 XOF ; 945 940,88 XOF ;Côte d'ivoire;Afrique
4327;4318;Store;1;844;ESPÈCES;14/05/2024;4;19/05/2024;6; 157 390,75 XOF ; 342 215,50 XOF ;Burkina Faso;Afrique
4328;585;Store;1;702;ESPÈCES;14/05/2024;1;16/05/2024;6; 762 003,00 XOF ; 2 299 962,50 XOF ;Burkina Faso;Afrique
4329;4758;Store;4;393;ESPÈCES;15/05/2024;4;18/05/2024;18; 446 630,25 XOF ; 1 348 050,00 XOF ;Côte d'ivoire;Afrique
4330;5528;Store;4;483;ESPÈCES;15/05/2024;4;19/05/2024;16; 48 896,38 XOF ; 106 365,88 XOF ;Côte d'ivoire;Afrique
4331;4758;Store;4;1485;ESPÈCES;15/05/2024;4;18/05/2024;16; 1 628 657,25 XOF ; 3 541 587,50 XOF ;Canada;Amérique
4332;9327;Store;4;1392;ESPÈCES;15/05/2024;2;21/05/2024;10; 62 495,13 XOF ; 135 928,38 XOF ;Cameroun;Afrique
4333;4758;Store;4;240;ESPÈCES;15/05/2024;4;18/05/2024;10; 1 791 783,13 XOF ; 3 896 337,50 XOF ;Burkina Faso;Afrique
4334;6587;En ligne;4;395;VIREMENT;15/05/2024;2;20/05/2024;36; 585 692,25 XOF ; 1 767 837,50 XOF ;Côte d'ivoire;Afrique
4335;6587;Store;1;1111;VIREMENT;15/05/2024;2;20/05/2024;20; 836 441,38 XOF ; 2 524 637,50 XOF ;Côte d'ivoire;Afrique
4336;6191;En ligne;4;1144;DÉBIT CARTE;15/05/2024;4;19/05/2024;20; 364 328,25 XOF ; 792 275,00 XOF ;Burkina Faso;Afrique
4337;10530;Store;4;1102;DÉBIT CARTE;15/05/2024;4;21/05/2024;13; 150 709,63 XOF ; 295 565,88 XOF ;Cameroun;Afrique
4338;9441;Store;3;859;DÉBIT CARTE;15/05/2024;2;19/05/2024;13; 489 377,63 XOF ; 1 064 190,88 XOF ;Côte d'ivoire;Afrique
4339;9441;Store;4;1596;DÉBIT CARTE;15/05/2024;2;19/05/2024;13; 62 495,13 XOF ; 135 928,38 XOF ;Côte d'ivoire;Afrique
4340;10530;Store;2;1304;DÉBIT CARTE;15/05/2024;4;21/05/2024;12; 4 895 372,63 XOF ; 14 775 337,50 XOF ;Côte d'ivoire;Afrique
4341;10530;Store;2;1644;DÉBIT CARTE;15/05/2024;4;21/05/2024;12; 508 179,38 XOF ; 1 105 046,25 XOF ;Côte d'ivoire;Afrique
4342;5669;En ligne;3;1180;VIREMENT;15/05/2024;1;17/05/2024;12; 585 692,25 XOF ; 1 767 837,50 XOF ;Côte d'ivoire;Afrique
4343;6587;Store;1;1587;VIREMENT;15/05/2024;2;20/05/2024;10; 39 140,75 XOF ; 76 803,38 XOF ;Côte d'ivoire;Afrique
4344;9441;Store;2;1320;DÉBIT CARTE;15/05/2024;2;19/05/2024;10; 1 212 594,63 XOF ; 3 659 837,50 XOF ;Canada;Amérique
4345;9441;Store;2;1323;DÉBIT CARTE;15/05/2024;2;19/05/2024;10; 725 936,75 XOF ; 1 578 637,50 XOF ;Côte d'ivoire;Afrique
4346;5669;En ligne;4;276;VIREMENT;15/05/2024;1;17/05/2024;10; 229 050,25 XOF ; 449 290,88 XOF ;Côte d'ivoire;Afrique
4347;11962;En ligne;4;328;VIREMENT;15/05/2024;1;17/05/2024;10; 1 900 514,00 XOF ; 4 132 837,50 XOF ;Côte d'ivoire;Afrique
4348;11962;Store;3;666;VIREMENT;15/05/2024;1;17/05/2024;10; 44 816,75 XOF ; 135 337,13 XOF ;Burkina Faso;Afrique
4349;6892;Store;1;165;VIREMENT;15/05/2024;4;17/05/2024;10; 67 993,75 XOF ; 147 812,50 XOF ;Côte d'ivoire;Afrique
4350;6191;Store;4;636;DÉBIT CARTE;15/05/2024;4;19/05/2024;9; 28 616,50 XOF ; 56 168,75 XOF ;Côte d'ivoire;Afrique
4351;5669;Store;1;95;VIREMENT;15/05/2024;1;17/05/2024;9; 568 073,00 XOF ; 1 714 565,88 XOF ;Côte d'ivoire;Afrique
4352;4568;Store;1;525;DÉBIT CARTE;15/05/2024;2;20/05/2024;4; 1 265 452,38 XOF ; 3 819 475,00 XOF ;Côte d'ivoire;Afrique
4353;6378;Store;2;2508;ESPÈCES;15/05/2024;2;21/05/2024;200; 3 095 134,63 XOF ; 9 341 750,00 XOF ;Côte d'ivoire;Afrique
4354;4758;Store;3;459;ESPÈCES;15/05/2024;4;18/05/2024;18; 1 547 064,75 XOF ; 3 364 212,50 XOF ;Côte d'ivoire;Afrique
4355;5528;Store;4;345;ESPÈCES;15/05/2024;4;19/05/2024;12; 3 119 021,13 XOF ; 9 413 882,50 XOF ;Côte d'ivoire;Afrique
4356;4758;Store;1;330;ESPÈCES;15/05/2024;4;18/05/2024;10; 973 374,88 XOF ; 2 116 675,00 XOF ;Côte d'ivoire;Afrique
4357;10216;Store;1;1602;ESPÈCES;15/05/2024;2;20/05/2024;9; 630 804,63 XOF ; 1 371 700,00 XOF ;Canada;Amérique
4358;10216;Store;2;589;ESPÈCES;15/05/2024;2;20/05/2024;9; 1 084 884,63 XOF ; 2 359 087,50 XOF ;Burkina Faso;Afrique
4359;5528;Store;2;1632;ESPÈCES;15/05/2024;4;19/05/2024;9; 788 491,00 XOF ; 1 714 625,00 XOF ;Côte d'ivoire;Afrique
4360;2142;Store;4;447;ESPÈCES;16/05/2024;4;21/05/2024;12; 1 956 978,38 XOF ; 5 906 587,50 XOF ;Burkina Faso;Afrique
4361;3458;Store;4;966;ESPÈCES;16/05/2024;4;18/05/2024;12; 690 284,38 XOF ; 1 353 962,50 XOF ;Cameroun;Afrique
4362;8338;Store;3;1367;ESPÈCES;16/05/2024;4;19/05/2024;10; 2 938 394,25 XOF ; 8 868 750,00 XOF ;Burkina Faso;Afrique
4363;9031;Store;1;1070;DÉBIT CARTE;16/05/2024;4;18/05/2024;24; 538 333,13 XOF ; 1 170 675,00 XOF ;Burkina Faso;Afrique
4364;3969;Store;2;824;DÉBIT CARTE;16/05/2024;2;21/05/2024;13; 77 453,75 XOF ; 151 892,13 XOF ;Burkina Faso;Afrique
4365;1189;En ligne;4;1593;DÉBIT CARTE;16/05/2024;4;20/05/2024;13; 75 857,38 XOF ; 164 958,75 XOF ;Burkina Faso;Afrique
4366;1766;Store;2;301;DÉBIT CARTE;16/05/2024;4;19/05/2024;13; 409 440,63 XOF ; 1 235 712,50 XOF ;Canada;Amérique
4367;248;Store;2;1174;DÉBIT CARTE;16/05/2024;2;22/05/2024;12; 391 762,25 XOF ; 1 182 500,00 XOF ;Burkina Faso;Afrique
4368;3969;Store;3;970;DÉBIT CARTE;16/05/2024;2;21/05/2024;12; 102 463,63 XOF ; 200 965,88 XOF ;Burkina Faso;Afrique
4369;1189;En ligne;3;1457;DÉBIT CARTE;16/05/2024;4;20/05/2024;12; 40 678,00 XOF ; 79 818,75 XOF ;Burkina Faso;Afrique
4370;9031;Store;1;1170;DÉBIT CARTE;16/05/2024;4;18/05/2024;12; 1 084 884,63 XOF ; 2 359 087,50 XOF ;Burkina Faso;Afrique
4371;3969;Store;2;716;DÉBIT CARTE;16/05/2024;2;21/05/2024;10; 44 875,88 XOF ; 97 556,25 XOF ;Côte d'ivoire;Afrique
4372;3969;Store;1;1071;DÉBIT CARTE;16/05/2024;2;21/05/2024;10; 369 767,75 XOF ; 804 100,00 XOF ;Burkina Faso;Afrique
4373;1189;Store;3;594;DÉBIT CARTE;16/05/2024;4;20/05/2024;10; 1 228 262,75 XOF ; 3 707 137,50 XOF ;Burkina Faso;Afrique
4374;9031;Store;3;345;DÉBIT CARTE;16/05/2024;4;18/05/2024;10; 331 573,00 XOF ; 650 315,88 XOF ;Burkina Faso;Afrique
4375;9031;Store;1;1469;DÉBIT CARTE;16/05/2024;4;18/05/2024;10; 190 323,38 XOF ; 413 815,88 XOF ;Cameroun;Afrique
4376;1189;Store;4;1107;DÉBIT CARTE;16/05/2024;4;20/05/2024;9; 73 374,13 XOF ; 159 578,38 XOF ;Côte d'ivoire;Afrique
4377;9031;Store;4;1429;DÉBIT CARTE;16/05/2024;4;18/05/2024;9; 2 716 202,50 XOF ; 5 906 587,50 XOF ;Burkina Faso;Afrique
4378;3969;En ligne;3;548;DÉBIT CARTE;16/05/2024;2;21/05/2024;5; 435 041,75 XOF ; 946 000,00 XOF ;Burkina Faso;Afrique
4379;3029;Store;1;1253;ESPÈCES;16/05/2024;4;22/05/2024;20; 2 544 621,75 XOF ; 7 680 337,50 XOF ;Côte d'ivoire;Afrique
4380;2142;Store;3;1324;ESPÈCES;16/05/2024;4;21/05/2024;10; 2 629 229,63 XOF ; 5 717 387,50 XOF ;Cameroun;Afrique
4381;8338;Store;1;602;ESPÈCES;16/05/2024;4;19/05/2024;10; 2 977 594,13 XOF ; 8 987 000,00 XOF ;Burkina Faso;Afrique
4382;3458;Store;3;921;ESPÈCES;16/05/2024;4;18/05/2024;9; 315 372,75 XOF ; 685 850,00 XOF ;Belgique;Europe
4383;2142;Store;4;340;ESPÈCES;16/05/2024;4;21/05/2024;8; 2 419 868,00 XOF ; 5 262 125,00 XOF ;Belgique;Europe
4384;9298;Store;2;809;ESPÈCES;16/05/2024;4;22/05/2024;4; 1 919 729,63 XOF ; 5 794 250,00 XOF ;Burkina Faso;Afrique
4385;10175;Store;3;1006;ESPÈCES;17/05/2024;4;19/05/2024;13; 836 441,38 XOF ; 2 524 637,50 XOF ;Burkina Faso;Afrique
4386;3686;Store;3;1266;ESPÈCES;17/05/2024;4;23/05/2024;9; 48 896,38 XOF ; 106 365,88 XOF ;Côte d'ivoire;Afrique
4387;3686;Store;4;932;ESPÈCES;17/05/2024;4;23/05/2024;6; 235 081,00 XOF ; 461 115,88 XOF ;Canada;Amérique
4388;7598;En ligne;4;833;DÉBIT CARTE;17/05/2024;0;17/05/2024;52; 758 573,75 XOF ; 1 649 587,50 XOF ;Canada;Amérique
4389;11485;En ligne;4;1591;VIREMENT;17/05/2024;4;23/05/2024;20; 46 176,63 XOF ; 100 453,38 XOF ;Canada;Amérique
4390;3117;En ligne;3;1449;DÉBIT CARTE;17/05/2024;4;21/05/2024;18; 486 717,00 XOF ; 1 058 337,50 XOF ;Canada;Amérique
4391;11485;En ligne;3;1128;VIREMENT;17/05/2024;4;23/05/2024;13; 1 737 388,13 XOF ; 3 778 087,50 XOF ;Cameroun;Afrique
4392;11485;Store;3;227;VIREMENT;17/05/2024;4;23/05/2024;13; 446 630,25 XOF ; 1 348 050,00 XOF ;Burkina Faso;Afrique
4393;11902;En ligne;4;528;VIREMENT;17/05/2024;1;19/05/2024;13; 452 483,63 XOF ; 1 365 787,50 XOF ;Burkina Faso;Afrique
4394;11902;Store;2;1101;VIREMENT;17/05/2024;1;19/05/2024;13; 704 237,88 XOF ; 1 531 337,50 XOF ;Burkina Faso;Afrique
4395;11925;Store;3;317;DÉBIT CARTE;17/05/2024;0;17/05/2024;13; 1 900 514,00 XOF ; 4 132 837,50 XOF ;Burkina Faso;Afrique
4396;1383;Store;3;1176;DÉBIT CARTE;17/05/2024;0;17/05/2024;12; 54 217,63 XOF ; 117 954,38 XOF ;Burkina Faso;Afrique
4397;3117;Store;4;376;DÉBIT CARTE;17/05/2024;4;21/05/2024;10; 785 771,25 XOF ; 1 708 712,50 XOF ;Burkina Faso;Afrique
4398;3857;Store;3;12;DÉBIT CARTE;17/05/2024;1;19/05/2024;10; 298 403,88 XOF ; 585 337,50 XOF ;Belgique;Europe
4399;3857;Store;3;154;DÉBIT CARTE;17/05/2024;1;19/05/2024;10; 565 530,63 XOF ; 1 229 800,00 XOF ;Côte d'ivoire;Afrique
4400;7010;Store;4;384;DÉBIT CARTE;17/05/2024;4;19/05/2024;10; 1 519 867,25 XOF ; 3 305 087,50 XOF ;Burkina Faso;Afrique
4401;7598;Store;3;16;DÉBIT CARTE;17/05/2024;0;17/05/2024;10; 847 024,75 XOF ; 1 661 412,50 XOF ;Ghana;Afrique
4402;1383;Store;4;1079;DÉBIT CARTE;17/05/2024;0;17/05/2024;10; 78 813,63 XOF ; 171 403,38 XOF ;Burkina Faso;Afrique
4403;1383;Store;1;105;DÉBIT CARTE;17/05/2024;0;17/05/2024;10; 568 073,00 XOF ; 1 714 565,88 XOF ;Belgique;Europe
4404;11485;Store;4;516;VIREMENT;17/05/2024;4;23/05/2024;9; 1 956 978,38 XOF ; 5 906 587,50 XOF ;Côte d'ivoire;Afrique
4405;2403;Store;2;1075;DÉBIT CARTE;17/05/2024;2;21/05/2024;9; 1 330 135,13 XOF ; 4 014 587,50 XOF ;Côte d'ivoire;Afrique
4406;2403;Store;2;261;DÉBIT CARTE;17/05/2024;2;21/05/2024;9; 328 557,63 XOF ; 644 462,50 XOF ;Burkina Faso;Afrique
4407;7010;Store;1;1120;DÉBIT CARTE;17/05/2024;4;19/05/2024;9; 254 592,25 XOF ; 768 329,38 XOF ;Burkina Faso;Afrique
4408;7010;Store;3;1048;DÉBIT CARTE;17/05/2024;4;19/05/2024;9; 2 716 202,50 XOF ; 5 906 587,50 XOF ;Burkina Faso;Afrique
4409;1383;En ligne;4;1204;DÉBIT CARTE;17/05/2024;0;17/05/2024;9; 1 359 461,13 XOF ; 2 956 250,00 XOF ;Burkina Faso;Afrique
4410;3117;Store;3;781;DÉBIT CARTE;17/05/2024;4;21/05/2024;8; 317 856,00 XOF ; 691 171,25 XOF ;Burkina Faso;Afrique
4411;11902;Store;4;1485;VIREMENT;17/05/2024;1;19/05/2024;8; 48 896,38 XOF ; 106 365,88 XOF ;Côte d'ivoire;Afrique
4412;11485;Store;4;229;VIREMENT;17/05/2024;4;23/05/2024;6; 47 950,38 XOF ; 94 008,75 XOF ;Côte d'ivoire;Afrique
4413;3117;Store;3;1080;DÉBIT CARTE;17/05/2024;4;21/05/2024;6; 854 474,50 XOF ; 2 579 032,50 XOF ;Côte d'ivoire;Afrique
4414;7598;En ligne;4;1308;DÉBIT CARTE;17/05/2024;0;17/05/2024;6; 854 474,50 XOF ; 2 579 032,50 XOF ;Belgique;Europe
4415;11925;Store;4;516;DÉBIT CARTE;17/05/2024;0;17/05/2024;6; 2 838,00 XOF ; 5 616,88 XOF ;Burkina Faso;Afrique
4416;248;Store;3;708;DÉBIT CARTE;17/05/2024;2;23/05/2024;5; 511 135,63 XOF ; 1 111 550,00 XOF ;Burkina Faso;Afrique
4417;1383;Store;4;128;DÉBIT CARTE;17/05/2024;0;17/05/2024;5; 513 855,38 XOF ; 1 117 462,50 XOF ;Ghana;Afrique
4418;10912;Store;4;1340;ESPÈCES;17/05/2024;4;20/05/2024;13; 921 699,63 XOF ; 2 004 337,50 XOF ;Côte d'ivoire;Afrique
4419;10175;Store;1;189;ESPÈCES;17/05/2024;4;19/05/2024;12; 701 518,13 XOF ; 1 525 425,00 XOF ;Belgique;Europe
4420;10175;Store;2;176;ESPÈCES;17/05/2024;4;19/05/2024;12; 1 172 567,00 XOF ; 2 299 962,50 XOF ;Burkina Faso;Afrique
4421;3686;Store;3;1531;ESPÈCES;17/05/2024;4;23/05/2024;9; 718 073,13 XOF ; 2 167 226,88 XOF ;Burkina Faso;Afrique
4422;6615;Store;2;1418;ESPÈCES;17/05/2024;4;22/05/2024;9; 110 268,13 XOF ; 239 751,88 XOF ;Burkina Faso;Afrique
4423;10912;Store;4;1298;ESPÈCES;17/05/2024;4;20/05/2024;8; 1 153 824,38 XOF ; 3 482 462,50 XOF ;Burkina Faso;Afrique
4424;3686;Store;4;1106;ESPÈCES;17/05/2024;4;23/05/2024;5; 1 900 514,00 XOF ; 4 132 837,50 XOF ;Burkina Faso;Afrique
4425;6834;Store;4;428;ESPÈCES;18/05/2024;1;20/05/2024;52; 779 681,38 XOF ; 2 353 175,00 XOF ;Burkina Faso;Afrique
4426;8788;Store;4;1361;ESPÈCES;18/05/2024;2;22/05/2024;12; 1 112 673,38 XOF ; 3 358 300,00 XOF ;Canada;Amérique
4427;8788;Store;3;1390;ESPÈCES;18/05/2024;2;22/05/2024;12; 459 519,50 XOF ; 999 212,50 XOF ;Burkina Faso;Afrique
4428;6834;Store;4;562;ESPÈCES;18/05/2024;1;20/05/2024;12; 512 495,50 XOF ; 1 114 506,25 XOF ;Canada;Amérique
4429;4725;Store;4;1439;ESPÈCES;18/05/2024;4;23/05/2024;9; 419 018,88 XOF ; 821 837,50 XOF ;Canada;Amérique
4430;10692;Store;4;1067;ESPÈCES;18/05/2024;1;20/05/2024;9; 97 851,88 XOF ; 212 790,88 XOF ;Canada;Amérique
4431;1804;En ligne;4;75;VIREMENT;18/05/2024;1;20/05/2024;20; 810 249,00 XOF ; 1 761 925,00 XOF ;Canada;Amérique
4432;11925;En ligne;4;705;DÉBIT CARTE;18/05/2024;0;18/05/2024;20; 429 011,00 XOF ; 1 294 837,50 XOF ;Côte d'ivoire;Afrique
4433;2475;Store;2;66;DÉBIT CARTE;18/05/2024;2;23/05/2024;12; 1 446 907,00 XOF ; 2 838 000,00 XOF ;Burkina Faso;Afrique
4434;1089;En ligne;3;757;DÉBIT CARTE;18/05/2024;4;21/05/2024;12; 2 716 202,50 XOF ; 5 906 587,50 XOF ;Belgique;Europe
4435;2475;Store;1;985;DÉBIT CARTE;18/05/2024;2;23/05/2024;10; 1 873 375,63 XOF ; 4 073 712,50 XOF ;Belgique;Europe
4436;2475;Store;1;1422;DÉBIT CARTE;18/05/2024;2;23/05/2024;10; 904 257,75 XOF ; 1 773 690,88 XOF ;Burkina Faso;Afrique
4437;2475;Store;3;1129;DÉBIT CARTE;18/05/2024;2;23/05/2024;10; 132 617,38 XOF ; 260 150,00 XOF ;Burkina Faso;Afrique
4438;1089;Store;1;855;DÉBIT CARTE;18/05/2024;4;21/05/2024;10; 214 801,13 XOF ; 467 087,50 XOF ;Cameroun;Afrique
4439;1804;Store;2;1107;VIREMENT;18/05/2024;1;20/05/2024;10; 1 900 514,00 XOF ; 4 132 837,50 XOF ;Burkina Faso;Afrique
4440;1804;En ligne;4;822;VIREMENT;18/05/2024;1;20/05/2024;10; 2 977 594,13 XOF ; 8 987 000,00 XOF ;Burkina Faso;Afrique
4441;1804;Store;3;1648;VIREMENT;18/05/2024;1;20/05/2024;10; 1 212 594,63 XOF ; 3 659 837,50 XOF ;Burkina Faso;Afrique
4442;11925;Store;3;792;DÉBIT CARTE;18/05/2024;0;18/05/2024;10; 4 895 372,63 XOF ; 14 775 337,50 XOF ;Burkina Faso;Afrique
4443;2475;Store;3;993;DÉBIT CARTE;18/05/2024;2;23/05/2024;9; 899 173,00 XOF ; 2 713 837,50 XOF ;Burkina Faso;Afrique
4444;1089;Store;2;1035;DÉBIT CARTE;18/05/2024;4;21/05/2024;9; 446 630,25 XOF ; 1 348 050,00 XOF ;Ghana;Afrique
4445;5833;Store;3;689;VIREMENT;18/05/2024;1;20/05/2024;8; 788 491,00 XOF ; 1 714 625,00 XOF ;Cameroun;Afrique
4446;1804;Store;1;499;VIREMENT;18/05/2024;1;20/05/2024;6; 432 322,00 XOF ; 940 087,50 XOF ;Canada;Amérique
4447;8788;Store;3;420;ESPÈCES;18/05/2024;2;22/05/2024;18; 211 194,50 XOF ; 459 283,00 XOF ;Canada;Amérique
4448;6834;Store;4;982;ESPÈCES;18/05/2024;1;20/05/2024;13; 328 971,50 XOF ; 715 412,50 XOF ;Cameroun;Afrique
4449;8788;Store;2;310;ESPÈCES;18/05/2024;2;22/05/2024;10; 1 356 741,38 XOF ; 2 950 337,50 XOF ;Ghana;Afrique
4450;6834;Store;1;202;ESPÈCES;18/05/2024;1;20/05/2024;10; 3 095 134,63 XOF ; 9 341 750,00 XOF ;Ghana;Afrique
4451;6834;Store;2;1432;ESPÈCES;18/05/2024;1;20/05/2024;10; 62 495,13 XOF ; 135 928,38 XOF ;Ghana;Afrique
4452;10692;Store;1;988;ESPÈCES;18/05/2024;1;20/05/2024;9; 44 816,75 XOF ; 135 337,13 XOF ;Ghana;Afrique
4453;4725;Store;1;1110;ESPÈCES;18/05/2024;4;23/05/2024;5; 1 272 074,38 XOF ; 2 495 075,00 XOF ;Ghana;Afrique
4454;10692;Store;2;1066;ESPÈCES;18/05/2024;1;20/05/2024;5; 1 734 668,38 XOF ; 3 772 175,00 XOF ;Ghana;Afrique
4455;10692;Store;1;262;ESPÈCES;18/05/2024;1;20/05/2024;4; 812 968,75 XOF ; 1 767 837,50 XOF ;Ghana;Afrique
4456;204;Store;4;116;ESPÈCES;19/05/2024;4;22/05/2024;26; 476 251,88 XOF ; 934 175,00 XOF ;Canada;Amérique
4457;204;Store;4;1326;ESPÈCES;19/05/2024;4;22/05/2024;12; 810 840,25 XOF ; 1 590 462,50 XOF ;Ghana;Afrique
4458;7335;Store;4;937;ESPÈCES;19/05/2024;4;21/05/2024;10; 54 217,63 XOF ; 117 954,38 XOF ;Ghana;Afrique
4459;7335;Store;4;1522;ESPÈCES;19/05/2024;4;21/05/2024;9; 585 692,25 XOF ; 1 767 837,50 XOF ;Ghana;Afrique
4460;2447;Store;4;713;ESPÈCES;19/05/2024;4;21/05/2024;9; 690 284,38 XOF ; 1 353 962,50 XOF ;Ghana;Afrique
4461;7335;Store;4;1273;ESPÈCES;19/05/2024;4;21/05/2024;4; 1 265 452,38 XOF ; 3 819 475,00 XOF ;Ghana;Afrique
4462;9581;En ligne;3;723;DÉBIT CARTE;19/05/2024;4;25/05/2024;30; 129 010,75 XOF ; 280 489,00 XOF ;Côte d'ivoire;Afrique
4463;1194;Store;1;1424;DÉBIT CARTE;19/05/2024;2;23/05/2024;20; 44 816,75 XOF ; 135 337,13 XOF ;Ghana;Afrique
4464;911;Store;4;908;VIREMENT;19/05/2024;4;22/05/2024;20; 1 165 590,25 XOF ; 3 517 937,50 XOF ;Ghana;Afrique
4465;5655;En ligne;4;621;VIREMENT;19/05/2024;4;24/05/2024;18; 579 838,88 XOF ; 1 750 100,00 XOF ;Ghana;Afrique
4466;911;Store;3;385;VIREMENT;19/05/2024;4;22/05/2024;18; 512 436,38 XOF ; 1 005 125,00 XOF ;Ghana;Afrique
4467;9581;En ligne;4;575;DÉBIT CARTE;19/05/2024;4;25/05/2024;13; 2 419 868,00 XOF ; 5 262 125,00 XOF ;Ghana;Afrique
4468;9581;Store;3;413;DÉBIT CARTE;19/05/2024;4;25/05/2024;13; 1 900 514,00 XOF ; 4 132 837,50 XOF ;Ghana;Afrique
4469;5655;Store;2;1505;VIREMENT;19/05/2024;4;24/05/2024;13; 902 720,50 XOF ; 1 962 950,00 XOF ;Ghana;Afrique
4470;911;Store;1;1612;VIREMENT;19/05/2024;4;22/05/2024;12; 350 670,38 XOF ; 1 058 337,50 XOF ;Ghana;Afrique
4471;9581;Store;1;1284;DÉBIT CARTE;19/05/2024;4;25/05/2024;10; 37 780,88 XOF ; 82 124,63 XOF ;Côte d'ivoire;Afrique
4472;3302;En ligne;4;1162;DÉBIT CARTE;19/05/2024;2;23/05/2024;10; 501 616,50 XOF ; 1 090 856,25 XOF ;Ghana;Afrique
4473;911;En ligne;3;674;VIREMENT;19/05/2024;4;22/05/2024;9; 2 838,00 XOF ; 5 616,88 XOF ;Ghana;Afrique
4474;5430;Store;2;260;VIREMENT;19/05/2024;4;21/05/2024;9; 1 900 514,00 XOF ; 4 132 837,50 XOF ;Ghana;Afrique
4475;9581;En ligne;4;683;DÉBIT CARTE;19/05/2024;4;25/05/2024;8; 63 204,63 XOF ; 123 926,00 XOF ;Canada;Amérique
4476;5655;Store;2;327;VIREMENT;19/05/2024;4;24/05/2024;6; 4 495 746,75 XOF ; 13 569 187,50 XOF ;Ghana;Afrique
4477;5655;En ligne;4;327;VIREMENT;19/05/2024;4;24/05/2024;4; 46 176,63 XOF ; 100 453,38 XOF ;Ghana;Afrique
4478;9895;Store;3;1416;ESPÈCES;19/05/2024;4;23/05/2024;48; 67 993,75 XOF ; 147 812,50 XOF ;Canada;Amérique
4479;204;Store;3;956;ESPÈCES;19/05/2024;4;22/05/2024;12; 1 900 514,00 XOF ; 4 132 837,50 XOF ;Canada;Amérique
4480;2447;Store;3;202;ESPÈCES;19/05/2024;4;21/05/2024;12; 761 293,50 XOF ; 1 655 440,88 XOF ;Ghana;Afrique
4481;2447;Store;4;1042;ESPÈCES;19/05/2024;4;21/05/2024;12; 854 474,50 XOF ; 2 579 032,50 XOF ;Cameroun;Afrique
4482;204;Store;4;1198;ESPÈCES;19/05/2024;4;22/05/2024;10; 37 780,88 XOF ; 82 124,63 XOF ;Ghana;Afrique
4483;10564;Store;3;1275;ESPÈCES;19/05/2024;4;24/05/2024;8; 432 322,00 XOF ; 940 087,50 XOF ;Ghana;Afrique
4484;10564;Store;4;1325;ESPÈCES;19/05/2024;4;24/05/2024;8; 108 730,88 XOF ; 236 440,88 XOF ;Ghana;Afrique
4485;2447;Store;4;234;ESPÈCES;19/05/2024;4;21/05/2024;8; 728 656,50 XOF ; 1 584 550,00 XOF ;Ghana;Afrique
4486;2447;Store;3;802;ESPÈCES;19/05/2024;4;21/05/2024;6; 854 474,50 XOF ; 2 579 032,50 XOF ;Ghana;Afrique
4487;10564;Store;3;213;ESPÈCES;19/05/2024;4;24/05/2024;4; 1 112 673,38 XOF ; 3 358 300,00 XOF ;Cameroun;Afrique
4488;5120;Store;3;219;DÉBIT CARTE;20/05/2024;4;22/05/2024;26; 931 455,25 XOF ; 1 826 962,50 XOF ;Gabon;Afrique
4489;5757;En ligne;4;632;VIREMENT;20/05/2024;1;22/05/2024;24; 89 692,63 XOF ; 195 053,38 XOF ;Gabon;Afrique
4490;4940;En ligne;4;829;VIREMENT;20/05/2024;4;25/05/2024;18; 106 011,13 XOF ; 230 528,38 XOF ;Côte d'ivoire;Afrique
4491;11472;Store;3;13;VIREMENT;20/05/2024;2;25/05/2024;13; 899 173,00 XOF ; 2 713 837,50 XOF ;France;Europe
4492;10634;Store;2;336;VIREMENT;20/05/2024;4;25/05/2024;13; 904 021,25 XOF ; 1 773 158,75 XOF ;France;Europe
4493;3302;Store;2;244;DÉBIT CARTE;20/05/2024;2;24/05/2024;13; 904 257,75 XOF ; 1 773 690,88 XOF ;France;Europe
4494;5298;En ligne;4;1574;VIREMENT;20/05/2024;1;22/05/2024;13; 46 176,63 XOF ; 100 453,38 XOF ;Belgique;Europe
4495;5120;Store;3;1122;DÉBIT CARTE;20/05/2024;4;22/05/2024;13; 1 103 272,50 XOF ; 2 163 975,00 XOF ;France;Europe
4496;7951;Store;4;1386;DÉBIT CARTE;20/05/2024;0;21/05/2024;13; 1 628 657,25 XOF ; 3 541 587,50 XOF ;Gabon;Afrique
4497;10634;Store;3;1310;VIREMENT;20/05/2024;4;25/05/2024;12; 1 446 907,00 XOF ; 2 838 000,00 XOF ;France;Europe
4498;4316;Store;3;1305;VIREMENT;20/05/2024;4;23/05/2024;12; 62 495,13 XOF ; 135 928,38 XOF ;Gabon;Afrique
4499;4316;En ligne;4;133;VIREMENT;20/05/2024;4;23/05/2024;12; 326 251,75 XOF ; 709 500,00 XOF ;Sénégal;Afrique
4500;6110;Store;4;1479;DÉBIT CARTE;20/05/2024;1;22/05/2024;12; 2 348 740,63 XOF ; 7 089 087,50 XOF ;Gabon;Afrique
4501;6110;Store;1;1303;DÉBIT CARTE;20/05/2024;1;22/05/2024;12; 429 011,00 XOF ; 1 294 837,50 XOF ;France;Europe
4502;10965;Store;2;1415;VIREMENT;20/05/2024;0;21/05/2024;12; 1 900 514,00 XOF ; 4 132 837,50 XOF ;Gabon;Afrique
4503;11472;En ligne;4;1288;VIREMENT;20/05/2024;2;25/05/2024;10; 298 936,00 XOF ; 650 079,38 XOF ;Burkina Faso;Afrique
4504;11472;Store;1;1148;VIREMENT;20/05/2024;2;25/05/2024;10; 1 628 657,25 XOF ; 3 541 587,50 XOF ;Gabon;Afrique
4505;4940;En ligne;4;389;VIREMENT;20/05/2024;4;25/05/2024;10; 508 179,38 XOF ; 1 105 046,25 XOF ;France;Europe
4506;4940;Store;4;105;VIREMENT;20/05/2024;4;25/05/2024;10; 176 310,75 XOF ; 532 125,00 XOF ;Gabon;Afrique
4507;3302;Store;1;1443;DÉBIT CARTE;20/05/2024;2;24/05/2024;10; 818 408,25 XOF ; 1 779 662,50 XOF ;Cameroun;Afrique
4508;3326;Store;2;1517;DÉBIT CARTE;20/05/2024;4;24/05/2024;10; 78 813,63 XOF ; 171 403,38 XOF ;Gabon;Afrique
4509;5298;Store;3;543;VIREMENT;20/05/2024;1;22/05/2024;10; 293 792,13 XOF ; 886 815,88 XOF ;France;Europe
4510;5757;Store;2;147;VIREMENT;20/05/2024;1;22/05/2024;10; 762 003,00 XOF ; 2 299 962,50 XOF ;Canada;Amérique
4511;5757;Store;1;317;VIREMENT;20/05/2024;1;22/05/2024;10; 1 446 907,00 XOF ; 2 838 000,00 XOF ;Burkina Faso;Afrique
4512;4940;Store;2;1007;VIREMENT;20/05/2024;4;25/05/2024;9; 512 495,50 XOF ; 1 114 506,25 XOF ;France;Europe
4513;4316;En ligne;3;978;VIREMENT;20/05/2024;4;23/05/2024;9; 492 156,50 XOF ; 1 070 162,50 XOF ;France;Europe
4514;6110;En ligne;4;333;DÉBIT CARTE;20/05/2024;1;22/05/2024;9; 62 554,25 XOF ; 135 987,50 XOF ;Sénégal;Afrique
4515;6110;Store;1;1173;DÉBIT CARTE;20/05/2024;1;22/05/2024;9; 1 330 135,13 XOF ; 4 014 587,50 XOF ;Sénégal;Afrique
4516;6110;Store;2;932;DÉBIT CARTE;20/05/2024;1;22/05/2024;9; 1 511 708,00 XOF ; 3 287 350,00 XOF ;Sénégal;Afrique
4517;7951;Store;3;1381;DÉBIT CARTE;20/05/2024;0;21/05/2024;9; 1 898 208,13 XOF ; 5 729 212,50 XOF ;Gabon;Afrique
4518;5757;En ligne;4;951;VIREMENT;20/05/2024;1;22/05/2024;8; 208 001,75 XOF ; 407 962,50 XOF ;Côte d'ivoire;Afrique
4519;5120;Store;3;954;DÉBIT CARTE;20/05/2024;4;22/05/2024;8; 388 865,13 XOF ; 762 712,50 XOF ;Burkina Faso;Afrique
4520;11081;Store;3;509;DÉBIT CARTE;20/05/2024;4;26/05/2024;6; 184 883,88 XOF ; 402 050,00 XOF ;Burkina Faso;Afrique
4521;7951;Store;3;1214;DÉBIT CARTE;20/05/2024;0;21/05/2024;6; 982 657,50 XOF ; 1 927 475,00 XOF ;Burkina Faso;Afrique
4522;10965;Store;2;93;VIREMENT;20/05/2024;0;21/05/2024;5; 3 173 475,25 XOF ; 9 578 250,00 XOF ;Burkina Faso;Afrique
4523;11472;Store;4;1248;VIREMENT;20/05/2024;2;25/05/2024;4; 328 971,50 XOF ; 715 412,50 XOF ;Burkina Faso;Afrique
4524;7951;Store;4;502;DÉBIT CARTE;20/05/2024;0;21/05/2024;4; 731 376,25 XOF ; 1 590 462,50 XOF ;Cameroun;Afrique
4525;10935;Store;4;420;ESPÈCES;21/05/2024;1;23/05/2024;27; 46 176,63 XOF ; 100 453,38 XOF ;Cameroun;Afrique
4526;5658;Store;4;1072;ESPÈCES;21/05/2024;2;25/05/2024;18; 298 936,00 XOF ; 650 079,38 XOF ;Gabon;Afrique
4527;9052;Store;4;783;ESPÈCES;21/05/2024;4;24/05/2024;15; 157 686,38 XOF ; 342 865,88 XOF ;Burkina Faso;Afrique
4528;4810;Store;4;828;ESPÈCES;21/05/2024;1;23/05/2024;12; 62 495,13 XOF ; 135 928,38 XOF ;Gabon;Afrique
4529;10935;Store;4;1351;ESPÈCES;21/05/2024;1;23/05/2024;10; 84 430,50 XOF ; 165 550,00 XOF ;Cameroun;Afrique
4530;7731;Store;4;1143;ESPÈCES;21/05/2024;0;22/05/2024;5; 391 762,25 XOF ; 1 182 500,00 XOF ;Belgique;Europe
4531;7731;Store;4;300;ESPÈCES;21/05/2024;0;22/05/2024;4; 535 376,88 XOF ; 1 164 171,25 XOF ;Gabon;Afrique
4532;1569;En ligne;4;926;DÉBIT CARTE;21/05/2024;0;22/05/2024;40; 1 538 905,50 XOF ; 3 346 475,00 XOF ;France;Europe
4533;1421;Store;4;1516;DÉBIT CARTE;21/05/2024;1;23/05/2024;24; 1 228 262,75 XOF ; 3 707 137,50 XOF ;France;Europe
4534;1421;Store;4;295;DÉBIT CARTE;21/05/2024;1;23/05/2024;12; 75 857,38 XOF ; 164 958,75 XOF ;Burkina Faso;Afrique
4535;1421;En ligne;4;732;DÉBIT CARTE;21/05/2024;1;23/05/2024;12; 625 365,13 XOF ; 1 359 875,00 XOF ;Cameroun;Afrique
4536;2735;Store;4;843;VIREMENT;21/05/2024;4;27/05/2024;10; 2 392 670,50 XOF ; 5 203 000,00 XOF ;Gabon;Afrique
4537;2735;Store;3;571;VIREMENT;21/05/2024;4;27/05/2024;10; 509 302,75 XOF ; 1 537 190,88 XOF ;Burkina Faso;Afrique
4538;11741;En ligne;4;169;DÉBIT CARTE;21/05/2024;4;24/05/2024;10; 842 886,00 XOF ; 1 832 875,00 XOF ;Gabon;Afrique
4539;11741;Store;2;1660;DÉBIT CARTE;21/05/2024;4;24/05/2024;10; 901 301,50 XOF ; 1 767 837,50 XOF ;Cameroun;Afrique
4540;1421;Store;2;1019;DÉBIT CARTE;21/05/2024;1;23/05/2024;10; 1 604 356,88 XOF ; 4 842 337,50 XOF ;Burkina Faso;Afrique
4541;7757;Store;3;263;VIREMENT;21/05/2024;0;22/05/2024;10; 1 900 514,00 XOF ; 4 132 837,50 XOF ;Burkina Faso;Afrique
4542;7757;Store;4;1379;VIREMENT;21/05/2024;0;22/05/2024;10; 1 628 657,25 XOF ; 3 541 587,50 XOF ;Burkina Faso;Afrique
4543;11741;En ligne;4;1372;DÉBIT CARTE;21/05/2024;4;24/05/2024;9; 625 365,13 XOF ; 1 359 875,00 XOF ;Burkina Faso;Afrique
4544;1421;Store;1;1394;DÉBIT CARTE;21/05/2024;1;23/05/2024;6; 2 544 621,75 XOF ; 7 680 337,50 XOF ;Gabon;Afrique
4545;7757;Store;1;93;VIREMENT;21/05/2024;0;22/05/2024;5; 1 232 874,50 XOF ; 2 418 212,50 XOF ;Gabon;Afrique
4546;9052;Store;3;1084;ESPÈCES;21/05/2024;4;24/05/2024;20; 818 408,25 XOF ; 1 779 662,50 XOF ;Côte d'ivoire;Afrique
4547;9052;Store;2;1346;ESPÈCES;21/05/2024;4;24/05/2024;12; 2 977 594,13 XOF ; 8 987 000,00 XOF ;Gabon;Afrique
4548;4810;Store;1;719;ESPÈCES;21/05/2024;1;23/05/2024;12; 350 729,50 XOF ; 762 712,50 XOF ;Sénégal;Afrique
4549;12128;Store;3;120;ESPÈCES;21/05/2024;1;23/05/2024;12; 429 011,00 XOF ; 1 294 837,50 XOF ;Sénégal;Afrique
4550;12128;Store;2;1112;ESPÈCES;21/05/2024;1;23/05/2024;10; 973 374,88 XOF ; 2 116 675,00 XOF ;Sénégal;Afrique
4551;7731;Store;2;642;ESPÈCES;21/05/2024;0;22/05/2024;10; 1 800 238,00 XOF ; 5 433 587,50 XOF ;France;Europe
4552;7731;Store;1;1359;ESPÈCES;21/05/2024;0;22/05/2024;10; 1 593 300,50 XOF ; 3 464 725,00 XOF ;France;Europe
4553;9052;Store;4;479;ESPÈCES;21/05/2024;4;24/05/2024;9; 150 709,63 XOF ; 295 565,88 XOF ;Gabon;Afrique
4554;12128;Store;4;1040;ESPÈCES;21/05/2024;1;23/05/2024;8; 462 298,38 XOF ; 1 395 350,00 XOF ;Belgique;Europe
4555;7731;Store;4;973;ESPÈCES;21/05/2024;0;22/05/2024;8; 459 519,50 XOF ; 999 212,50 XOF ;Burkina Faso;Afrique
4556;5658;Store;3;988;ESPÈCES;21/05/2024;2;25/05/2024;6; 60 248,38 XOF ; 118 190,88 XOF ;France;Europe
4557;9052;Store;4;1206;ESPÈCES;21/05/2024;4;24/05/2024;6; 92 057,63 XOF ; 277 828,38 XOF ;Cameroun;Afrique
4558;2716;Store;3;661;ESPÈCES;21/05/2024;1;23/05/2024;6; 1 900 514,00 XOF ; 4 132 837,50 XOF ;Burkina Faso;Afrique
4559;5658;Store;1;941;ESPÈCES;21/05/2024;2;25/05/2024;5; 818 408,25 XOF ; 1 779 662,50 XOF ;France;Europe
4560;5658;Store;1;1282;ESPÈCES;21/05/2024;2;25/05/2024;4; 298 936,00 XOF ; 650 079,38 XOF ;Gabon;Afrique
4561;12128;Store;3;572;ESPÈCES;21/05/2024;1;23/05/2024;4; 157 390,75 XOF ; 342 215,50 XOF ;France;Europe
4562;9236;Store;4;1144;ESPÈCES;22/05/2024;1;24/05/2024;13; 20 930,25 XOF ; 41 091,88 XOF ;Gabon;Afrique
4563;1569;Store;4;2501;DÉBIT CARTE;22/05/2024;0;23/05/2024;480; 1 151 873,25 XOF ; 3 476 550,00 XOF ;France;Europe
4564;8821;En ligne;4;922;DÉBIT CARTE;22/05/2024;1;24/05/2024;32; 399 685,00 XOF ; 869 137,50 XOF ;Gabon;Afrique
4565;11777;Store;2;1030;DÉBIT CARTE;22/05/2024;1;24/05/2024;26; 1 504 140,00 XOF ; 2 950 337,50 XOF ;Gabon;Afrique
4566;1245;Store;3;182;VIREMENT;22/05/2024;1;24/05/2024;20; 1 702 327,00 XOF ; 5 137 962,50 XOF ;Gabon;Afrique
4567;510;Store;3;993;DÉBIT CARTE;22/05/2024;4;25/05/2024;13; 2 017 699,75 XOF ; 6 089 875,00 XOF ;Sénégal;Afrique
4568;1537;En ligne;4;1631;VIREMENT;22/05/2024;4;26/05/2024;12; 62 495,13 XOF ; 135 928,38 XOF ;Gabon;Afrique
4569;510;Store;3;1462;DÉBIT CARTE;22/05/2024;4;25/05/2024;12; 154 966,63 XOF ; 336 953,38 XOF ;France;Europe
4570;11777;En ligne;3;1597;DÉBIT CARTE;22/05/2024;1;24/05/2024;12; 1 628 657,25 XOF ; 3 541 587,50 XOF ;Belgique;Europe
4571;1245;Store;2;1202;VIREMENT;22/05/2024;1;24/05/2024;12; 1 900 514,00 XOF ; 4 132 837,50 XOF ;France;Europe
4572;1245;En ligne;4;698;VIREMENT;22/05/2024;1;24/05/2024;12; 157 390,75 XOF ; 342 215,50 XOF ;France;Europe
4573;7830;Store;2;370;DÉBIT CARTE;22/05/2024;1;24/05/2024;12; 543 654,38 XOF ; 1 182 204,38 XOF ;France;Europe
4574;8821;Store;3;263;DÉBIT CARTE;22/05/2024;1;24/05/2024;10; 2 716 202,50 XOF ; 5 906 587,50 XOF ;Côte d'ivoire;Afrique
4575;7830;En ligne;4;370;DÉBIT CARTE;22/05/2024;1;24/05/2024;10; 48 896,38 XOF ; 106 365,88 XOF ;France;Europe
4576;7830;Store;3;197;DÉBIT CARTE;22/05/2024;1;24/05/2024;10; 254 474,00 XOF ; 768 033,75 XOF ;Gabon;Afrique
4577;1569;En ligne;4;782;DÉBIT CARTE;22/05/2024;0;23/05/2024;10; 538 333,13 XOF ; 1 170 675,00 XOF ;France;Europe
4578;11777;Store;4;478;DÉBIT CARTE;22/05/2024;1;24/05/2024;9; 75 325,25 XOF ; 147 753,38 XOF ;Cameroun;Afrique
4579;1569;Store;3;298;DÉBIT CARTE;22/05/2024;0;23/05/2024;9; 812 968,75 XOF ; 1 767 837,50 XOF ;Canada;Amérique
4580;1569;Store;3;688;DÉBIT CARTE;22/05/2024;0;23/05/2024;9; 815 688,50 XOF ; 1 773 750,00 XOF ;Etats-Unis;Amérique
4581;510;Store;3;729;DÉBIT CARTE;22/05/2024;4;25/05/2024;8; 1 151 873,25 XOF ; 3 476 550,00 XOF ;Etats-Unis;Amérique
4582;8821;En ligne;4;1555;DÉBIT CARTE;22/05/2024;1;24/05/2024;8; 2 716 202,50 XOF ; 5 906 587,50 XOF ;Ghana;Afrique
4583;510;Store;1;907;DÉBIT CARTE;22/05/2024;4;25/05/2024;4; 1 702 327,00 XOF ; 5 137 962,50 XOF ;Etats-Unis;Amérique
4584;8821;Store;3;744;DÉBIT CARTE;22/05/2024;1;24/05/2024;4; 779 681,38 XOF ; 2 353 175,00 XOF ;Etats-Unis;Amérique
4585;10224;Store;1;1469;VIREMENT;22/05/2024;0;22/05/2024;4; 1 329 543,88 XOF ; 2 891 212,50 XOF ;Etats-Unis;Amérique
4586;10224;En ligne;4;1251;VIREMENT;22/05/2024;0;22/05/2024;4; 44 816,75 XOF ; 135 337,13 XOF ;Etats-Unis;Amérique
4587;5190;Store;3;353;ESPÈCES;22/05/2024;0;22/05/2024;24; 129 010,75 XOF ; 280 489,00 XOF ;Ghana;Afrique
4588;9236;Store;4;588;ESPÈCES;22/05/2024;1;24/05/2024;6; 1 900 514,00 XOF ; 4 132 837,50 XOF ;Canada;Amérique
4589;5190;Store;2;1440;ESPÈCES;22/05/2024;0;22/05/2024;5; 731 376,25 XOF ; 1 590 462,50 XOF ;Canada;Amérique
4590;7528;Store;4;1510;ESPÈCES;23/05/2024;4;29/05/2024;16; 2 060 979,25 XOF ; 4 481 675,00 XOF ;Etats-Unis;Amérique
4591;3658;Store;4;1567;ESPÈCES;23/05/2024;1;25/05/2024;10; 568 073,00 XOF ; 1 714 565,88 XOF ;Etats-Unis;Amérique
4592;10373;Store;4;1418;ESPÈCES;23/05/2024;1;25/05/2024;9; 443 201,00 XOF ; 963 737,50 XOF ;Etats-Unis;Amérique
4593;10523;Store;4;298;ESPÈCES;23/05/2024;4;26/05/2024;8; 462 298,38 XOF ; 1 395 350,00 XOF ;Etats-Unis;Amérique
4594;1537;Store;4;1003;VIREMENT;23/05/2024;4;27/05/2024;26; 106 011,13 XOF ; 230 528,38 XOF ;Etats-Unis;Amérique
4595;9670;Store;3;1183;VIREMENT;23/05/2024;4;27/05/2024;26; 78 813,63 XOF ; 171 403,38 XOF ;Canada;Amérique
4596;1537;En ligne;4;11;VIREMENT;23/05/2024;4;27/05/2024;18; 1 900 514,00 XOF ; 4 132 837,50 XOF ;Etats-Unis;Amérique
4597;1537;En ligne;4;1519;VIREMENT;23/05/2024;4;27/05/2024;13; 1 628 657,25 XOF ; 3 541 587,50 XOF ;Etats-Unis;Amérique
4598;9670;Store;3;626;VIREMENT;23/05/2024;4;27/05/2024;12; 296 393,63 XOF ; 644 462,50 XOF ;Etats-Unis;Amérique
4599;9670;Store;1;854;VIREMENT;23/05/2024;4;27/05/2024;12; 2 392 670,50 XOF ; 5 203 000,00 XOF ;Canada;Amérique
4600;6704;Store;1;929;VIREMENT;23/05/2024;4;25/05/2024;12; 848 325,50 XOF ; 1 844 700,00 XOF ;Canada;Amérique
4601;173;Store;1;348;DÉBIT CARTE;23/05/2024;1;25/05/2024;12; 961 609,00 XOF ; 1 886 087,50 XOF ;Canada;Amérique
4602;173;En ligne;4;144;DÉBIT CARTE;23/05/2024;1;25/05/2024;12; 108 730,88 XOF ; 236 440,88 XOF ;Etats-Unis;Amérique
4603;1537;Store;4;1441;VIREMENT;23/05/2024;4;27/05/2024;10; 542 590,13 XOF ; 1 064 250,00 XOF ;Etats-Unis;Amérique
4604;9670;Store;1;922;VIREMENT;23/05/2024;4;27/05/2024;10; 1 900 514,00 XOF ; 4 132 837,50 XOF ;Etats-Unis;Amérique
4605;6704;Store;2;1428;VIREMENT;23/05/2024;4;25/05/2024;10; 2 321 247,50 XOF ; 7 006 135,13 XOF ;Etats-Unis;Amérique
4606;6704;En ligne;3;232;VIREMENT;23/05/2024;4;25/05/2024;10; 82 302,00 XOF ; 248 325,00 XOF ;Etats-Unis;Amérique
4607;173;Store;2;695;DÉBIT CARTE;23/05/2024;1;25/05/2024;10; 1 734 668,38 XOF ; 3 772 175,00 XOF ;Etats-Unis;Amérique
4608;173;Store;1;1037;DÉBIT CARTE;23/05/2024;1;25/05/2024;9; 1 702 327,00 XOF ; 5 137 962,50 XOF ;Etats-Unis;Amérique
4609;173;Store;3;1613;DÉBIT CARTE;23/05/2024;1;25/05/2024;6; 796 650,25 XOF ; 1 732 362,50 XOF ;Etats-Unis;Amérique
4610;6704;Store;4;900;VIREMENT;23/05/2024;4;25/05/2024;5; 81 060,38 XOF ; 159 046,25 XOF ;Canada;Amérique
4611;7528;Store;4;1537;ESPÈCES;23/05/2024;4;29/05/2024;13; 744 383,75 XOF ; 2 246 750,00 XOF ;Etats-Unis;Amérique
4612;2130;Store;4;1638;ESPÈCES;23/05/2024;2;28/05/2024;12; 1 151 873,25 XOF ; 3 476 550,00 XOF ;Etats-Unis;Amérique
4613;2130;Store;4;938;ESPÈCES;23/05/2024;2;28/05/2024;12; 1 734 668,38 XOF ; 3 772 175,00 XOF ;Etats-Unis;Amérique
4614;2130;Store;1;1416;ESPÈCES;23/05/2024;2;28/05/2024;12; 1 631 377,00 XOF ; 3 547 500,00 XOF ;Etats-Unis;Amérique
4615;9210;Store;4;459;ESPÈCES;23/05/2024;1;25/05/2024;12; 30 094,63 XOF ; 59 065,88 XOF ;Etats-Unis;Amérique
4616;2130;Store;3;998;ESPÈCES;23/05/2024;2;28/05/2024;10; 67 993,75 XOF ; 147 812,50 XOF ;Etats-Unis;Amérique
4617;10523;Store;4;1102;ESPÈCES;23/05/2024;4;26/05/2024;10; 106 011,13 XOF ; 230 528,38 XOF ;Canada;Amérique
4618;3658;Store;4;1167;ESPÈCES;23/05/2024;1;25/05/2024;10; 660 130,63 XOF ; 1 294 837,50 XOF ;Etats-Unis;Amérique
4619;10373;Store;2;577;ESPÈCES;23/05/2024;1;25/05/2024;10; 102 463,63 XOF ; 200 965,88 XOF ;Etats-Unis;Amérique
4620;9210;Store;4;1303;ESPÈCES;23/05/2024;1;25/05/2024;10; 4 495 746,75 XOF ; 13 569 187,50 XOF ;Canada;Amérique
4621;7528;Store;1;228;ESPÈCES;23/05/2024;4;29/05/2024;9; 30 094,63 XOF ; 59 065,88 XOF ;Etats-Unis;Amérique
4622;2130;Store;1;1269;ESPÈCES;23/05/2024;2;28/05/2024;6; 1 492 728,88 XOF ; 3 245 962,50 XOF ;Etats-Unis;Amérique
4623;7528;Store;1;1285;ESPÈCES;23/05/2024;4;29/05/2024;5; 901 301,50 XOF ; 1 767 837,50 XOF ;Canada;Amérique
4624;10373;Store;4;1003;ESPÈCES;23/05/2024;1;25/05/2024;5; 1 446 907,00 XOF ; 2 838 000,00 XOF ;Canada;Amérique
4625;3658;Store;3;1282;ESPÈCES;23/05/2024;1;25/05/2024;4; 1 166 418,00 XOF ; 2 536 462,50 XOF ;Ghana;Afrique
4626;10373;Store;3;1243;ESPÈCES;23/05/2024;1;25/05/2024;4; 501 616,50 XOF ; 1 090 856,25 XOF ;Etats-Unis;Amérique
4627;1377;Store;4;751;ESPÈCES;24/05/2024;2;28/05/2024;20; 1 438 333,88 XOF ; 3 127 712,50 XOF ;Etats-Unis;Amérique
4628;7734;En ligne;4;380;VIREMENT;24/05/2024;1;26/05/2024;36; 1 232 874,50 XOF ; 2 418 212,50 XOF ;Etats-Unis;Amérique
4629;7504;En ligne;3;940;VIREMENT;24/05/2024;4;30/05/2024;27; 323 532,00 XOF ; 703 587,50 XOF ;Etats-Unis;Amérique
4630;742;Store;4;10;VIREMENT;24/05/2024;1;26/05/2024;26; 1 791 783,13 XOF ; 3 896 337,50 XOF ;Ghana;Afrique
4631;6005;En ligne;3;1514;DÉBIT CARTE;24/05/2024;4;29/05/2024;20; 787 485,88 XOF ; 2 376 825,00 XOF ;Etats-Unis;Amérique
4632;4150;Store;3;613;DÉBIT CARTE;24/05/2024;4;28/05/2024;20; 723 217,00 XOF ; 1 572 725,00 XOF ;Etats-Unis;Amérique
4633;742;Store;3;1644;VIREMENT;24/05/2024;1;26/05/2024;18; 2 544 621,75 XOF ; 7 680 337,50 XOF ;Canada;Amérique
4634;4150;Store;1;458;DÉBIT CARTE;24/05/2024;4;28/05/2024;15; 2 392 670,50 XOF ; 5 203 000,00 XOF ;Etats-Unis;Amérique
4635;7734;Store;3;977;VIREMENT;24/05/2024;1;26/05/2024;13; 1 272 074,38 XOF ; 2 495 075,00 XOF ;Etats-Unis;Amérique
4636;6005;Store;4;725;DÉBIT CARTE;24/05/2024;4;29/05/2024;12; 818 408,25 XOF ; 1 779 662,50 XOF ;Belgique;Europe
4637;5624;Store;4;217;DÉBIT CARTE;24/05/2024;4;27/05/2024;12; 4 895 372,63 XOF ; 14 775 337,50 XOF ;Belgique;Europe
4638;5624;Store;3;1612;DÉBIT CARTE;24/05/2024;4;27/05/2024;12; 723 217,00 XOF ; 1 572 725,00 XOF ;Côte d'ivoire;Afrique
4639;6725;En ligne;4;1474;DÉBIT CARTE;24/05/2024;1;26/05/2024;12; 293 851,25 XOF ; 886 875,00 XOF ;Côte d'ivoire;Afrique
4640;2289;Store;2;460;DÉBIT CARTE;24/05/2024;4;26/05/2024;12; 1 900 514,00 XOF ; 4 132 837,50 XOF ;Côte d'ivoire;Afrique
4641;7734;En ligne;4;1452;VIREMENT;24/05/2024;1;26/05/2024;12; 254 474,00 XOF ; 768 033,75 XOF ;Côte d'ivoire;Afrique
4642;5624;En ligne;4;336;DÉBIT CARTE;24/05/2024;4;27/05/2024;10; 203 153,50 XOF ; 398 502,50 XOF ;Côte d'ivoire;Afrique
4643;742;Store;3;1500;VIREMENT;24/05/2024;1;26/05/2024;10; 2 716 202,50 XOF ; 5 906 587,50 XOF ;Côte d'ivoire;Afrique
4644;6725;Store;2;1487;DÉBIT CARTE;24/05/2024;1;26/05/2024;10; 48 896,38 XOF ; 106 365,88 XOF ;Côte d'ivoire;Afrique
4645;6725;Store;1;1353;DÉBIT CARTE;24/05/2024;1;26/05/2024;10; 54 217,63 XOF ; 117 954,38 XOF ;Côte d'ivoire;Afrique
4646;6725;En ligne;4;1208;DÉBIT CARTE;24/05/2024;1;26/05/2024;10; 111 509,75 XOF ; 218 703,38 XOF ;Côte d'ivoire;Afrique
4647;2289;Store;4;728;DÉBIT CARTE;24/05/2024;4;26/05/2024;10; 388 865,13 XOF ; 762 712,50 XOF ;Burkina Faso;Afrique
4648;2289;Store;4;252;DÉBIT CARTE;24/05/2024;4;26/05/2024;10; 847 024,75 XOF ; 1 661 412,50 XOF ;Cameroun;Afrique
4649;7734;Store;4;777;VIREMENT;24/05/2024;1;26/05/2024;10; 508 179,38 XOF ; 1 105 046,25 XOF ;Burkina Faso;Afrique
4650;6005;Store;1;1530;DÉBIT CARTE;24/05/2024;4;29/05/2024;9; 1 900 514,00 XOF ; 4 132 837,50 XOF ;Belgique;Europe
4651;6005;Store;1;1334;DÉBIT CARTE;24/05/2024;4;29/05/2024;9; 4 895 372,63 XOF ; 14 775 337,50 XOF ;Burkina Faso;Afrique
4652;4150;En ligne;4;1182;DÉBIT CARTE;24/05/2024;4;28/05/2024;9; 1 741 467,75 XOF ; 5 256 212,50 XOF ;Belgique;Europe
4653;4150;Store;4;1593;DÉBIT CARTE;24/05/2024;4;28/05/2024;9; 973 374,88 XOF ; 2 116 675,00 XOF ;Belgique;Europe
4654;5624;Store;2;1637;DÉBIT CARTE;24/05/2024;4;27/05/2024;9; 961 609,00 XOF ; 1 886 087,50 XOF ;Burkina Faso;Afrique
4655;5624;Store;2;1393;DÉBIT CARTE;24/05/2024;4;27/05/2024;9; 836 441,38 XOF ; 2 524 637,50 XOF ;Cameroun;Afrique
4656;11691;Store;2;615;DÉBIT CARTE;24/05/2024;1;26/05/2024;9; 489 377,63 XOF ; 1 064 190,88 XOF ;Burkina Faso;Afrique
4657;742;Store;3;936;VIREMENT;24/05/2024;1;26/05/2024;9; 568 073,00 XOF ; 1 714 565,88 XOF ;Côte d'ivoire;Afrique
4658;742;Store;3;592;VIREMENT;24/05/2024;1;26/05/2024;8; 180 804,25 XOF ; 354 690,88 XOF ;Burkina Faso;Afrique
4659;7734;Store;2;843;VIREMENT;24/05/2024;1;26/05/2024;4; 508 179,38 XOF ; 1 105 046,25 XOF ;Belgique;Europe
4660;2164;Store;3;357;ESPÈCES;24/05/2024;1;26/05/2024;16; 81 060,38 XOF ; 159 046,25 XOF ;Belgique;Europe
4661;2164;Store;1;935;ESPÈCES;24/05/2024;1;26/05/2024;12; 1 504 140,00 XOF ; 2 950 337,50 XOF ;Belgique;Europe
4662;2164;Store;3;973;ESPÈCES;24/05/2024;1;26/05/2024;12; 1 604 356,88 XOF ; 4 842 337,50 XOF ;Cameroun;Afrique
4663;2164;Store;1;509;ESPÈCES;24/05/2024;1;26/05/2024;12; 165 845,63 XOF ; 360 603,38 XOF ;Belgique;Europe
4664;1377;Store;1;764;ESPÈCES;24/05/2024;2;28/05/2024;10; 89 692,63 XOF ; 195 053,38 XOF ;Côte d'ivoire;Afrique
4665;1377;Store;1;91;ESPÈCES;24/05/2024;2;28/05/2024;10; 1 628 657,25 XOF ; 3 541 587,50 XOF ;Belgique;Europe
4666;1377;Store;4;1426;ESPÈCES;24/05/2024;2;28/05/2024;8; 190 323,38 XOF ; 413 815,88 XOF ;Belgique;Europe
4667;2164;Store;3;17;ESPÈCES;25/05/2024;1;27/05/2024;12; 111 509,75 XOF ; 218 703,38 XOF ;Belgique;Europe
4668;9808;Store;4;772;ESPÈCES;25/05/2024;1;27/05/2024;4; 501 616,50 XOF ; 1 090 856,25 XOF ;Côte d'ivoire;Afrique
4669;4962;En ligne;4;2510;DÉBIT CARTE;25/05/2024;4;29/05/2024;100; 350 729,50 XOF ; 762 712,50 XOF ;Belgique;Europe
4670;4962;Store;3;1082;DÉBIT CARTE;25/05/2024;4;29/05/2024;54; 402 404,75 XOF ; 875 050,00 XOF ;Côte d'ivoire;Afrique
4671;4962;Store;3;1409;DÉBIT CARTE;25/05/2024;4;29/05/2024;52; 62 495,13 XOF ; 135 928,38 XOF ;Côte d'ivoire;Afrique
4672;2531;En ligne;4;1105;VIREMENT;25/05/2024;4;30/05/2024;26; 157 154,25 XOF ; 308 218,63 XOF ;Cameroun;Afrique
4673;7493;Store;2;1374;DÉBIT CARTE;25/05/2024;4;27/05/2024;20; 682 479,88 XOF ; 1 484 037,50 XOF ;Côte d'ivoire;Afrique
4674;7213;Store;4;955;DÉBIT CARTE;25/05/2024;1;27/05/2024;13; 81 060,38 XOF ; 159 046,25 XOF ;Côte d'ivoire;Afrique
4675;2531;Store;4;22;VIREMENT;25/05/2024;4;30/05/2024;12; 350 729,50 XOF ; 762 712,50 XOF ;Côte d'ivoire;Afrique
4676;2385;En ligne;4;1420;VIREMENT;25/05/2024;4;27/05/2024;12; 1 504 140,00 XOF ; 2 950 337,50 XOF ;Burkina Faso;Afrique
4677;2385;En ligne;4;1615;VIREMENT;25/05/2024;4;27/05/2024;12; 951 498,63 XOF ; 2 069 079,38 XOF ;Cameroun;Afrique
4678;7493;Store;2;1455;DÉBIT CARTE;25/05/2024;4;27/05/2024;12; 462 298,38 XOF ; 1 395 350,00 XOF ;Burkina Faso;Afrique
4679;7493;En ligne;3;480;DÉBIT CARTE;25/05/2024;4;27/05/2024;12; 429 011,00 XOF ; 1 294 837,50 XOF ;Côte d'ivoire;Afrique
4680;3272;En ligne;3;869;DÉBIT CARTE;25/05/2024;4;31/05/2024;10; 106 011,13 XOF ; 230 528,38 XOF ;Belgique;Europe
4681;5600;Store;1;959;DÉBIT CARTE;25/05/2024;4;30/05/2024;10; 2 311 078,00 XOF ; 5 025 625,00 XOF ;Belgique;Europe
4682;2142;Store;4;864;DÉBIT CARTE;25/05/2024;4;28/05/2024;10; 432 322,00 XOF ; 940 087,50 XOF ;Belgique;Europe
4683;7213;En ligne;3;704;DÉBIT CARTE;25/05/2024;1;27/05/2024;10; 50 965,75 XOF ; 99 921,25 XOF ;Belgique;Europe
4684;7213;Store;2;728;DÉBIT CARTE;25/05/2024;1;27/05/2024;10; 908 100,88 XOF ; 1 974 775,00 XOF ;Burkina Faso;Afrique
4685;3871;Store;2;1271;DÉBIT CARTE;25/05/2024;1;27/05/2024;10; 973 374,88 XOF ; 2 116 675,00 XOF ;Cameroun;Afrique
4686;3272;Store;4;1421;DÉBIT CARTE;25/05/2024;4;31/05/2024;9; 2 544 621,75 XOF ; 7 680 337,50 XOF ;Belgique;Europe
4687;2142;Store;4;1206;DÉBIT CARTE;25/05/2024;4;28/05/2024;9; 501 616,50 XOF ; 1 090 856,25 XOF ;Burkina Faso;Afrique
4688;3871;En ligne;4;1323;DÉBIT CARTE;25/05/2024;1;27/05/2024;9; 941 270,00 XOF ; 2 840 956,25 XOF ;Burkina Faso;Afrique
4689;2385;En ligne;3;953;VIREMENT;25/05/2024;4;27/05/2024;9; 535 376,88 XOF ; 1 164 171,25 XOF ;Burkina Faso;Afrique
4690;7493;En ligne;3;608;DÉBIT CARTE;25/05/2024;4;27/05/2024;9; 2 387 231,00 XOF ; 5 191 175,00 XOF ;Burkina Faso;Afrique
4691;4962;Store;4;1393;DÉBIT CARTE;25/05/2024;4;29/05/2024;8; 973 374,88 XOF ; 2 116 675,00 XOF ;Ghana;Afrique
4692;7216;En ligne;4;828;DÉBIT CARTE;25/05/2024;4;29/05/2024;8; 902 720,50 XOF ; 1 962 950,00 XOF ;Belgique;Europe
4693;7493;Store;4;1073;DÉBIT CARTE;25/05/2024;4;27/05/2024;8; 44 875,88 XOF ; 97 556,25 XOF ;Ghana;Afrique
4694;3272;En ligne;4;1188;DÉBIT CARTE;25/05/2024;4;31/05/2024;5; 331 573,00 XOF ; 650 315,88 XOF ;Ghana;Afrique
4695;4962;Store;1;1260;DÉBIT CARTE;25/05/2024;4;29/05/2024;4; 761 293,50 XOF ; 1 655 440,88 XOF ;Belgique;Europe
4696;7213;Store;1;771;DÉBIT CARTE;25/05/2024;1;27/05/2024;4; 1 702 327,00 XOF ; 5 137 962,50 XOF ;Ghana;Afrique
4697;3439;Store;3;699;ESPÈCES;25/05/2024;4;28/05/2024;20; 432 322,00 XOF ; 940 087,50 XOF ;Ghana;Afrique
4698;1525;Store;4;538;ESPÈCES;25/05/2024;2;31/05/2024;18; 599 882,25 XOF ; 1 176 587,50 XOF ;Ghana;Afrique
4699;8864;Store;2;1530;ESPÈCES;25/05/2024;4;31/05/2024;12; 875 523,00 XOF ; 1 903 825,00 XOF ;Burkina Faso;Afrique
4700;486;Store;4;65;ESPÈCES;25/05/2024;4;28/05/2024;12; 485 830,13 XOF ; 1 466 300,00 XOF ;Canada;Amérique
4701;438;Store;3;344;ESPÈCES;25/05/2024;2;30/05/2024;10; 812 968,75 XOF ; 1 767 837,50 XOF ;Ghana;Afrique
4702;438;Store;3;577;ESPÈCES;25/05/2024;2;30/05/2024;10; 501 616,50 XOF ; 1 090 856,25 XOF ;Ghana;Afrique
4703;3405;Store;4;746;ESPÈCES;25/05/2024;4;29/05/2024;10; 2 392 670,50 XOF ; 5 203 000,00 XOF ;Ghana;Afrique
4704;9808;Store;4;1595;ESPÈCES;25/05/2024;1;27/05/2024;10; 1 628 657,25 XOF ; 3 541 587,50 XOF ;Burkina Faso;Afrique
4705;438;Store;1;729;ESPÈCES;25/05/2024;2;30/05/2024;9; 961 609,00 XOF ; 1 886 087,50 XOF ;Burkina Faso;Afrique
4706;486;Store;2;1081;ESPÈCES;25/05/2024;4;28/05/2024;9; 419 018,88 XOF ; 821 837,50 XOF ;Ghana;Afrique
4707;9808;Store;1;507;ESPÈCES;25/05/2024;1;27/05/2024;9; 516 575,13 XOF ; 1 123 375,00 XOF ;Ghana;Afrique
4708;3439;Store;4;1639;ESPÈCES;25/05/2024;4;28/05/2024;8; 1 166 418,00 XOF ; 2 536 462,50 XOF ;Burkina Faso;Afrique
4709;3439;Store;1;794;ESPÈCES;25/05/2024;4;28/05/2024;6; 1 900 514,00 XOF ; 4 132 837,50 XOF ;Ghana;Afrique
4710;486;Store;4;525;ESPÈCES;25/05/2024;4;28/05/2024;6; 1 504 140,00 XOF ; 2 950 337,50 XOF ;Burkina Faso;Afrique
4711;3405;Store;1;1190;ESPÈCES;25/05/2024;4;29/05/2024;5; 728 656,50 XOF ; 1 584 550,00 XOF ;Côte d'ivoire;Afrique
4712;1525;Store;2;1420;ESPÈCES;25/05/2024;2;31/05/2024;4; 402 404,75 XOF ; 875 050,00 XOF ;Ghana;Afrique
4713;2553;Store;3;7;ESPÈCES;26/05/2024;2;01/06/2024;20; 37 780,88 XOF ; 82 124,63 XOF ;Ghana;Afrique
4714;9671;Store;3;168;ESPÈCES;26/05/2024;2;01/06/2024;10; 568 073,00 XOF ; 1 714 565,88 XOF ;Ghana;Afrique
4715;2919;Store;4;124;DÉBIT CARTE;26/05/2024;1;28/05/2024;13; 720 911,13 XOF ; 2 175 800,00 XOF ;Burkina Faso;Afrique
4716;4552;Store;2;533;DÉBIT CARTE;26/05/2024;4;31/05/2024;12; 4 495 746,75 XOF ; 13 569 187,50 XOF ;Ghana;Afrique
4717;2919;Store;1;1020;DÉBIT CARTE;26/05/2024;1;28/05/2024;12; 901 301,50 XOF ; 1 767 837,50 XOF ;Burkina Faso;Afrique
4718;4552;Store;4;1394;DÉBIT CARTE;26/05/2024;4;31/05/2024;10; 1 956 978,38 XOF ; 5 906 587,50 XOF ;Ghana;Afrique
4719;9155;Store;4;845;DÉBIT CARTE;26/05/2024;1;28/05/2024;10; 1 873 375,63 XOF ; 4 073 712,50 XOF ;Ghana;Afrique
4720;9155;En ligne;4;49;DÉBIT CARTE;26/05/2024;1;28/05/2024;10; 2 060 979,25 XOF ; 4 481 675,00 XOF ;Ghana;Afrique
4721;4552;Store;1;791;DÉBIT CARTE;26/05/2024;4;31/05/2024;9; 761 293,50 XOF ; 1 655 500,00 XOF ;Belgique;Europe
4722;9155;Store;4;167;DÉBIT CARTE;26/05/2024;1;28/05/2024;6; 419 018,88 XOF ; 821 837,50 XOF ;Ghana;Afrique
4723;10471;Store;1;1298;ESPÈCES;26/05/2024;4;29/05/2024;13; 1 593 300,50 XOF ; 3 464 725,00 XOF ;Côte d'ivoire;Afrique
4724;10471;Store;2;1462;ESPÈCES;26/05/2024;4;29/05/2024;13; 328 557,63 XOF ; 644 462,50 XOF ;Ghana;Afrique
4725;6036;Store;2;737;ESPÈCES;26/05/2024;4;28/05/2024;13; 459 519,50 XOF ; 999 212,50 XOF ;Belgique;Europe
4726;10471;Store;3;1590;ESPÈCES;26/05/2024;4;29/05/2024;12; 405 124,50 XOF ; 880 962,50 XOF ;Ghana;Afrique
4727;9596;Store;3;246;ESPÈCES;26/05/2024;2;28/05/2024;10; 509 302,75 XOF ; 1 537 190,88 XOF ;Ghana;Afrique
4728;2553;Store;3;1629;ESPÈCES;26/05/2024;2;01/06/2024;6; 1 741 467,75 XOF ; 5 256 212,50 XOF ;Ghana;Afrique
4729;1525;Store;4;9;ESPÈCES;26/05/2024;2;01/06/2024;5; 951 498,63 XOF ; 2 069 079,38 XOF ;Belgique;Europe
4730;2553;Store;3;809;ESPÈCES;26/05/2024;2;01/06/2024;5; 60 248,38 XOF ; 118 190,88 XOF ;Ghana;Afrique
4731;10471;Store;3;132;ESPÈCES;26/05/2024;4;29/05/2024;4; 951 498,63 XOF ; 2 069 079,38 XOF ;Ghana;Afrique
4732;8043;Store;3;163;ESPÈCES;27/05/2024;4;30/05/2024;27; 84 194,00 XOF ; 254 178,38 XOF ;Ghana;Afrique
4733;2553;Store;4;1268;ESPÈCES;27/05/2024;2;02/06/2024;4; 328 971,50 XOF ; 715 412,50 XOF ;Ghana;Afrique
4734;8303;Store;4;2509;VIREMENT;27/05/2024;4;31/05/2024;480; 486 717,00 XOF ; 1 058 337,50 XOF ;Burkina Faso;Afrique
4735;8303;En ligne;4;824;VIREMENT;27/05/2024;4;31/05/2024;48; 3 134 275,38 XOF ; 9 460 000,00 XOF ;Ghana;Afrique
4736;2918;En ligne;4;453;DÉBIT CARTE;27/05/2024;2;29/05/2024;24; 67 993,75 XOF ; 147 812,50 XOF ;Burkina Faso;Afrique
4737;8303;En ligne;3;1633;VIREMENT;27/05/2024;4;31/05/2024;18; 3 119 021,13 XOF ; 9 413 882,50 XOF ;Ghana;Afrique
4738;5578;Store;3;434;DÉBIT CARTE;27/05/2024;4;31/05/2024;18; 538 333,13 XOF ; 1 170 675,00 XOF ;Ghana;Afrique
4739;10216;En ligne;4;1195;DÉBIT CARTE;27/05/2024;4;01/06/2024;13; 1 935 397,75 XOF ; 5 841 550,00 XOF ;Ghana;Afrique
4740;10216;Store;4;815;DÉBIT CARTE;27/05/2024;4;01/06/2024;13; 459 519,50 XOF ; 999 212,50 XOF ;Côte d'ivoire;Afrique
4741;5578;Store;1;273;DÉBIT CARTE;27/05/2024;4;31/05/2024;13; 208 001,75 XOF ; 407 962,50 XOF ;Burkina Faso;Afrique
4742;5578;Store;4;1381;DÉBIT CARTE;27/05/2024;4;31/05/2024;13; 796 650,25 XOF ; 1 732 362,50 XOF ;Ghana;Afrique
4743;2918;En ligne;4;1477;DÉBIT CARTE;27/05/2024;2;29/05/2024;12; 1 900 514,00 XOF ; 4 132 837,50 XOF ;Burkina Faso;Afrique
4744;2918;Store;4;1628;DÉBIT CARTE;27/05/2024;2;29/05/2024;8; 785 771,25 XOF ; 1 708 712,50 XOF ;Ghana;Afrique
4745;8303;En ligne;4;1640;VIREMENT;27/05/2024;4;31/05/2024;6; 434 982,63 XOF ; 945 940,88 XOF ;Côte d'ivoire;Afrique
4746;2654;Store;1;931;DÉBIT CARTE;27/05/2024;4;02/06/2024;5; 1 547 064,75 XOF ; 3 364 212,50 XOF ;Ghana;Afrique
4747;2918;Store;4;1167;DÉBIT CARTE;27/05/2024;2;29/05/2024;5; 815 688,50 XOF ; 1 773 750,00 XOF ;Ghana;Afrique
4748;5578;Store;1;562;DÉBIT CARTE;27/05/2024;4;31/05/2024;4; 1 235 889,88 XOF ; 2 424 125,00 XOF ;Canada;Amérique
4749;8043;Store;4;2506;ESPÈCES;27/05/2024;4;30/05/2024;120; 34 410,75 XOF ; 74 852,25 XOF ;Ghana;Afrique
4750;8043;Store;2;255;ESPÈCES;27/05/2024;4;30/05/2024;12; 796 650,25 XOF ; 1 732 362,50 XOF ;Ghana;Afrique
4751;8043;Store;2;873;ESPÈCES;27/05/2024;4;30/05/2024;6; 150 709,63 XOF ; 295 625,00 XOF ;Ghana;Afrique
4752;5162;Store;4;442;ESPÈCES;28/05/2024;4;03/06/2024;36; 157 390,75 XOF ; 342 215,50 XOF ;Burkina Faso;Afrique
4753;4366;Store;4;986;ESPÈCES;28/05/2024;4;31/05/2024;4; 701 518,13 XOF ; 1 525 425,00 XOF ;Belgique;Europe
4754;7280;Store;4;1256;ESPÈCES;28/05/2024;4;30/05/2024;4; 30 094,63 XOF ; 59 065,88 XOF ;Ghana;Afrique
4755;10043;Store;3;2510;DÉBIT CARTE;28/05/2024;4;01/06/2024;360; 622 645,38 XOF ; 1 353 962,50 XOF ;Ghana;Afrique
4756;2654;En ligne;4;1562;DÉBIT CARTE;28/05/2024;4;03/06/2024;50; 238 155,50 XOF ; 467 087,50 XOF ;Belgique;Europe
4757;11826;Store;4;94;DÉBIT CARTE;28/05/2024;4;03/06/2024;20; 1 628 657,25 XOF ; 3 541 587,50 XOF ;Ghana;Afrique
4758;11589;En ligne;4;403;DÉBIT CARTE;28/05/2024;0;28/05/2024;20; 350 729,50 XOF ; 762 712,50 XOF ;Burkina Faso;Afrique
4759;1161;Store;3;1490;DÉBIT CARTE;28/05/2024;4;02/06/2024;18; 585 692,25 XOF ; 1 767 837,50 XOF ;Burkina Faso;Afrique
4760;6764;En ligne;3;1216;DÉBIT CARTE;28/05/2024;4;30/05/2024;18; 350 729,50 XOF ; 762 712,50 XOF ;Burkina Faso;Afrique
4761;899;En ligne;4;1323;DÉBIT CARTE;28/05/2024;4;02/06/2024;16; 328 557,63 XOF ; 644 462,50 XOF ;Belgique;Europe
4762;630;En ligne;4;1286;VIREMENT;28/05/2024;4;30/05/2024;16; 4 895 372,63 XOF ; 14 775 337,50 XOF ;Ghana;Afrique
4763;2284;Store;1;780;VIREMENT;28/05/2024;4;01/06/2024;13; 1 900 514,00 XOF ; 4 132 837,50 XOF ;Ghana;Afrique
4764;1636;Store;1;956;DÉBIT CARTE;28/05/2024;4;30/05/2024;13; 690 284,38 XOF ; 1 353 962,50 XOF ;Cameroun;Afrique
4765;6764;Store;3;827;DÉBIT CARTE;28/05/2024;4;30/05/2024;13; 429 011,00 XOF ; 1 294 837,50 XOF ;Cameroun;Afrique
4766;630;En ligne;3;712;VIREMENT;28/05/2024;4;30/05/2024;13; 47 004,38 XOF ; 92 235,00 XOF ;Cameroun;Afrique
4767;11826;En ligne;4;1632;DÉBIT CARTE;28/05/2024;4;03/06/2024;12; 982 657,50 XOF ; 1 927 475,00 XOF ;Cameroun;Afrique
4768;11826;En ligne;4;794;DÉBIT CARTE;28/05/2024;4;03/06/2024;12; 298 936,00 XOF ; 650 079,38 XOF ;Cameroun;Afrique
4769;2284;Store;1;442;VIREMENT;28/05/2024;4;01/06/2024;12; 97 911,00 XOF ; 295 565,88 XOF ;Etats-Unis;Amérique
4770;630;Store;2;346;VIREMENT;28/05/2024;4;30/05/2024;12; 902 720,50 XOF ; 1 962 950,00 XOF ;Etats-Unis;Amérique
4771;2654;Store;3;1174;DÉBIT CARTE;28/05/2024;4;03/06/2024;10; 842 886,00 XOF ; 1 832 875,00 XOF ;Cameroun;Afrique
4772;2654;Store;3;1380;DÉBIT CARTE;28/05/2024;4;03/06/2024;10; 941 270,00 XOF ; 2 840 956,25 XOF ;Ghana;Afrique
4773;10043;Store;2;543;DÉBIT CARTE;28/05/2024;4;01/06/2024;10; 508 179,38 XOF ; 1 105 046,25 XOF ;Etats-Unis;Amérique
4774;630;Store;3;137;VIREMENT;28/05/2024;4;30/05/2024;10; 731 376,25 XOF ; 1 590 462,50 XOF ;Cameroun;Afrique
4775;2284;Store;3;349;VIREMENT;28/05/2024;4;01/06/2024;9; 837 446,50 XOF ; 1 821 050,00 XOF ;Cameroun;Afrique
4776;6764;Store;2;307;DÉBIT CARTE;28/05/2024;4;30/05/2024;9; 2 278 500,13 XOF ; 4 954 675,00 XOF ;Sénégal;Afrique
4777;630;Store;1;528;VIREMENT;28/05/2024;4;30/05/2024;9; 214 801,13 XOF ; 467 087,50 XOF ;Cameroun;Afrique
4778;1636;Store;4;1612;DÉBIT CARTE;28/05/2024;4;30/05/2024;8; 1 504 140,00 XOF ; 2 950 337,50 XOF ;Cameroun;Afrique
4779;6764;En ligne;4;1041;DÉBIT CARTE;28/05/2024;4;30/05/2024;8; 1 438 333,88 XOF ; 3 127 712,50 XOF ;Cameroun;Afrique
4780;1636;Store;2;1584;DÉBIT CARTE;28/05/2024;4;30/05/2024;6; 434 982,63 XOF ; 945 940,88 XOF ;Etats-Unis;Amérique
4781;2654;Store;1;473;DÉBIT CARTE;28/05/2024;4;03/06/2024;5; 1 228 262,75 XOF ; 3 707 137,50 XOF ;Cameroun;Afrique
4782;1636;Store;2;665;DÉBIT CARTE;28/05/2024;4;30/05/2024;5; 419 018,88 XOF ; 821 837,50 XOF ;Cameroun;Afrique
4783;6764;Store;4;7;DÉBIT CARTE;28/05/2024;4;30/05/2024;5; 388 865,13 XOF ; 762 712,50 XOF ;Canada;Amérique
4784;406;Store;4;374;ESPÈCES;28/05/2024;4;01/06/2024;13; 435 041,75 XOF ; 946 000,00 XOF ;Cameroun;Afrique
4785;10052;Store;2;1105;ESPÈCES;28/05/2024;4;31/05/2024;12; 815 688,50 XOF ; 1 773 750,00 XOF ;Cameroun;Afrique
4786;406;Store;2;1384;ESPÈCES;28/05/2024;4;01/06/2024;10; 129 010,75 XOF ; 280 489,00 XOF ;Cameroun;Afrique
4787;5162;Store;4;1385;ESPÈCES;28/05/2024;4;03/06/2024;9; 509 302,75 XOF ; 1 537 190,88 XOF ;Cameroun;Afrique
4788;11725;Store;3;1638;ESPÈCES;28/05/2024;4;02/06/2024;8; 1 504 140,00 XOF ; 2 950 337,50 XOF ;Cameroun;Afrique
4789;406;Store;4;1203;ESPÈCES;28/05/2024;4;01/06/2024;8; 429 011,00 XOF ; 1 294 837,50 XOF ;Sénégal;Afrique
4790;406;Store;2;1613;ESPÈCES;28/05/2024;4;01/06/2024;5; 2 544 621,75 XOF ; 7 680 337,50 XOF ;Cameroun;Afrique
4791;9746;Store;3;13;ESPÈCES;29/05/2024;4;31/05/2024;26; 1 153 824,38 XOF ; 3 482 462,50 XOF ;Cameroun;Afrique
4792;9746;Store;4;1014;ESPÈCES;29/05/2024;4;31/05/2024;4; 973 374,88 XOF ; 2 116 675,00 XOF ;Cameroun;Afrique
4793;5308;Store;3;315;DÉBIT CARTE;29/05/2024;4;04/06/2024;26; 512 495,50 XOF ; 1 114 506,25 XOF ;Sénégal;Afrique
4794;8674;Store;2;790;DÉBIT CARTE;29/05/2024;4;03/06/2024;26; 682 479,88 XOF ; 1 484 037,50 XOF ;France;Europe
4795;7271;Store;4;499;VIREMENT;29/05/2024;4;02/06/2024;26; 586 165,25 XOF ; 1 769 197,38 XOF ;France;Europe
4796;1290;Store;2;119;VIREMENT;29/05/2024;1;31/05/2024;24; 1 151 873,25 XOF ; 3 476 550,00 XOF ;Côte d'ivoire;Afrique
4797;1290;Store;3;261;VIREMENT;29/05/2024;1;31/05/2024;20; 75 857,38 XOF ; 164 958,75 XOF ;Cameroun;Afrique
4798;1325;Store;3;1254;DÉBIT CARTE;29/05/2024;4;01/06/2024;13; 452 010,63 XOF ; 886 579,38 XOF ;Cameroun;Afrique
4799;4047;En ligne;4;817;DÉBIT CARTE;29/05/2024;4;04/06/2024;10; 894 561,25 XOF ; 1 945 212,50 XOF ;Sénégal;Afrique
4800;4047;Store;1;729;DÉBIT CARTE;29/05/2024;4;04/06/2024;10; 1 065 550,75 XOF ; 2 317 108,75 XOF ;Ghana;Afrique
4801;8674;En ligne;4;1198;DÉBIT CARTE;29/05/2024;4;03/06/2024;10; 941 270,00 XOF ; 2 840 956,25 XOF ;Etats-Unis;Amérique
4802;7271;Store;2;715;VIREMENT;29/05/2024;4;02/06/2024;10; 3 173 475,25 XOF ; 9 578 250,00 XOF ;Etats-Unis;Amérique
4803;7271;Store;3;737;VIREMENT;29/05/2024;4;02/06/2024;10; 941 270,00 XOF ; 2 840 956,25 XOF ;Ghana;Afrique
4804;3059;En ligne;3;270;VIREMENT;29/05/2024;4;02/06/2024;10; 1 721 069,63 XOF ; 3 742 612,50 XOF ;Etats-Unis;Amérique
4805;52;Store;4;536;DÉBIT CARTE;29/05/2024;1;31/05/2024;10; 1 112 673,38 XOF ; 3 358 300,00 XOF ;Ghana;Afrique
4806;52;Store;4;346;DÉBIT CARTE;29/05/2024;1;31/05/2024;10; 1 084 884,63 XOF ; 2 359 087,50 XOF ;Etats-Unis;Amérique
4807;1290;Store;4;1553;VIREMENT;29/05/2024;1;31/05/2024;10; 54 217,63 XOF ; 117 954,38 XOF ;Ghana;Afrique
4808;1290;Store;4;802;VIREMENT;29/05/2024;1;31/05/2024;10; 452 483,63 XOF ; 1 365 787,50 XOF ;Cameroun;Afrique
4809;7271;En ligne;4;1411;VIREMENT;29/05/2024;4;02/06/2024;9; 512 495,50 XOF ; 1 114 506,25 XOF ;Cameroun;Afrique
4810;4047;Store;3;128;DÉBIT CARTE;29/05/2024;4;04/06/2024;6; 991 703,63 XOF ; 1 945 212,50 XOF ;Cameroun;Afrique
4811;7271;Store;3;1343;VIREMENT;29/05/2024;4;02/06/2024;6; 1 504 140,00 XOF ; 2 950 337,50 XOF ;Etats-Unis;Amérique
4812;3059;En ligne;4;915;VIREMENT;29/05/2024;4;02/06/2024;6; 991 703,63 XOF ; 1 945 212,50 XOF ;Sénégal;Afrique
4813;4047;Store;4;777;DÉBIT CARTE;29/05/2024;4;04/06/2024;5; 446 630,25 XOF ; 1 348 050,00 XOF ;France;Europe
4814;8674;Store;1;890;DÉBIT CARTE;29/05/2024;4;03/06/2024;5; 512 436,38 XOF ; 1 005 065,88 XOF ;France;Europe
4815;52;En ligne;4;1629;DÉBIT CARTE;29/05/2024;1;31/05/2024;4; 82 302,00 XOF ; 248 325,00 XOF ;Côte d'ivoire;Afrique
4816;1666;Store;3;2489;ESPÈCES;29/05/2024;4;02/06/2024;80; 568 073,00 XOF ; 1 714 625,00 XOF ;Sénégal;Afrique
4817;2088;Store;1;1648;ESPÈCES;29/05/2024;4;31/05/2024;20; 432 322,00 XOF ; 940 087,50 XOF ;Ghana;Afrique
4818;7432;Store;2;452;ESPÈCES;29/05/2024;1;31/05/2024;18; 34 410,75 XOF ; 74 852,25 XOF ;Etats-Unis;Amérique
4819;9746;Store;2;1226;ESPÈCES;29/05/2024;4;31/05/2024;13; 2 301 499,75 XOF ; 4 514 252,88 XOF ;Etats-Unis;Amérique
4820;1666;Store;2;349;ESPÈCES;29/05/2024;4;02/06/2024;12; 1 511 708,00 XOF ; 3 287 350,00 XOF ;Ghana;Afrique
4821;2088;Store;3;924;ESPÈCES;29/05/2024;4;31/05/2024;12; 1 166 418,00 XOF ; 2 536 462,50 XOF ;Etats-Unis;Amérique
4822;7432;Store;3;587;ESPÈCES;29/05/2024;1;31/05/2024;12; 1 166 418,00 XOF ; 2 536 462,50 XOF ;Canada;Amérique
4823;2088;Store;4;952;ESPÈCES;29/05/2024;4;31/05/2024;10; 973 374,88 XOF ; 2 116 675,00 XOF ;Canada;Amérique
4824;9746;Store;2;1323;ESPÈCES;29/05/2024;4;31/05/2024;10; 1 956 978,38 XOF ; 5 906 587,50 XOF ;Ghana;Afrique
4825;7432;Store;1;1569;ESPÈCES;29/05/2024;1;31/05/2024;10; 73 374,13 XOF ; 159 578,38 XOF ;Canada;Amérique
4826;1666;Store;2;1591;ESPÈCES;29/05/2024;4;02/06/2024;9; 1 228 262,75 XOF ; 3 707 137,50 XOF ;Etats-Unis;Amérique
4827;7432;Store;4;353;ESPÈCES;29/05/2024;1;31/05/2024;9; 696 078,63 XOF ; 1 513 600,00 XOF ;Côte d'ivoire;Afrique
4828;7432;Store;4;1633;ESPÈCES;29/05/2024;1;31/05/2024;9; 728 656,50 XOF ; 1 584 550,00 XOF ;Cameroun;Afrique
4829;3120;Store;4;1310;ESPÈCES;30/05/2024;4;02/06/2024;10; 1 403 036,25 XOF ; 3 050 850,00 XOF ;Canada;Amérique
4830;7211;Store;1;811;VIREMENT;30/05/2024;0;31/05/2024;24; 4 404 717,90 XOF ; 9 578 250,00 XOF ;Ghana;Afrique
4831;12106;Store;1;1066;VIREMENT;30/05/2024;4;04/06/2024;18; 1 153 824,38 XOF ; 3 482 462,50 XOF ;Canada;Amérique
4832;12373;Store;3;954;VIREMENT;30/05/2024;2;02/06/2024;13; 1 751 046,00 XOF ; 3 807 650,00 XOF ;Canada;Amérique
4833;12106;En ligne;4;1099;VIREMENT;30/05/2024;4;04/06/2024;12; 2 321 247,50 XOF ; 7 006 135,13 XOF ;Ghana;Afrique
4834;4352;Store;3;864;DÉBIT CARTE;30/05/2024;4;04/06/2024;12; 875 523,00 XOF ; 1 903 825,00 XOF ;Cameroun;Afrique
4835;3059;En ligne;3;263;VIREMENT;30/05/2024;4;03/06/2024;12; 214 801,13 XOF ; 467 087,50 XOF ;Cameroun;Afrique
4836;12373;En ligne;4;1330;VIREMENT;30/05/2024;2;02/06/2024;12; 709 641,90 XOF ; 1 543 162,50 XOF ;Canada;Amérique
4837;12106;Store;3;317;VIREMENT;30/05/2024;4;04/06/2024;10; 63 204,63 XOF ; 123 926,00 XOF ;Ghana;Afrique
4838;4352;Store;1;990;DÉBIT CARTE;30/05/2024;4;04/06/2024;10; 508 179,38 XOF ; 1 105 046,25 XOF ;Cameroun;Afrique
4839;12373;En ligne;4;1371;VIREMENT;30/05/2024;2;02/06/2024;10; 473 626,73 XOF ; 1 029 957,50 XOF ;Etats-Unis;Amérique
4840;7211;En ligne;4;466;VIREMENT;30/05/2024;0;31/05/2024;10; 583 297,69 XOF ; 1 144 068,75 XOF ;Etats-Unis;Amérique
4841;8759;Store;3;636;DÉBIT CARTE;30/05/2024;0;31/05/2024;10; 942 925,50 XOF ; 2 050 455,00 XOF ;Ghana;Afrique
4842;12076;Store;1;959;DÉBIT CARTE;30/05/2024;4;05/06/2024;9; 269 196,13 XOF ; 585 337,50 XOF ;Cameroun;Afrique
4843;4352;Store;3;1140;DÉBIT CARTE;30/05/2024;4;04/06/2024;9; 586 165,25 XOF ; 1 769 197,38 XOF ;Canada;Amérique
4844;3059;En ligne;4;1012;VIREMENT;30/05/2024;4;03/06/2024;9; 364 328,25 XOF ; 792 275,00 XOF ;Etats-Unis;Amérique
4845;8759;Store;4;675;DÉBIT CARTE;30/05/2024;0;31/05/2024;9; 1 223 515,01 XOF ; 2 660 571,79 XOF ;Gabon;Afrique
4846;8759;Store;1;544;DÉBIT CARTE;30/05/2024;0;31/05/2024;9; 2 596 344,30 XOF ; 5 092 436,25 XOF ;Etats-Unis;Amérique
4847;12106;Store;4;580;VIREMENT;30/05/2024;4;04/06/2024;8; 254 474,00 XOF ; 768 033,75 XOF ;Canada;Amérique
4848;7211;Store;4;1456;VIREMENT;30/05/2024;0;31/05/2024;8; 1 628 941,05 XOF ; 4 916 835,00 XOF ;Etats-Unis;Amérique
4849;4352;Store;3;1458;DÉBIT CARTE;30/05/2024;4;04/06/2024;5; 854 474,50 XOF ; 2 579 032,50 XOF ;Etats-Unis;Amérique
4850;12373;Store;2;1249;VIREMENT;30/05/2024;2;02/06/2024;4; 56 298,83 XOF ; 122 388,75 XOF ;Gabon;Afrique
4851;7211;Store;4;960;VIREMENT;30/05/2024;0;31/05/2024;4; 163 941,80 XOF ; 321 545,40 XOF ;Etats-Unis;Amérique
4852;3726;Store;4;697;ESPÈCES;30/05/2024;2;04/06/2024;26; 1 741 467,75 XOF ; 5 256 212,50 XOF ;Ghana;Afrique
4853;3726;Store;1;233;ESPÈCES;30/05/2024;2;04/06/2024;13; 837 446,50 XOF ; 1 821 050,00 XOF ;Cameroun;Afrique
4854;3726;Store;1;724;ESPÈCES;30/05/2024;2;04/06/2024;13; 524 970,88 XOF ; 1 584 550,00 XOF ;Canada;Amérique
4855;1289;Store;1;1015;ESPÈCES;30/05/2024;4;03/06/2024;13; 78 163,25 XOF ; 235 908,75 XOF ;Etats-Unis;Amérique
4856;1289;Store;4;714;ESPÈCES;30/05/2024;4;03/06/2024;13; 2 414 428,50 XOF ; 5 250 300,00 XOF ;Gabon;Afrique
4857;3726;Store;3;754;ESPÈCES;30/05/2024;2;04/06/2024;12; 565 530,63 XOF ; 1 229 800,00 XOF ;Etats-Unis;Amérique
4858;2444;Store;3;857;ESPÈCES;30/05/2024;4;01/06/2024;12; 692 761,71 XOF ; 1 506 505,00 XOF ;Cameroun;Afrique
4859;2444;Store;2;666;ESPÈCES;30/05/2024;4;01/06/2024;10; 68 395,80 XOF ; 134 237,40 XOF ;Ghana;Afrique
4860;2444;Store;4;1181;ESPÈCES;30/05/2024;4;01/06/2024;10; 587 584,25 XOF ; 1 773 631,75 XOF ;Canada;Amérique
4861;1289;Store;1;673;ESPÈCES;30/05/2024;4;03/06/2024;9; 39 199,88 XOF ; 76 862,50 XOF ;Cameroun;Afrique
4862;1289;Store;3;969;ESPÈCES;30/05/2024;4;03/06/2024;9; 388 865,13 XOF ; 762 712,50 XOF ;Etats-Unis;Amérique
4863;2444;Store;1;777;ESPÈCES;30/05/2024;4;01/06/2024;9; 830 115,00 XOF ; 1 628 302,50 XOF ;Cameroun;Afrique
4864;2444;Store;3;267;ESPÈCES;30/05/2024;4;01/06/2024;9; 427 662,95 XOF ; 930 036,25 XOF ;Etats-Unis;Amérique
4865;3120;Store;2;1382;ESPÈCES;30/05/2024;4;02/06/2024;6; 653 343,08 XOF ; 1 420 773,75 XOF ;Gabon;Afrique
4866;3726;Store;3;127;ESPÈCES;31/05/2024;2;05/06/2024;18; 70 932,26 XOF ; 154 263,04 XOF ;Etats-Unis;Amérique
4867;8987;Store;4;51;ESPÈCES;31/05/2024;4;04/06/2024;18; 179 042,33 XOF ; 351 202,50 XOF ;Ghana;Afrique
4868;8987;Store;4;78;ESPÈCES;31/05/2024;4;04/06/2024;8; 655 790,85 XOF ; 1 426 095,00 XOF ;Etats-Unis;Amérique
4869;4588;Store;4;421;VIREMENT;31/05/2024;4;06/06/2024;26; 442 515,15 XOF ; 1 335 633,75 XOF ;Côte d'ivoire;Afrique
4870;4588;En ligne;3;209;VIREMENT;31/05/2024;4;06/06/2024;24; 68 821,50 XOF ; 149 704,50 XOF ;Cameroun;Afrique
4871;10149;En ligne;4;59;DÉBIT CARTE;31/05/2024;4;06/06/2024;20; 1 136 146,00 XOF ; 3 429 131,75 XOF ;Canada;Amérique
4872;11731;Store;3;1505;VIREMENT;31/05/2024;4;03/06/2024;20; 3 611 851,65 XOF ; 7 854 165,00 XOF ;Ghana;Afrique
4873;4588;En ligne;4;232;VIREMENT;31/05/2024;4;06/06/2024;18; 758 597,40 XOF ; 1 649 587,50 XOF ;Côte d'ivoire;Afrique
4874;2198;Store;3;509;DÉBIT CARTE;31/05/2024;4;04/06/2024;18; 253 202,81 XOF ; 496 650,00 XOF ;Côte d'ivoire;Afrique
4875;2198;En ligne;4;810;DÉBIT CARTE;31/05/2024;4;04/06/2024;12; 1 070 209,80 XOF ; 2 327 160,00 XOF ;Canada;Amérique
4876;7805;Store;3;1485;DÉBIT CARTE;31/05/2024;4;02/06/2024;10; 911 896,70 XOF ; 1 983 052,50 XOF ;Côte d'ivoire;Afrique
4877;10635;Store;3;550;DÉBIT CARTE;31/05/2024;4;02/06/2024;10; 3 182 533,20 XOF ; 6 242 181,00 XOF ;Côte d'ivoire;Afrique
4878;10635;Store;3;1328;DÉBIT CARTE;31/05/2024;4;02/06/2024;10; 393 063,00 XOF ; 770 990,00 XOF ;Etats-Unis;Amérique
4879;4588;En ligne;4;361;VIREMENT;31/05/2024;4;06/06/2024;9; 74 994,15 XOF ; 163 114,05 XOF ;Côte d'ivoire;Afrique
4880;2272;Store;2;184;DÉBIT CARTE;31/05/2024;1;02/06/2024;9; 4 722 786,75 XOF ; 10 270 012,50 XOF ;Côte d'ivoire;Afrique
4881;8338;En ligne;4;1588;DÉBIT CARTE;31/05/2024;1;02/06/2024;9; 1 577 218,50 XOF ; 3 089 872,50 XOF ;Côte d'ivoire;Afrique
4882;8338;Store;3;755;DÉBIT CARTE;31/05/2024;1;02/06/2024;9; 663 146,00 XOF ; 1 300 631,75 XOF ;France;Europe
4883;7805;Store;3;594;DÉBIT CARTE;31/05/2024;4;02/06/2024;9; 154 877,94 XOF ; 336 734,61 XOF ;Côte d'ivoire;Afrique
4884;10635;Store;1;1533;DÉBIT CARTE;31/05/2024;4;02/06/2024;9; 8 319 880,80 XOF ; 18 092 250,00 XOF ;Côte d'ivoire;Afrique
4885;11731;Store;3;1148;VIREMENT;31/05/2024;4;03/06/2024;8; 601 939,80 XOF ; 1 309 027,50 XOF ;Côte d'ivoire;Afrique
4886;2272;En ligne;4;782;DÉBIT CARTE;31/05/2024;1;02/06/2024;8; 5 394 896,10 XOF ; 16 283 025,00 XOF ;Côte d'ivoire;Afrique
4887;8338;Store;3;1151;DÉBIT CARTE;31/05/2024;1;02/06/2024;8; 107 702,10 XOF ; 234 135,00 XOF ;Côte d'ivoire;Afrique
4888;2198;Store;1;907;DÉBIT CARTE;31/05/2024;4;04/06/2024;5; 807 446,48 XOF ; 2 437 132,50 XOF ;Côte d'ivoire;Afrique
4889;11731;Store;3;311;VIREMENT;31/05/2024;4;03/06/2024;5; 77 784,85 XOF ; 169 097,50 XOF ;Côte d'ivoire;Afrique
4890;11731;Store;2;1470;VIREMENT;31/05/2024;4;03/06/2024;4; 587 678,85 XOF ; 1 773 679,05 XOF ;Côte d'ivoire;Afrique
4891;7784;Store;2;1381;ESPÈCES;31/05/2024;4;03/06/2024;13; 5 131 387,80 XOF ; 11 158 661,25 XOF ;Côte d'ivoire;Afrique
4892;5359;Store;4;1410;ESPÈCES;31/05/2024;4;05/06/2024;12; 7 522 260,90 XOF ; 22 704 000,00 XOF ;Côte d'ivoire;Afrique
4893;5359;Store;2;1464;ESPÈCES;31/05/2024;4;05/06/2024;10; 182 838,15 XOF ; 358 652,25 XOF ;Côte d'ivoire;Afrique
4894;7784;Store;1;727;ESPÈCES;31/05/2024;4;03/06/2024;10; 187 485,38 XOF ; 407 785,13 XOF ;Côte d'ivoire;Afrique
4895;4744;Store;1;724;ESPÈCES;31/05/2024;1;02/06/2024;10; 205 613,10 XOF ; 446 985,00 XOF ;Côte d'ivoire;Afrique
4896;8987;Store;2;1525;ESPÈCES;31/05/2024;4;04/06/2024;9; 1 335 208,05 XOF ; 4 029 960,00 XOF ;Côte d'ivoire;Afrique
4897;5359;Store;3;371;ESPÈCES;31/05/2024;4;05/06/2024;8; 266 405,43 XOF ; 522 511,28 XOF ;Côte d'ivoire;Afrique
