Id Commande;Id Client;Canal;Id Store;Id Produit;Type de paiement;Date de commande;Nb_Jours de livraison programmé;Date de livraison;Quantité;Total Cout d'acquisition;Montant Vente;Pays;Continent
2906;6982;Store;3;1067;DÉBIT CARTE;01/04/2024;4;06/04/2024;12; 1 223 515,01 XOF ; 2 660 625,00 XOF ;Belgique;Europe
2899;3093;Store;3;1373;DÉBIT CARTE;01/04/2024;4;07/04/2024;26; 457 361,44 XOF ; 994 541,63 XOF ;Burkina Faso;Afrique
2900;11887;Store;4;677;DÉBIT CARTE;01/04/2024;2;03/04/2024;20; 2 290 159,58 XOF ; 6 912 303,75 XOF ;Burkina Faso;Afrique
2903;6982;Store;3;1017;DÉBIT CARTE;01/04/2024;4;06/04/2024;13; 35 120,25 XOF ; 68 910,19 XOF ;Burkina Faso;Afrique
2897;4402;En ligne;3;436;VIREMENT;01/04/2024;4;05/04/2024;39; 621 255,94 XOF ; 1 218 566,25 XOF ;Cameroun;Afrique
2898;5800;Store;3;387;DÉBIT CARTE;01/04/2024;1;03/04/2024;30; 865 448,10 XOF ; 1 697 478,75 XOF ;Cameroun;Afrique
2905;3093;Store;1;1092;DÉBIT CARTE;01/04/2024;4;07/04/2024;12; 99 241,31 XOF ; 215 776,69 XOF ;Cameroun;Afrique
2907;6982;Store;4;87;DÉBIT CARTE;01/04/2024;4;06/04/2024;12; 139 469,96 XOF ; 303 258,04 XOF ;Cameroun;Afrique
2912;4402;Store;1;1224;VIREMENT;01/04/2024;4;05/04/2024;10; 458 372,48 XOF ; 1 383 471,79 XOF ;Cameroun;Afrique
2913;2164;Store;1;956;DÉBIT CARTE;01/04/2024;4;04/04/2024;10; 2 444 582,25 XOF ; 5 315 928,75 XOF ;Cameroun;Afrique
2914;5800;Store;3;122;DÉBIT CARTE;01/04/2024;1;03/04/2024;10; 701 713,24 XOF ; 2 117 857,50 XOF ;Cameroun;Afrique
2916;8986;Store;3;170;VIREMENT;01/04/2024;1;03/04/2024;10; 479 604,26 XOF ; 1 042 965,00 XOF ;Cameroun;Afrique
2910;11887;Store;3;398;DÉBIT CARTE;01/04/2024;2;03/04/2024;12; 655 790,85 XOF ; 1 426 095,00 XOF ;Côte d'ivoire;Afrique
2908;2164;Store;4;664;DÉBIT CARTE;01/04/2024;4;04/04/2024;12; 107 223,19 XOF ; 233 123,96 XOF ;France;Europe
2909;5800;Store;2;496;DÉBIT CARTE;01/04/2024;1;03/04/2024;12; 716 985,23 XOF ; 1 559 126,25 XOF ;France;Europe
2915;5800;Store;3;1307;DÉBIT CARTE;01/04/2024;1;03/04/2024;10; 1 385 014,95 XOF ; 3 011 827,50 XOF ;France;Europe
2919;3093;Store;2;1033;DÉBIT CARTE;01/04/2024;4;07/04/2024;9; 1 561 201,54 XOF ; 3 394 957,50 XOF ;France;Europe
2927;879;Store;3;976;ESPÈCES;01/04/2024;4;03/04/2024;9; 743 910,75 XOF ; 1 617 660,00 XOF ;France;Europe
2896;7009;Store;4;1252;ESPÈCES;01/04/2024;1;03/04/2024;8; 1 392 358,28 XOF ; 3 027 791,25 XOF ;Gabon;Afrique
2901;4402;Store;2;429;VIREMENT;01/04/2024;4;05/04/2024;18; 1 710 462,60 XOF ; 3 719 553,75 XOF ;Gabon;Afrique
2902;4402;Store;1;469;VIREMENT;01/04/2024;4;05/04/2024;18; 729 224,10 XOF ; 1 585 732,50 XOF ;Gabon;Afrique
2911;9371;Store;1;1104;DÉBIT CARTE;01/04/2024;4;07/04/2024;10; 562 828,61 XOF ; 1 223 887,50 XOF ;Gabon;Afrique
2917;8986;En ligne;4;955;VIREMENT;01/04/2024;1;03/04/2024;10; 461 245,95 XOF ; 1 003 055,63 XOF ;Gabon;Afrique
2923;5800;En ligne;4;751;DÉBIT CARTE;01/04/2024;1;03/04/2024;6; 838 309,73 XOF ; 1 644 266,25 XOF ;Gabon;Afrique
2926;879;Store;4;1311;ESPÈCES;01/04/2024;4;03/04/2024;9; 976 396,16 XOF ; 2 123 178,75 XOF ;Gabon;Afrique
2895;7009;Store;4;748;ESPÈCES;01/04/2024;1;03/04/2024;16; 32 299,99 XOF ; 63 322,88 XOF ;Ghana;Afrique
2904;11887;Store;4;1438;DÉBIT CARTE;01/04/2024;2;03/04/2024;13; 736 567,43 XOF ; 1 601 696,25 XOF ;Ghana;Afrique
2918;11887;Store;1;1109;DÉBIT CARTE;01/04/2024;2;03/04/2024;10; 464 917,61 XOF ; 1 011 037,50 XOF ;Ghana;Afrique
2920;4402;Store;4;284;VIREMENT;01/04/2024;4;05/04/2024;9; 82 851,86 XOF ; 250 045,54 XOF ;Ghana;Afrique
2922;11887;Store;1;1132;DÉBIT CARTE;01/04/2024;2;03/04/2024;9; 377 116,99 XOF ; 739 653,75 XOF ;Ghana;Afrique
2921;8986;En ligne;4;543;VIREMENT;01/04/2024;1;03/04/2024;9; 484 499,81 XOF ; 1 053 607,50 XOF ;Sénégal;Afrique
2924;2693;En ligne;4;1653;VIREMENT;01/04/2024;4;04/04/2024;4; 2 113 866,56 XOF ; 6 380 178,75 XOF ;Sénégal;Afrique
2925;7009;Store;4;1183;ESPÈCES;01/04/2024;1;03/04/2024;10; 416 068,54 XOF ; 1 255 815,00 XOF ;Sénégal;Afrique
2942;8935;Store;3;323;VIREMENT;02/04/2024;2;08/04/2024;10; 2 691 754,31 XOF ; 5 853 321,79 XOF ;Cameroun;Afrique
2928;1375;Store;4;1031;ESPÈCES;02/04/2024;4;07/04/2024;24; 762 322,28 XOF ; 1 495 271,25 XOF ;Côte d'ivoire;Afrique
2929;7427;Store;3;269;ESPÈCES;02/04/2024;4;08/04/2024;20; 1 038 441,94 XOF ; 3 134 216,25 XOF ;Côte d'ivoire;Afrique
2930;7427;Store;4;212;ESPÈCES;02/04/2024;4;08/04/2024;8; 45 869,18 XOF ; 89 929,13 XOF ;Côte d'ivoire;Afrique
2932;2989;En ligne;4;1408;DÉBIT CARTE;02/04/2024;4;05/04/2024;18; 423 199,01 XOF ; 830 115,00 XOF ;Côte d'ivoire;Afrique
2933;8935;Store;4;1224;VIREMENT;02/04/2024;2;08/04/2024;13; 315 656,55 XOF ; 686 441,25 XOF ;Côte d'ivoire;Afrique
2934;8332;Store;3;77;DÉBIT CARTE;02/04/2024;4;04/04/2024;13; 527 123,03 XOF ; 1 591 053,75 XOF ;Côte d'ivoire;Afrique
2935;1586;Store;1;1133;VIREMENT;02/04/2024;4;04/04/2024;13; 2 071 349,78 XOF ; 4 062 827,59 XOF ;Côte d'ivoire;Afrique
2936;9371;Store;4;387;DÉBIT CARTE;02/04/2024;4;08/04/2024;12; 731 671,88 XOF ; 1 591 053,75 XOF ;Côte d'ivoire;Afrique
2937;9371;En ligne;4;752;DÉBIT CARTE;02/04/2024;4;08/04/2024;12; 386 109,90 XOF ; 1 165 353,75 XOF ;Côte d'ivoire;Afrique
2938;8935;Store;4;725;VIREMENT;02/04/2024;2;08/04/2024;12; 655 790,85 XOF ; 1 426 095,00 XOF ;Côte d'ivoire;Afrique
2939;7291;Store;4;393;DÉBIT CARTE;02/04/2024;4;05/04/2024;12; 624 022,99 XOF ; 1 356 918,75 XOF ;Côte d'ivoire;Afrique
2941;9371;En ligne;4;1483;DÉBIT CARTE;02/04/2024;4;08/04/2024;10; 769 027,05 XOF ; 2 321 129,25 XOF ;Côte d'ivoire;Afrique
2944;788;Store;1;1591;VIREMENT;02/04/2024;1;04/04/2024;10; 2 153 137,39 XOF ; 4 682 167,88 XOF ;Côte d'ivoire;Afrique
2945;788;Store;2;140;VIREMENT;02/04/2024;1;04/04/2024;10; 206 145,23 XOF ; 404 361,79 XOF ;Côte d'ivoire;Afrique
2948;8935;En ligne;4;935;VIREMENT;02/04/2024;2;08/04/2024;9; 1 353 726,00 XOF ; 2 655 303,75 XOF ;Côte d'ivoire;Afrique
2949;2989;Store;3;1090;DÉBIT CARTE;02/04/2024;4;05/04/2024;9; 1 144 866,94 XOF ; 2 245 567,50 XOF ;Côte d'ivoire;Afrique
2950;2989;Store;4;1030;DÉBIT CARTE;02/04/2024;4;05/04/2024;8; 269 042,40 XOF ; 585 071,44 XOF ;Côte d'ivoire;Afrique
2953;2989;Store;2;610;DÉBIT CARTE;02/04/2024;4;05/04/2024;5; 2 153 403,45 XOF ; 4 682 700,00 XOF ;Côte d'ivoire;Afrique
2954;1586;Store;4;751;VIREMENT;02/04/2024;4;04/04/2024;5; 2 807 119,01 XOF ; 8 472 494,25 XOF ;Côte d'ivoire;Afrique
2955;1586;Store;4;311;VIREMENT;02/04/2024;4;04/04/2024;4; 407 235,26 XOF ; 1 229 208,75 XOF ;Côte d'ivoire;Afrique
2957;7471;Store;4;1192;ESPÈCES;02/04/2024;2;05/04/2024;9; 1 465 791,53 XOF ; 3 187 428,75 XOF ;Côte d'ivoire;Afrique
2958;1375;Store;1;915;ESPÈCES;02/04/2024;4;07/04/2024;6; 1 710 462,60 XOF ; 3 719 553,75 XOF ;Côte d'ivoire;Afrique
2959;1375;Store;3;694;ESPÈCES;02/04/2024;4;07/04/2024;4; 97 857,79 XOF ; 212 796,79 XOF ;Côte d'ivoire;Afrique
2940;1586;Store;2;1612;VIREMENT;02/04/2024;4;04/04/2024;12; 283 835,48 XOF ; 617 265,00 XOF ;Etats-Unis;Amérique
2943;788;Store;1;654;VIREMENT;02/04/2024;1;04/04/2024;10; 149 207,85 XOF ; 292 668,75 XOF ;Etats-Unis;Amérique
2947;9371;Store;4;1596;DÉBIT CARTE;02/04/2024;4;08/04/2024;9; 54 223,54 XOF ; 106 371,79 XOF ;Etats-Unis;Amérique
2952;5682;Store;3;385;DÉBIT CARTE;02/04/2024;2;07/04/2024;5; 70 932,26 XOF ; 154 263,04 XOF ;Etats-Unis;Amérique
2931;1375;Store;4;1525;ESPÈCES;02/04/2024;4;07/04/2024;6; 1 091 335,16 XOF ; 3 293 853,75 XOF ;France;Europe
2946;10400;Store;3;583;DÉBIT CARTE;02/04/2024;2;04/04/2024;10; 812 448,45 XOF ; 1 766 655,00 XOF ;France;Europe
2951;10400;Store;2;806;DÉBIT CARTE;02/04/2024;2;04/04/2024;6; 352 586,03 XOF ; 1 064 250,00 XOF ;France;Europe
2956;7427;Store;2;1125;ESPÈCES;02/04/2024;4;08/04/2024;9; 1 353 726,00 XOF ; 2 655 303,75 XOF ;France;Europe
2970;2784;Store;2;1418;DÉBIT CARTE;03/04/2024;4;08/04/2024;12; 562 828,61 XOF ; 1 223 887,50 XOF ;Burkina Faso;Afrique
2973;10563;Store;2;1228;VIREMENT;03/04/2024;4;09/04/2024;10; 707 194,13 XOF ; 1 537 841,25 XOF ;Burkina Faso;Afrique
2974;10563;Store;1;1488;VIREMENT;03/04/2024;4;09/04/2024;10; 48 795,86 XOF ; 106 158,94 XOF ;Burkina Faso;Afrique
2976;10610;Store;1;156;DÉBIT CARTE;03/04/2024;4;08/04/2024;10; 18 837,23 XOF ; 36 982,69 XOF ;Burkina Faso;Afrique
2977;10610;En ligne;4;1460;DÉBIT CARTE;03/04/2024;4;08/04/2024;10; 56 245,61 XOF ; 122 335,54 XOF ;Burkina Faso;Afrique
2979;10547;Store;2;375;DÉBIT CARTE;03/04/2024;4;05/04/2024;10; 442 940,85 XOF ; 963 146,25 XOF ;Burkina Faso;Afrique
2981;635;Store;2;450;DÉBIT CARTE;03/04/2024;4;05/04/2024;10; 35 226,68 XOF ; 69 123,04 XOF ;Burkina Faso;Afrique
2982;10610;Store;4;1592;DÉBIT CARTE;03/04/2024;4;08/04/2024;9; 2 153 137,39 XOF ; 4 682 167,88 XOF ;Burkina Faso;Afrique
2984;544;Store;3;1636;VIREMENT;03/04/2024;4;09/04/2024;8; 685 164,15 XOF ; 1 489 950,00 XOF ;Burkina Faso;Afrique
2985;544;En ligne;4;516;VIREMENT;03/04/2024;4;09/04/2024;6; 2 750 341,28 XOF ; 8 301 150,00 XOF ;Burkina Faso;Afrique
2987;4045;Store;2;1070;VIREMENT;03/04/2024;4;06/04/2024;6; 45 869,18 XOF ; 89 929,13 XOF ;Burkina Faso;Afrique
2988;2784;En ligne;4;1454;DÉBIT CARTE;03/04/2024;4;08/04/2024;4; 736 567,43 XOF ; 1 601 696,25 XOF ;Burkina Faso;Afrique
2989;1375;Store;2;733;ESPÈCES;03/04/2024;4;08/04/2024;12; 702 671,06 XOF ; 1 378 203,75 XOF ;Burkina Faso;Afrique
2960;544;Store;2;426;VIREMENT;03/04/2024;4;09/04/2024;36; 736 567,43 XOF ; 1 601 696,25 XOF ;Côte d'ivoire;Afrique
2961;999;En ligne;4;912;VIREMENT;03/04/2024;4;07/04/2024;24; 457 361,44 XOF ; 994 541,63 XOF ;Côte d'ivoire;Afrique
2962;544;En ligne;4;1242;VIREMENT;03/04/2024;4;09/04/2024;20; 362 164,28 XOF ; 787 545,00 XOF ;Côte d'ivoire;Afrique
2964;4045;Store;3;454;VIREMENT;03/04/2024;4;06/04/2024;18; 892 533,26 XOF ; 1 750 691,25 XOF ;Côte d'ivoire;Afrique
2965;4045;En ligne;4;468;VIREMENT;03/04/2024;4;06/04/2024;16; 68 271,64 XOF ; 148 462,88 XOF ;Côte d'ivoire;Afrique
2966;999;Store;1;1405;VIREMENT;03/04/2024;4;07/04/2024;13; 621 255,94 XOF ; 1 218 566,25 XOF ;Côte d'ivoire;Afrique
2967;4045;Store;4;108;VIREMENT;03/04/2024;4;06/04/2024;13; 489 288,94 XOF ; 1 063 983,94 XOF ;Côte d'ivoire;Afrique
2968;4045;Store;4;1113;VIREMENT;03/04/2024;4;06/04/2024;13; 403 776,45 XOF ; 878 006,25 XOF ;Côte d'ivoire;Afrique
2969;10610;Store;2;386;DÉBIT CARTE;03/04/2024;4;08/04/2024;12; 416 068,54 XOF ; 1 255 815,00 XOF ;Côte d'ivoire;Afrique
2971;999;Store;4;554;VIREMENT;03/04/2024;4;07/04/2024;12; 769 027,05 XOF ; 2 321 129,25 XOF ;Côte d'ivoire;Afrique
2975;10563;Store;3;1327;VIREMENT;03/04/2024;4;09/04/2024;10; 884 391,75 XOF ; 1 734 727,50 XOF ;Côte d'ivoire;Afrique
2978;2784;En ligne;4;818;DÉBIT CARTE;03/04/2024;4;08/04/2024;10; 51 403,28 XOF ; 111 746,25 XOF ;Côte d'ivoire;Afrique
2980;635;Store;4;1090;DÉBIT CARTE;03/04/2024;4;05/04/2024;10; 325 500,86 XOF ; 638 496,79 XOF ;Côte d'ivoire;Afrique
2983;999;Store;2;168;VIREMENT;03/04/2024;4;07/04/2024;9; 66 036,71 XOF ; 143 620,54 XOF ;Côte d'ivoire;Afrique
2986;10610;Store;1;275;DÉBIT CARTE;03/04/2024;4;08/04/2024;6; 2 697 448,05 XOF ; 8 141 512,50 XOF ;Côte d'ivoire;Afrique
2972;10563;Store;1;694;VIREMENT;03/04/2024;4;09/04/2024;10; 266 754,26 XOF ; 580 016,25 XOF ;Etats-Unis;Amérique
2963;635;Store;3;537;DÉBIT CARTE;03/04/2024;4;05/04/2024;20; 2 366 306,66 XOF ; 5 145 648,75 XOF ;France;Europe
2990;3316;Store;4;1216;ESPÈCES;04/04/2024;4;06/04/2024;16; 1 150 028,55 XOF ; 2 500 827,86 XOF ;Burkina Faso;Afrique
3009;11133;Store;2;176;VIREMENT;04/04/2024;4;06/04/2024;10; 386 109,90 XOF ; 1 165 353,75 XOF ;Burkina Faso;Afrique
3016;11133;Store;1;626;VIREMENT;04/04/2024;4;06/04/2024;9; 2 807 119,01 XOF ; 8 472 494,25 XOF ;Cameroun;Afrique
3023;12028;Store;4;701;ESPÈCES;04/04/2024;1;06/04/2024;12; 68 271,64 XOF ; 148 462,88 XOF ;Cameroun;Afrique
3025;4404;Store;2;1053;ESPÈCES;04/04/2024;4;09/04/2024;10; 1 221 067,24 XOF ; 2 655 303,75 XOF ;Cameroun;Afrique
3026;2313;Store;4;376;ESPÈCES;04/04/2024;4;07/04/2024;10; 72 954,34 XOF ; 143 141,63 XOF ;Cameroun;Afrique
3029;4444;Store;4;319;ESPÈCES;04/04/2024;1;06/04/2024;9; 1 763 036,55 XOF ; 5 321 250,00 XOF ;Cameroun;Afrique
3030;12028;Store;4;1190;ESPÈCES;04/04/2024;1;06/04/2024;9; 1 302 216,30 XOF ; 2 554 200,00 XOF ;Cameroun;Afrique
3033;4444;Store;2;548;ESPÈCES;04/04/2024;1;06/04/2024;6; 386 109,90 XOF ; 1 165 353,75 XOF ;Cameroun;Afrique
3034;3005;Store;3;316;ESPÈCES;04/04/2024;1;06/04/2024;6; 876 037,39 XOF ; 1 905 007,50 XOF ;Cameroun;Afrique
2999;5120;En ligne;4;1127;VIREMENT;04/04/2024;4;10/04/2024;18; 734 119,65 XOF ; 1 596 375,00 XOF ;Côte d'ivoire;Afrique
3001;1209;En ligne;4;729;VIREMENT;04/04/2024;4;08/04/2024;13; 244 671,08 XOF ; 532 071,79 XOF ;Côte d'ivoire;Afrique
3005;1209;En ligne;3;1616;VIREMENT;04/04/2024;4;08/04/2024;10; 655 790,85 XOF ; 1 426 095,00 XOF ;Côte d'ivoire;Afrique
3006;1209;Store;1;1228;VIREMENT;04/04/2024;4;08/04/2024;10; 440 439,86 XOF ; 957 771,79 XOF ;Côte d'ivoire;Afrique
3017;4211;Store;2;1637;DÉBIT CARTE;04/04/2024;4;06/04/2024;9; 70 932,26 XOF ; 154 263,04 XOF ;Côte d'ivoire;Afrique
3018;11133;En ligne;4;1040;VIREMENT;04/04/2024;4;06/04/2024;8; 1 186 532,33 XOF ; 3 581 201,25 XOF ;Côte d'ivoire;Afrique
3000;4238;En ligne;4;1005;DÉBIT CARTE;04/04/2024;1;06/04/2024;18; 437 247,11 XOF ; 1 319 670,00 XOF ;Etats-Unis;Amérique
3002;11133;En ligne;4;122;VIREMENT;04/04/2024;4;06/04/2024;12; 631 366,31 XOF ; 1 372 882,50 XOF ;Etats-Unis;Amérique
3010;4211;Store;3;1631;DÉBIT CARTE;04/04/2024;4;06/04/2024;10; 386 642,03 XOF ; 840 757,50 XOF ;Etats-Unis;Amérique
3011;4211;Store;3;347;DÉBIT CARTE;04/04/2024;4;06/04/2024;10; 4 046 172,08 XOF ; 12 212 268,75 XOF ;Etats-Unis;Amérique
2991;2313;Store;4;1234;ESPÈCES;04/04/2024;4;07/04/2024;13; 1 443 921,19 XOF ; 4 358 103,75 XOF ;France;Europe
3014;1209;Store;3;955;VIREMENT;04/04/2024;4;08/04/2024;9; 865 448,10 XOF ; 1 697 478,75 XOF ;France;Europe
3022;10487;Store;2;1212;ESPÈCES;04/04/2024;4;07/04/2024;12; 532 444,28 XOF ; 1 607 017,50 XOF ;France;Europe
3028;2313;Store;3;539;ESPÈCES;04/04/2024;4;07/04/2024;9; 716 985,23 XOF ; 1 559 126,25 XOF ;France;Europe
3035;3005;Store;3;917;ESPÈCES;04/04/2024;1;06/04/2024;6; 769 027,05 XOF ; 2 321 129,25 XOF ;France;Europe
3027;8057;Store;3;1117;ESPÈCES;04/04/2024;2;06/04/2024;10; 458 372,48 XOF ; 1 383 471,79 XOF ;Gabon;Afrique
2992;2313;Store;4;1498;ESPÈCES;04/04/2024;4;07/04/2024;12; 334 972,69 XOF ; 1 011 037,50 XOF ;Ghana;Afrique
2993;3005;Store;4;1534;ESPÈCES;04/04/2024;1;06/04/2024;12; 2 750 341,28 XOF ; 8 301 150,00 XOF ;Ghana;Afrique
2994;3005;Store;4;1575;ESPÈCES;04/04/2024;1;06/04/2024;12; 1 761 280,54 XOF ; 5 315 928,75 XOF ;Ghana;Afrique
2995;10487;Store;4;1207;ESPÈCES;04/04/2024;4;07/04/2024;10; 809 255,70 XOF ; 2 442 453,75 XOF ;Ghana;Afrique
2996;11133;En ligne;4;2493;VIREMENT;04/04/2024;4;06/04/2024;260; 892 533,26 XOF ; 1 750 691,25 XOF ;Ghana;Afrique
2997;5120;Store;3;1429;VIREMENT;04/04/2024;4;10/04/2024;40; 48 583,01 XOF ; 95 250,38 XOF ;Ghana;Afrique
2998;4211;Store;4;805;DÉBIT CARTE;04/04/2024;4;06/04/2024;20; 88 119,90 XOF ; 266 009,29 XOF ;Ghana;Afrique
3003;5120;En ligne;4;921;VIREMENT;04/04/2024;4;10/04/2024;10; 1 137 151,13 XOF ; 3 432 206,25 XOF ;Ghana;Afrique
3004;5120;Store;3;1659;VIREMENT;04/04/2024;4;10/04/2024;10; 1 854 881,33 XOF ; 4 033 507,50 XOF ;Ghana;Afrique
3007;4238;Store;2;566;DÉBIT CARTE;04/04/2024;1;06/04/2024;10; 438 045,30 XOF ; 952 503,75 XOF ;Ghana;Afrique
3008;4238;Store;3;692;DÉBIT CARTE;04/04/2024;1;06/04/2024;10; 295 701,86 XOF ; 580 016,25 XOF ;Ghana;Afrique
3012;2526;En ligne;4;232;DÉBIT CARTE;04/04/2024;1;06/04/2024;10; 481 839,19 XOF ; 1 047 754,13 XOF ;Ghana;Afrique
3013;5120;Store;3;1418;VIREMENT;04/04/2024;4;10/04/2024;9; 1 158 329,70 XOF ; 3 496 061,25 XOF ;Ghana;Afrique
3015;9786;Store;4;385;DÉBIT CARTE;04/04/2024;4;08/04/2024;9; 193 321,01 XOF ; 420 378,75 XOF ;Ghana;Afrique
3019;4211;Store;3;469;DÉBIT CARTE;04/04/2024;4;06/04/2024;6; 876 037,39 XOF ; 1 905 007,50 XOF ;Ghana;Afrique
3020;2526;En ligne;4;707;DÉBIT CARTE;04/04/2024;1;06/04/2024;6; 368 496,56 XOF ; 1 112 141,25 XOF ;Ghana;Afrique
3021;10487;Store;4;1489;ESPÈCES;04/04/2024;4;07/04/2024;12; 315 656,55 XOF ; 686 441,25 XOF ;Ghana;Afrique
3024;8057;Store;2;602;ESPÈCES;04/04/2024;2;06/04/2024;12; 805 105,13 XOF ; 1 750 691,25 XOF ;Ghana;Afrique
3031;8057;Store;4;384;ESPÈCES;04/04/2024;2;06/04/2024;9; 567 724,16 XOF ; 1 234 530,00 XOF ;Ghana;Afrique
3032;2313;Store;3;1537;ESPÈCES;04/04/2024;4;07/04/2024;6; 70 932,26 XOF ; 154 263,04 XOF ;Ghana;Afrique
3036;4404;Store;1;1143;ESPÈCES;04/04/2024;4;09/04/2024;5; 296 074,35 XOF ; 643 871,25 XOF ;Ghana;Afrique
3037;4444;Store;3;1349;ESPÈCES;04/04/2024;1;06/04/2024;5; 1 353 726,00 XOF ; 2 655 303,75 XOF ;Ghana;Afrique
3038;4444;Store;3;1613;ESPÈCES;04/04/2024;1;06/04/2024;5; 511 265,70 XOF ; 1 543 109,29 XOF ;Ghana;Afrique
3039;8057;Store;3;363;ESPÈCES;05/04/2024;2;07/04/2024;36; 1 129 524,00 XOF ; 3 409 147,50 XOF ;Belgique;Europe
3040;8057;Store;4;814;ESPÈCES;05/04/2024;2;07/04/2024;26; 1 011 463,20 XOF ; 2 199 450,00 XOF ;Belgique;Europe
3041;4296;Store;4;566;ESPÈCES;05/04/2024;2;08/04/2024;24; 1 190 044,35 XOF ; 2 334 255,00 XOF ;Belgique;Europe
3044;4296;Store;4;1498;ESPÈCES;05/04/2024;2;08/04/2024;12; 1 079 007,60 XOF ; 3 256 605,00 XOF ;Belgique;Europe
3045;9604;Store;3;302;ESPÈCES;05/04/2024;4;11/04/2024;10; 389 089,80 XOF ; 846 078,75 XOF ;Belgique;Europe
3048;3843;En ligne;4;478;DÉBIT CARTE;05/04/2024;4;10/04/2024;26; 1 954 388,70 XOF ; 4 249 905,00 XOF ;Belgique;Europe
3049;3843;Store;3;1426;DÉBIT CARTE;05/04/2024;4;10/04/2024;13; 703 398,30 XOF ; 2 123 036,85 XOF ;Belgique;Europe
3050;8319;En ligne;3;1379;DÉBIT CARTE;05/04/2024;4;07/04/2024;13; 188 868,90 XOF ; 410 658,60 XOF ;Belgique;Europe
3052;6215;Store;2;301;DÉBIT CARTE;05/04/2024;4;08/04/2024;12; 159 140,85 XOF ; 312 180,00 XOF ;Belgique;Europe
3053;6215;Store;4;1047;DÉBIT CARTE;05/04/2024;4;08/04/2024;12; 1 954 388,70 XOF ; 4 249 905,00 XOF ;Belgique;Europe
3054;1863;Store;2;322;DÉBIT CARTE;05/04/2024;4;11/04/2024;9; 1 563 649,31 XOF ; 3 400 278,75 XOF ;Belgique;Europe
3055;3843;Store;1;193;DÉBIT CARTE;05/04/2024;4;10/04/2024;9; 2 473 175,10 XOF ; 5 378 010,00 XOF ;Belgique;Europe
3057;6215;Store;2;642;DÉBIT CARTE;05/04/2024;4;08/04/2024;9; 1 203 950,55 XOF ; 2 618 055,00 XOF ;Belgique;Europe
3059;1637;Store;1;919;DÉBIT CARTE;05/04/2024;4;08/04/2024;9; 2 473 175,10 XOF ; 5 378 010,00 XOF ;Belgique;Europe
3063;4322;Store;2;551;ESPÈCES;05/04/2024;4;11/04/2024;12; 1 055 310,30 XOF ; 2 069 966,25 XOF ;Belgique;Europe
3067;4296;Store;1;522;ESPÈCES;05/04/2024;2;08/04/2024;12; 1 017 990,60 XOF ; 2 213 640,00 XOF ;Belgique;Europe
3070;2711;Store;1;535;ESPÈCES;05/04/2024;1;07/04/2024;12; 1 168 049,85 XOF ; 2 540 010,00 XOF ;Belgique;Europe
3072;3442;Store;1;757;ESPÈCES;05/04/2024;4;09/04/2024;10; 978 826,20 XOF ; 2 128 500,00 XOF ;Belgique;Europe
3073;3442;Store;3;1435;ESPÈCES;05/04/2024;4;09/04/2024;10; 1 106 039,55 XOF ; 2 405 205,00 XOF ;Côte d'ivoire;Afrique
3074;4296;Store;1;208;ESPÈCES;05/04/2024;2;08/04/2024;10; 25 116,30 XOF ; 49 310,25 XOF ;Côte d'ivoire;Afrique
3075;838;Store;2;1013;ESPÈCES;05/04/2024;4;08/04/2024;10; 629 965,05 XOF ; 1 901 460,00 XOF ;Côte d'ivoire;Afrique
3076;3417;Store;1;1385;ESPÈCES;05/04/2024;0;06/04/2024;10; 2 065 283,55 XOF ; 4 491 135,00 XOF ;Côte d'ivoire;Afrique
3077;3417;Store;1;1198;ESPÈCES;05/04/2024;0;06/04/2024;10; 1 070 209,80 XOF ; 2 327 160,00 XOF ;Côte d'ivoire;Afrique
3079;3417;Store;2;1055;ESPÈCES;05/04/2024;0;06/04/2024;10; 831 604,95 XOF ; 1 631 140,50 XOF ;Côte d'ivoire;Afrique
3080;170;Store;3;1579;ESPÈCES;05/04/2024;0;06/04/2024;8; 946 189,20 XOF ; 2 057 550,00 XOF ;Côte d'ivoire;Afrique
3056;6215;En ligne;4;372;DÉBIT CARTE;05/04/2024;4;08/04/2024;9; 1 070 209,80 XOF ; 2 327 160,00 XOF ;Etats-Unis;Amérique
3058;1637;Store;4;153;DÉBIT CARTE;05/04/2024;4;08/04/2024;9; 57 895,20 XOF ; 113 520,00 XOF ;Etats-Unis;Amérique
3060;2711;Store;1;1064;ESPÈCES;05/04/2024;1;07/04/2024;20; 2 785 497,00 XOF ; 8 407 362,15 XOF ;Etats-Unis;Amérique
3061;170;Store;4;1586;ESPÈCES;05/04/2024;0;06/04/2024;13; 2 280 616,80 XOF ; 4 959 405,00 XOF ;Etats-Unis;Amérique
3062;170;Store;4;63;ESPÈCES;05/04/2024;0;06/04/2024;13; 2 089 761,30 XOF ; 6 307 455,00 XOF ;Etats-Unis;Amérique
3071;9604;Store;1;1037;ESPÈCES;05/04/2024;4;11/04/2024;10; 398 880,90 XOF ; 867 363,75 XOF ;Etats-Unis;Amérique
3078;3417;Store;2;1253;ESPÈCES;05/04/2024;0;06/04/2024;10; 368 940,00 XOF ; 723 690,00 XOF ;Etats-Unis;Amérique
3081;838;Store;1;575;ESPÈCES;05/04/2024;4;08/04/2024;6; 590 587,80 XOF ; 1 284 195,00 XOF ;Etats-Unis;Amérique
3082;2711;Store;3;229;ESPÈCES;05/04/2024;1;07/04/2024;4; 1 016 429,70 XOF ; 1 993 695,00 XOF ;Etats-Unis;Amérique
3042;3417;Store;3;360;ESPÈCES;05/04/2024;0;06/04/2024;20; 1 382 247,90 XOF ; 4 171 860,00 XOF ;France;Europe
3043;838;Store;4;1444;ESPÈCES;05/04/2024;4;08/04/2024;18; 5 394 896,10 XOF ; 16 283 025,00 XOF ;France;Europe
3047;3843;Store;2;1188;DÉBIT CARTE;05/04/2024;4;10/04/2024;26; 1 001 086,76 XOF ; 1 963 541,25 XOF ;France;Europe
3051;12133;Store;4;1012;VIREMENT;05/04/2024;1;07/04/2024;13; 978 826,20 XOF ; 2 128 500,00 XOF ;France;Europe
3066;4296;Store;1;668;ESPÈCES;05/04/2024;2;08/04/2024;12; 795 633,30 XOF ; 1 560 545,25 XOF ;France;Europe
3068;838;Store;4;732;ESPÈCES;05/04/2024;4;08/04/2024;12; 1 102 775,85 XOF ; 2 398 110,00 XOF ;France;Europe
3046;838;Store;4;806;ESPÈCES;05/04/2024;4;08/04/2024;6; 2 248 050,75 XOF ; 4 888 455,00 XOF ;Ghana;Afrique
3064;3442;Store;1;1438;ESPÈCES;05/04/2024;4;09/04/2024;12; 414 064,20 XOF ; 900 355,50 XOF ;Ghana;Afrique
3065;3442;Store;1;1646;ESPÈCES;05/04/2024;4;09/04/2024;12; 521 979,15 XOF ; 1 135 129,05 XOF ;Ghana;Afrique
3069;2711;Store;4;1048;ESPÈCES;05/04/2024;1;07/04/2024;12; 325 163,85 XOF ; 637 840,50 XOF ;Ghana;Afrique
3086;8098;Store;2;439;DÉBIT CARTE;06/04/2024;2;12/04/2024;20; 2 042 792,40 XOF ; 6 165 555,00 XOF ;Belgique;Europe
3090;611;Store;2;1438;DÉBIT CARTE;06/04/2024;4;10/04/2024;12; 2 805 930,60 XOF ; 6 101 700,00 XOF ;Belgique;Europe
3087;8098;Store;2;928;DÉBIT CARTE;06/04/2024;2;12/04/2024;20; 3 155 075,55 XOF ; 6 860 865,00 XOF ;Burkina Faso;Afrique
3083;1863;Store;2;672;DÉBIT CARTE;06/04/2024;4;12/04/2024;26; 2 137 084,95 XOF ; 4 647 225,00 XOF ;Côte d'ivoire;Afrique
3084;1863;Store;4;379;DÉBIT CARTE;06/04/2024;4;12/04/2024;24; 117 493,20 XOF ; 354 679,05 XOF ;Côte d'ivoire;Afrique
3085;611;En ligne;4;908;DÉBIT CARTE;06/04/2024;4;10/04/2024;24; 74 994,15 XOF ; 163 114,05 XOF ;Côte d'ivoire;Afrique
3088;12357;Store;4;1283;DÉBIT CARTE;06/04/2024;2;08/04/2024;20; 502 822,65 XOF ; 986 205,00 XOF ;Côte d'ivoire;Afrique
3089;12357;Store;1;264;DÉBIT CARTE;06/04/2024;2;08/04/2024;13; 2 303 675,55 XOF ; 6 953 100,00 XOF ;Côte d'ivoire;Afrique
3091;611;Store;1;126;DÉBIT CARTE;06/04/2024;4;10/04/2024;12; 972 298,80 XOF ; 2 114 310,00 XOF ;Côte d'ivoire;Afrique
3092;8098;Store;1;1005;DÉBIT CARTE;06/04/2024;2;12/04/2024;10; 1 486 686,30 XOF ; 2 916 045,00 XOF ;Côte d'ivoire;Afrique
3093;9815;Store;4;469;VIREMENT;06/04/2024;4;11/04/2024;10; 613 362,75 XOF ; 1 333 860,00 XOF ;Côte d'ivoire;Afrique
3094;10613;Store;4;668;DÉBIT CARTE;06/04/2024;2;10/04/2024;10; 285 786,60 XOF ; 560 505,00 XOF ;Côte d'ivoire;Afrique
3095;12357;Store;3;1121;DÉBIT CARTE;06/04/2024;2;08/04/2024;10; 502 822,65 XOF ; 986 205,00 XOF ;Côte d'ivoire;Afrique
3096;12357;Store;2;485;DÉBIT CARTE;06/04/2024;2;08/04/2024;10; 649 263,45 XOF ; 1 411 905,00 XOF ;Côte d'ivoire;Afrique
3097;1863;Store;1;756;DÉBIT CARTE;06/04/2024;4;12/04/2024;9; 1 478 598,00 XOF ; 4 462 755,00 XOF ;Côte d'ivoire;Afrique
3098;8098;Store;1;704;DÉBIT CARTE;06/04/2024;2;12/04/2024;9; 443 721,30 XOF ; 964 920,00 XOF ;Côte d'ivoire;Afrique
3099;8098;Store;1;1241;DÉBIT CARTE;06/04/2024;2;12/04/2024;9; 58 675,65 XOF ; 127 639,05 XOF ;Côte d'ivoire;Afrique
3100;9815;Store;1;384;VIREMENT;06/04/2024;4;11/04/2024;9; 518 786,40 XOF ; 1 128 105,00 XOF ;Côte d'ivoire;Afrique
3101;12357;Store;4;1334;DÉBIT CARTE;06/04/2024;2;08/04/2024;9; 2 084 865,75 XOF ; 4 533 705,00 XOF ;Côte d'ivoire;Afrique
3102;1054;En ligne;4;273;VIREMENT;06/04/2024;4;09/04/2024;8; 397 887,60 XOF ; 780 379,05 XOF ;Côte d'ivoire;Afrique
3103;7094;Store;3;1386;DÉBIT CARTE;06/04/2024;2;08/04/2024;8; 1 081 561,80 XOF ; 2 121 405,00 XOF ;Côte d'ivoire;Afrique
3104;10613;Store;3;119;DÉBIT CARTE;06/04/2024;2;10/04/2024;6; 1 804 968,00 XOF ; 3 540 405,00 XOF ;Côte d'ivoire;Afrique
3105;10613;Store;4;1189;DÉBIT CARTE;06/04/2024;2;10/04/2024;6; 81 592,50 XOF ; 177 375,00 XOF ;Côte d'ivoire;Afrique
3106;1054;Store;4;895;VIREMENT;06/04/2024;4;09/04/2024;4; 514 813,20 XOF ; 1 553 805,00 XOF ;Côte d'ivoire;Afrique
3107;12003;Store;1;2510;ESPÈCES;06/04/2024;2;11/04/2024;260; 910 288,50 XOF ; 1 979 505,00 XOF ;Côte d'ivoire;Afrique
3108;7214;Store;1;1331;ESPÈCES;06/04/2024;4;09/04/2024;12; 1 011 463,20 XOF ; 2 199 450,00 XOF ;Côte d'ivoire;Afrique
3109;7214;Store;4;1217;ESPÈCES;06/04/2024;4;09/04/2024;8; 614 994,60 XOF ; 1 337 407,50 XOF ;Côte d'ivoire;Afrique
3110;12301;Store;4;980;ESPÈCES;07/04/2024;0;07/04/2024;9; 551 423,40 XOF ; 1 199 055,00 XOF ;Burkina Faso;Afrique
3111;12301;Store;4;48;ESPÈCES;07/04/2024;0;07/04/2024;6; 55 411,95 XOF ; 120 544,05 XOF ;Burkina Faso;Afrique
3113;10905;Store;4;373;DÉBIT CARTE;07/04/2024;4;13/04/2024;20; 2 280 616,80 XOF ; 4 959 405,00 XOF ;Burkina Faso;Afrique
3114;10799;En ligne;4;1218;DÉBIT CARTE;07/04/2024;4;10/04/2024;18; 486 149,40 XOF ; 1 057 155,00 XOF ;Burkina Faso;Afrique
3115;10799;Store;3;35;DÉBIT CARTE;07/04/2024;4;10/04/2024;13; 1 084 825,50 XOF ; 2 127 790,50 XOF ;Burkina Faso;Afrique
3116;4209;Store;3;952;DÉBIT CARTE;07/04/2024;4;09/04/2024;13; 1 190 044,35 XOF ; 2 334 255,00 XOF ;Burkina Faso;Afrique
3118;9815;Store;4;1158;VIREMENT;07/04/2024;4;12/04/2024;12; 2 473 175,10 XOF ; 5 378 010,00 XOF ;Burkina Faso;Afrique
3119;7557;Store;3;329;DÉBIT CARTE;07/04/2024;4;12/04/2024;12; 1 003 729,65 XOF ; 3 029 565,00 XOF ;Burkina Faso;Afrique
3122;10905;Store;1;722;DÉBIT CARTE;07/04/2024;4;13/04/2024;10; 649 263,45 XOF ; 1 411 905,00 XOF ;Burkina Faso;Afrique
3124;7771;Store;2;165;VIREMENT;07/04/2024;2;12/04/2024;10; 614 923,65 XOF ; 1 206 150,00 XOF ;Burkina Faso;Afrique
3128;7115;Store;4;218;DÉBIT CARTE;07/04/2024;0;07/04/2024;9; 818 975,85 XOF ; 1 780 845,00 XOF ;Burkina Faso;Afrique
3129;8326;Store;1;1657;VIREMENT;07/04/2024;0;07/04/2024;9; 1 335 208,05 XOF ; 4 029 960,00 XOF ;Burkina Faso;Afrique
3131;4209;Store;4;1393;DÉBIT CARTE;07/04/2024;4;09/04/2024;8; 1 153 930,80 XOF ; 2 263 305,00 XOF ;Burkina Faso;Afrique
3133;8326;Store;3;1440;VIREMENT;07/04/2024;0;07/04/2024;6; 1 582 043,10 XOF ; 4 774 935,00 XOF ;Burkina Faso;Afrique
3134;7581;Store;2;673;DÉBIT CARTE;07/04/2024;2;13/04/2024;5; 211 572,90 XOF ; 638 550,00 XOF ;Burkina Faso;Afrique
3138;2589;Store;2;1453;ESPÈCES;07/04/2024;4;10/04/2024;13; 1 808 231,70 XOF ; 3 546 790,50 XOF ;Burkina Faso;Afrique
3139;1740;Store;4;38;ESPÈCES;07/04/2024;4;11/04/2024;12; 629 965,05 XOF ; 1 901 460,00 XOF ;Burkina Faso;Afrique
3117;10905;Store;1;898;DÉBIT CARTE;07/04/2024;4;13/04/2024;12; 613 362,75 XOF ; 1 333 860,00 XOF ;Côte d'ivoire;Afrique
3120;10799;Store;3;552;DÉBIT CARTE;07/04/2024;4;10/04/2024;12; 1 004 935,80 XOF ; 2 185 260,00 XOF ;Côte d'ivoire;Afrique
3125;7771;En ligne;4;1228;VIREMENT;07/04/2024;2;12/04/2024;10; 828 341,25 XOF ; 1 624 755,00 XOF ;Côte d'ivoire;Afrique
3126;7771;Store;4;571;VIREMENT;07/04/2024;2;12/04/2024;10; 53 851,05 XOF ; 117 067,50 XOF ;Côte d'ivoire;Afrique
3140;1718;Store;3;1209;ESPÈCES;07/04/2024;0;07/04/2024;12; 609 815,25 XOF ; 1 326 055,50 XOF ;Côte d'ivoire;Afrique
3142;2589;Store;4;1086;ESPÈCES;07/04/2024;4;10/04/2024;9; 599 456,55 XOF ; 1 809 225,00 XOF ;Côte d'ivoire;Afrique
3130;7771;Store;4;1081;VIREMENT;07/04/2024;2;12/04/2024;8; 629 965,05 XOF ; 1 901 460,00 XOF ;Etats-Unis;Amérique
3112;3347;Store;1;2494;VIREMENT;07/04/2024;4;13/04/2024;180; 1 076 737,20 XOF ; 2 341 350,00 XOF ;Ghana;Afrique
3121;7581;Store;2;701;DÉBIT CARTE;07/04/2024;2;13/04/2024;10; 94 576,35 XOF ; 205 684,05 XOF ;Ghana;Afrique
3123;9815;Store;4;1209;VIREMENT;07/04/2024;4;12/04/2024;10; 584 060,40 XOF ; 1 270 005,00 XOF ;Ghana;Afrique
3127;9815;En ligne;4;699;VIREMENT;07/04/2024;4;12/04/2024;9; 150 981,60 XOF ; 296 074,35 XOF ;Ghana;Afrique
3132;4209;Store;3;808;DÉBIT CARTE;07/04/2024;4;09/04/2024;8; 1 168 049,85 XOF ; 2 540 010,00 XOF ;Ghana;Afrique
3135;2589;Store;3;431;ESPÈCES;07/04/2024;4;10/04/2024;24; 1 954 388,70 XOF ; 4 249 905,00 XOF ;Ghana;Afrique
3137;12301;Store;3;150;ESPÈCES;07/04/2024;0;07/04/2024;18; 518 786,40 XOF ; 1 128 105,00 XOF ;Ghana;Afrique
3141;1740;Store;1;398;ESPÈCES;07/04/2024;4;11/04/2024;9; 972 298,80 XOF ; 2 114 310,00 XOF ;Ghana;Afrique
3143;1740;Store;4;548;ESPÈCES;07/04/2024;4;11/04/2024;4; 1 190 044,35 XOF ; 2 334 255,00 XOF ;Ghana;Afrique
3136;2589;Store;2;69;ESPÈCES;07/04/2024;4;10/04/2024;20; 1 102 775,85 XOF ; 2 398 110,00 XOF ;Sénégal;Afrique
3147;7601;En ligne;4;1507;DÉBIT CARTE;08/04/2024;0;08/04/2024;36; 2 065 283,55 XOF ; 4 491 135,00 XOF ;Belgique;Europe
3148;5093;Store;3;1411;DÉBIT CARTE;08/04/2024;0;08/04/2024;26; 978 826,20 XOF ; 2 128 500,00 XOF ;Belgique;Europe
3158;9159;Store;4;1473;DÉBIT CARTE;08/04/2024;4;11/04/2024;12; 221 860,65 XOF ; 482 460,00 XOF ;Belgique;Europe
3160;5093;Store;2;625;DÉBIT CARTE;08/04/2024;0;08/04/2024;10; 101 032,80 XOF ; 305 014,05 XOF ;Belgique;Europe
3173;11630;Store;3;442;ESPÈCES;08/04/2024;4;11/04/2024;20; 74 994,15 XOF ; 163 114,05 XOF ;Belgique;Europe
3146;7601;En ligne;4;988;DÉBIT CARTE;08/04/2024;0;08/04/2024;60; 845 085,45 XOF ; 1 837 605,00 XOF ;Burkina Faso;Afrique
3153;3413;Store;4;1622;DÉBIT CARTE;08/04/2024;4;13/04/2024;13; 845 085,45 XOF ; 1 837 605,00 XOF ;Burkina Faso;Afrique
3159;3917;Store;2;664;DÉBIT CARTE;08/04/2024;4;10/04/2024;10; 384 974,70 XOF ; 837 210,00 XOF ;Burkina Faso;Afrique
3163;1032;Store;3;1151;DÉBIT CARTE;08/04/2024;4;12/04/2024;9; 584 060,40 XOF ; 1 270 005,00 XOF ;Burkina Faso;Afrique
3164;9159;Store;3;369;DÉBIT CARTE;08/04/2024;4;11/04/2024;8; 46 968,90 XOF ; 92 164,05 XOF ;Burkina Faso;Afrique
3170;3917;Store;3;941;DÉBIT CARTE;08/04/2024;4;10/04/2024;4; 1 526 489,25 XOF ; 2 994 090,00 XOF ;Burkina Faso;Afrique
3172;8668;Store;1;1086;ESPÈCES;08/04/2024;4;12/04/2024;24; 668 845,65 XOF ; 1 454 475,00 XOF ;Burkina Faso;Afrique
3179;9562;Store;3;1037;ESPÈCES;08/04/2024;4;14/04/2024;9; 77 974,05 XOF ; 169 570,50 XOF ;Burkina Faso;Afrique
3161;5093;En ligne;4;1425;DÉBIT CARTE;08/04/2024;0;08/04/2024;10; 1 141 798,35 XOF ; 2 482 895,25 XOF ;Cameroun;Afrique
3162;1032;Store;3;372;DÉBIT CARTE;08/04/2024;4;12/04/2024;9; 955 980,30 XOF ; 2 078 835,00 XOF ;Cameroun;Afrique
3165;3413;Store;3;327;DÉBIT CARTE;08/04/2024;4;13/04/2024;6; 56 405,25 XOF ; 110 682,00 XOF ;Cameroun;Afrique
3167;1032;Store;4;515;DÉBIT CARTE;08/04/2024;4;12/04/2024;6; 1 526 489,25 XOF ; 2 994 090,00 XOF ;Cameroun;Afrique
3175;9645;Store;1;1378;ESPÈCES;08/04/2024;4;13/04/2024;10; 955 980,30 XOF ; 2 078 835,00 XOF ;Cameroun;Afrique
3154;1032;En ligne;3;1324;DÉBIT CARTE;08/04/2024;4;12/04/2024;13; 78 045,00 XOF ; 153 039,15 XOF ;Canada;Amérique
3155;9159;Store;1;952;DÉBIT CARTE;08/04/2024;4;11/04/2024;13; 1 102 775,85 XOF ; 2 398 110,00 XOF ;Canada;Amérique
3166;1032;Store;3;900;DÉBIT CARTE;08/04/2024;4;12/04/2024;6; 46 968,90 XOF ; 92 164,05 XOF ;Côte d'ivoire;Afrique
3171;5093;En ligne;4;761;DÉBIT CARTE;08/04/2024;0;08/04/2024;4; 590 020,20 XOF ; 1 780 845,00 XOF ;Côte d'ivoire;Afrique
3144;8668;Store;3;235;ESPÈCES;08/04/2024;4;12/04/2024;13; 150 981,60 XOF ; 296 074,35 XOF ;Etats-Unis;Amérique
3149;9159;Store;1;1;DÉBIT CARTE;08/04/2024;4;11/04/2024;20; 1 804 968,00 XOF ; 3 540 405,00 XOF ;Etats-Unis;Amérique
3156;5093;En ligne;4;244;DÉBIT CARTE;08/04/2024;0;08/04/2024;13; 88 048,95 XOF ; 191 494,05 XOF ;Etats-Unis;Amérique
3157;3347;Store;3;156;VIREMENT;08/04/2024;4;14/04/2024;12; 420 875,40 XOF ; 915 255,00 XOF ;Etats-Unis;Amérique
3169;9159;Store;4;249;DÉBIT CARTE;08/04/2024;4;11/04/2024;5; 1 533 371,40 XOF ; 3 334 437,15 XOF ;Etats-Unis;Amérique
3176;9645;Store;1;865;ESPÈCES;08/04/2024;4;13/04/2024;10; 56 050,50 XOF ; 109 972,50 XOF ;Etats-Unis;Amérique
3178;4369;Store;3;1475;ESPÈCES;08/04/2024;4;10/04/2024;10; 642 452,25 XOF ; 1 397 005,50 XOF ;Etats-Unis;Amérique
3145;8668;Store;4;608;ESPÈCES;08/04/2024;4;12/04/2024;12; 613 362,75 XOF ; 1 333 860,00 XOF ;France;Europe
3150;3347;En ligne;3;694;VIREMENT;08/04/2024;4;14/04/2024;18; 779 811,45 XOF ; 1 695 705,00 XOF ;France;Europe
3151;3413;Store;1;1043;DÉBIT CARTE;08/04/2024;4;13/04/2024;13; 358 084,65 XOF ; 702 405,00 XOF ;France;Europe
3152;3413;Store;1;792;DÉBIT CARTE;08/04/2024;4;13/04/2024;13; 614 994,60 XOF ; 1 337 407,50 XOF ;France;Europe
3168;3347;Store;3;958;VIREMENT;08/04/2024;4;14/04/2024;5; 2 903 841,60 XOF ; 6 314 550,00 XOF ;France;Europe
3174;8668;Store;3;1214;ESPÈCES;08/04/2024;4;12/04/2024;12; 479 622,00 XOF ; 1 042 965,00 XOF ;France;Europe
3177;4369;Store;3;1456;ESPÈCES;08/04/2024;4;10/04/2024;10; 601 939,80 XOF ; 1 309 027,50 XOF ;France;Europe
3188;10398;En ligne;4;945;DÉBIT CARTE;09/04/2024;2;12/04/2024;12; 78 045,00 XOF ; 153 039,15 XOF ;Burkina Faso;Afrique
3194;10648;Store;4;1235;VIREMENT;09/04/2024;2;14/04/2024;10; 750 438,15 XOF ; 1 631 850,00 XOF ;Burkina Faso;Afrique
3200;10398;Store;2;761;DÉBIT CARTE;09/04/2024;2;12/04/2024;6; 110 469,15 XOF ; 333 394,05 XOF ;Burkina Faso;Afrique
3180;8731;Store;4;1384;ESPÈCES;09/04/2024;2;13/04/2024;54; 43 066,65 XOF ; 84 430,50 XOF ;Cameroun;Afrique
3181;4297;Store;4;1308;ESPÈCES;09/04/2024;4;15/04/2024;12; 132 321,75 XOF ; 287 702,25 XOF ;Cameroun;Afrique
3182;10648;Store;2;2510;VIREMENT;09/04/2024;2;14/04/2024;100; 198 943,80 XOF ; 390 225,00 XOF ;Cameroun;Afrique
3184;203;Store;4;584;VIREMENT;09/04/2024;0;09/04/2024;20; 828 341,25 XOF ; 1 624 755,00 XOF ;Cameroun;Afrique
3186;7601;Store;3;616;DÉBIT CARTE;09/04/2024;0;09/04/2024;13; 1 243 540,65 XOF ; 3 753 255,00 XOF ;Cameroun;Afrique
3190;9711;Store;3;1388;VIREMENT;09/04/2024;1;11/04/2024;12; 1 878 188,40 XOF ; 5 668 905,00 XOF ;Cameroun;Afrique
3191;203;En ligne;4;309;VIREMENT;09/04/2024;0;09/04/2024;12; 5 874 447,15 XOF ; 17 730 405,00 XOF ;Cameroun;Afrique
3195;5948;Store;2;423;VIREMENT;09/04/2024;2;11/04/2024;10; 1 168 049,85 XOF ; 2 540 010,00 XOF ;Cameroun;Afrique
3196;7601;Store;3;1152;DÉBIT CARTE;09/04/2024;0;09/04/2024;10; 358 084,65 XOF ; 702 405,00 XOF ;Cameroun;Afrique
3197;7267;En ligne;4;1018;VIREMENT;09/04/2024;1;11/04/2024;9; 542 412,75 XOF ; 1 063 895,25 XOF ;Cameroun;Afrique
3198;203;Store;3;332;VIREMENT;09/04/2024;0;09/04/2024;9; 2 773 293,60 XOF ; 6 030 750,00 XOF ;Cameroun;Afrique
3201;7267;Store;2;848;VIREMENT;09/04/2024;1;11/04/2024;5; 117 422,25 XOF ; 255 349,05 XOF ;Cameroun;Afrique
3183;10648;En ligne;3;2515;VIREMENT;09/04/2024;2;14/04/2024;80; 629 965,05 XOF ; 1 901 460,00 XOF ;Côte d'ivoire;Afrique
3185;10398;Store;1;955;DÉBIT CARTE;09/04/2024;2;12/04/2024;13; 388 238,40 XOF ; 844 305,00 XOF ;Côte d'ivoire;Afrique
3193;10648;En ligne;4;350;VIREMENT;09/04/2024;2;14/04/2024;10; 1 153 930,80 XOF ; 2 263 305,00 XOF ;Côte d'ivoire;Afrique
3199;10398;En ligne;4;1454;DÉBIT CARTE;09/04/2024;2;12/04/2024;6; 649 263,45 XOF ; 1 411 905,00 XOF ;Côte d'ivoire;Afrique
3202;8674;Store;4;73;VIREMENT;09/04/2024;2;13/04/2024;4; 282 168,15 XOF ; 553 410,00 XOF ;Côte d'ivoire;Afrique
3192;10648;En ligne;4;362;VIREMENT;09/04/2024;2;14/04/2024;10; 41 292,90 XOF ; 89 822,70 XOF ;France;Europe
3187;8674;Store;3;1607;VIREMENT;09/04/2024;2;13/04/2024;12; 976 484,85 XOF ; 1 915 295,25 XOF ;Sénégal;Afrique
3189;10398;En ligne;4;227;DÉBIT CARTE;09/04/2024;2;12/04/2024;12; 1 083 264,60 XOF ; 2 355 540,00 XOF ;Sénégal;Afrique
3214;7218;En ligne;4;828;VIREMENT;10/04/2024;4;16/04/2024;12; 518 786,40 XOF ; 1 128 105,00 XOF ;Canada;Amérique
3220;7994;Store;3;1218;DÉBIT CARTE;10/04/2024;4;14/04/2024;10; 521 979,15 XOF ; 1 135 129,05 XOF ;Canada;Amérique
3203;11005;Store;3;431;DÉBIT CARTE;10/04/2024;4;15/04/2024;156; 871 124,10 XOF ; 1 894 365,00 XOF ;Etats-Unis;Amérique
3207;1450;Store;2;74;DÉBIT CARTE;10/04/2024;4;15/04/2024;20; 2 864 677,20 XOF ; 6 229 410,00 XOF ;Etats-Unis;Amérique
3216;12359;Store;2;1438;DÉBIT CARTE;10/04/2024;4;12/04/2024;12; 874 387,80 XOF ; 1 901 460,00 XOF ;Etats-Unis;Amérique
3217;1450;Store;2;1529;DÉBIT CARTE;10/04/2024;4;15/04/2024;10; 57 540,45 XOF ; 112 810,50 XOF ;Etats-Unis;Amérique
3222;1450;Store;4;563;DÉBIT CARTE;10/04/2024;4;15/04/2024;9; 397 887,60 XOF ; 780 379,05 XOF ;Etats-Unis;Amérique
3204;1450;En ligne;4;736;DÉBIT CARTE;10/04/2024;4;15/04/2024;36; 991 881,00 XOF ; 2 156 880,00 XOF ;France;Europe
3205;12359;En ligne;4;1168;DÉBIT CARTE;10/04/2024;4;12/04/2024;36; 1 562 673,75 XOF ; 3 065 040,00 XOF ;France;Europe
3208;3670;En ligne;4;953;VIREMENT;10/04/2024;4;13/04/2024;20; 394 765,80 XOF ; 858 495,00 XOF ;France;Europe
3209;7218;Store;4;559;VIREMENT;10/04/2024;4;16/04/2024;13; 1 102 775,85 XOF ; 2 398 110,00 XOF ;France;Europe
3211;3670;Store;4;1176;VIREMENT;10/04/2024;4;13/04/2024;13; 1 102 775,85 XOF ; 2 398 110,00 XOF ;France;Europe
3212;3670;Store;3;824;VIREMENT;10/04/2024;4;13/04/2024;13; 420 875,40 XOF ; 915 255,00 XOF ;France;Europe
3213;12359;Store;1;207;DÉBIT CARTE;10/04/2024;4;12/04/2024;13; 368 940,00 XOF ; 723 690,00 XOF ;France;Europe
3215;7218;En ligne;4;135;VIREMENT;10/04/2024;4;16/04/2024;12; 975 562,50 XOF ; 2 121 405,00 XOF ;France;Europe
3218;11005;En ligne;4;336;DÉBIT CARTE;10/04/2024;4;15/04/2024;10; 53 851,05 XOF ; 117 067,50 XOF ;France;Europe
3219;5209;Store;3;209;DÉBIT CARTE;10/04/2024;4;14/04/2024;10; 97 698,15 XOF ; 212 495,25 XOF ;France;Europe
3221;3670;Store;2;1438;VIREMENT;10/04/2024;4;13/04/2024;10; 538 368,60 XOF ; 1 170 675,00 XOF ;France;Europe
3224;5209;Store;3;1587;DÉBIT CARTE;10/04/2024;4;14/04/2024;9; 213 417,60 XOF ; 418 605,00 XOF ;France;Europe
3225;7218;Store;3;780;VIREMENT;10/04/2024;4;16/04/2024;8; 41 576,70 XOF ; 81 592,50 XOF ;France;Europe
3228;5209;Store;3;125;DÉBIT CARTE;10/04/2024;4;14/04/2024;4; 466 638,15 XOF ; 915 255,00 XOF ;France;Europe
3229;5209;En ligne;4;573;DÉBIT CARTE;10/04/2024;4;14/04/2024;4; 1 530 249,60 XOF ; 3 327 555,00 XOF ;France;Europe
3230;5405;Store;2;112;ESPÈCES;10/04/2024;4;12/04/2024;13; 2 303 675,55 XOF ; 6 953 100,00 XOF ;France;Europe
3206;7218;Store;3;1182;VIREMENT;10/04/2024;4;16/04/2024;26; 127 213,35 XOF ; 276 634,05 XOF ;Gabon;Afrique
3210;7994;Store;3;1364;DÉBIT CARTE;10/04/2024;4;14/04/2024;13; 98 762,40 XOF ; 297 990,00 XOF ;Gabon;Afrique
3223;1450;Store;4;251;DÉBIT CARTE;10/04/2024;4;15/04/2024;9; 388 238,40 XOF ; 844 305,00 XOF ;Gabon;Afrique
3226;3670;En ligne;4;636;VIREMENT;10/04/2024;4;13/04/2024;8; 127 213,35 XOF ; 276 634,05 XOF ;Gabon;Afrique
3227;12359;Store;1;1454;DÉBIT CARTE;10/04/2024;4;12/04/2024;6; 25 116,30 XOF ; 49 310,25 XOF ;Gabon;Afrique
3237;1959;Store;3;885;VIREMENT;11/04/2024;2;13/04/2024;13; 1 016 429,70 XOF ; 1 993 695,00 XOF ;Burkina Faso;Afrique
3244;771;En ligne;4;1464;DÉBIT CARTE;11/04/2024;2;17/04/2024;10; 1 084 825,50 XOF ; 2 127 790,50 XOF ;Canada;Amérique
3252;771;Store;4;1024;DÉBIT CARTE;11/04/2024;2;17/04/2024;8; 518 715,45 XOF ; 1 017 423,00 XOF ;Canada;Amérique
3261;3252;Store;3;755;ESPÈCES;11/04/2024;2;13/04/2024;6; 36 113,55 XOF ; 70 879,05 XOF ;Canada;Amérique
3231;12170;Store;4;751;ESPÈCES;11/04/2024;2;16/04/2024;9; 1 011 463,20 XOF ; 2 199 450,00 XOF ;Côte d'ivoire;Afrique
3232;257;Store;4;1579;ESPÈCES;11/04/2024;1;13/04/2024;8; 213 417,60 XOF ; 418 605,00 XOF ;Côte d'ivoire;Afrique
3233;7289;Store;4;1255;VIREMENT;11/04/2024;1;13/04/2024;20; 1 374 585,30 XOF ; 2 696 100,00 XOF ;Côte d'ivoire;Afrique
3234;9030;En ligne;4;1363;DÉBIT CARTE;11/04/2024;4;14/04/2024;18; 61 442,70 XOF ; 120 544,05 XOF ;Côte d'ivoire;Afrique
3235;11005;En ligne;4;270;DÉBIT CARTE;11/04/2024;4;16/04/2024;16; 518 715,45 XOF ; 1 017 423,00 XOF ;Côte d'ivoire;Afrique
3236;6979;Store;4;559;DÉBIT CARTE;11/04/2024;1;13/04/2024;13; 358 084,65 XOF ; 702 405,00 XOF ;Côte d'ivoire;Afrique
3238;11005;En ligne;4;526;DÉBIT CARTE;11/04/2024;4;16/04/2024;12; 433 930,20 XOF ; 943 564,05 XOF ;Côte d'ivoire;Afrique
3239;9030;Store;1;457;DÉBIT CARTE;11/04/2024;4;14/04/2024;12; 584 060,40 XOF ; 1 270 005,00 XOF ;Côte d'ivoire;Afrique
3242;771;Store;1;504;DÉBIT CARTE;11/04/2024;2;17/04/2024;10; 613 362,75 XOF ; 1 333 860,00 XOF ;Côte d'ivoire;Afrique
3243;771;Store;4;39;DÉBIT CARTE;11/04/2024;2;17/04/2024;10; 434 001,15 XOF ; 851 329,05 XOF ;Côte d'ivoire;Afrique
3245;7289;En ligne;4;397;VIREMENT;11/04/2024;1;13/04/2024;10; 2 473 175,10 XOF ; 5 378 010,00 XOF ;Côte d'ivoire;Afrique
3246;7289;Store;3;181;VIREMENT;11/04/2024;1;13/04/2024;10; 599 456,55 XOF ; 1 809 225,00 XOF ;Côte d'ivoire;Afrique
3247;6979;Store;1;1362;DÉBIT CARTE;11/04/2024;1;13/04/2024;10; 831 604,95 XOF ; 1 631 140,50 XOF ;Côte d'ivoire;Afrique
3248;1959;Store;2;66;VIREMENT;11/04/2024;2;13/04/2024;10; 2 089 761,30 XOF ; 6 307 455,00 XOF ;Côte d'ivoire;Afrique
3253;6979;En ligne;4;1435;DÉBIT CARTE;11/04/2024;1;13/04/2024;8; 243 784,20 XOF ; 478 203,00 XOF ;Côte d'ivoire;Afrique
3254;771;Store;2;80;DÉBIT CARTE;11/04/2024;2;17/04/2024;6; 1 385 227,80 XOF ; 2 717 030,25 XOF ;Côte d'ivoire;Afrique
3255;11005;Store;2;766;DÉBIT CARTE;11/04/2024;4;16/04/2024;5; 91 028,85 XOF ; 197 950,50 XOF ;Côte d'ivoire;Afrique
3257;634;Store;3;978;ESPÈCES;11/04/2024;1;13/04/2024;12; 681 687,60 XOF ; 2 057 550,00 XOF ;Côte d'ivoire;Afrique
3258;257;Store;3;1225;ESPÈCES;11/04/2024;1;13/04/2024;10; 1 102 775,85 XOF ; 2 398 110,00 XOF ;Côte d'ivoire;Afrique
3259;12170;Store;4;346;ESPÈCES;11/04/2024;2;16/04/2024;9; 55 411,95 XOF ; 120 544,05 XOF ;Côte d'ivoire;Afrique
3260;3648;Store;4;871;ESPÈCES;11/04/2024;4;13/04/2024;9; 180 851,55 XOF ; 354 750,00 XOF ;Côte d'ivoire;Afrique
3241;1959;Store;4;1271;VIREMENT;11/04/2024;2;13/04/2024;12; 587 253,15 XOF ; 1 277 029,05 XOF ;France;Europe
3249;7289;Store;3;1362;VIREMENT;11/04/2024;1;13/04/2024;9; 645 999,75 XOF ; 1 404 810,00 XOF ;France;Europe
3240;7289;En ligne;4;39;VIREMENT;11/04/2024;1;13/04/2024;12; 1 011 463,20 XOF ; 2 199 450,00 XOF ;Gabon;Afrique
3250;6979;Store;3;301;DÉBIT CARTE;11/04/2024;1;13/04/2024;9; 46 827,00 XOF ; 91 880,25 XOF ;Gabon;Afrique
3251;9993;Store;3;1122;DÉBIT CARTE;11/04/2024;4;17/04/2024;8; 1 954 388,70 XOF ; 4 249 905,00 XOF ;Ghana;Afrique
3256;3648;Store;3;671;ESPÈCES;11/04/2024;4;13/04/2024;12; 5 874 447,15 XOF ; 17 730 405,00 XOF ;Ghana;Afrique
3268;5800;Store;4;607;ESPÈCES;12/04/2024;1;14/04/2024;12; 946 189,20 XOF ; 2 057 550,00 XOF ;Cameroun;Afrique
3269;2552;Store;4;300;ESPÈCES;12/04/2024;4;18/04/2024;10; 1 455 113,55 XOF ; 4 391 805,00 XOF ;Cameroun;Afrique
3271;6660;En ligne;4;775;DÉBIT CARTE;12/04/2024;4;14/04/2024;39; 3 742 825,35 XOF ; 11 296 659,00 XOF ;Cameroun;Afrique
3272;10896;Store;3;452;VIREMENT;12/04/2024;4;16/04/2024;36; 368 940,00 XOF ; 723 690,00 XOF ;Cameroun;Afrique
3278;10896;Store;2;381;VIREMENT;12/04/2024;4;16/04/2024;12; 1 203 950,55 XOF ; 2 618 055,00 XOF ;Cameroun;Afrique
3284;5267;Store;3;1654;VIREMENT;12/04/2024;4;17/04/2024;10; 2 473 175,10 XOF ; 5 378 010,00 XOF ;Cameroun;Afrique
3286;5033;En ligne;4;1343;VIREMENT;12/04/2024;4;16/04/2024;10; 388 238,40 XOF ; 844 305,00 XOF ;Cameroun;Afrique
3292;5267;Store;3;72;VIREMENT;12/04/2024;4;17/04/2024;9; 1 011 463,20 XOF ; 2 199 450,00 XOF ;Cameroun;Afrique
3295;10945;En ligne;3;748;DÉBIT CARTE;12/04/2024;1;14/04/2024;5; 1 168 049,85 XOF ; 2 540 010,00 XOF ;Cameroun;Afrique
3304;5800;Store;2;467;ESPÈCES;12/04/2024;1;14/04/2024;10; 1 083 264,60 XOF ; 2 355 540,00 XOF ;Cameroun;Afrique
3305;5800;Store;4;1489;ESPÈCES;12/04/2024;1;14/04/2024;10; 518 786,40 XOF ; 1 128 105,00 XOF ;Cameroun;Afrique
3276;6660;En ligne;4;1133;DÉBIT CARTE;12/04/2024;4;14/04/2024;13; 482 885,70 XOF ; 1 050 060,00 XOF ;Canada;Amérique
3279;5033;En ligne;4;668;VIREMENT;12/04/2024;4;16/04/2024;12; 117 422,25 XOF ; 255 349,05 XOF ;Canada;Amérique
3290;3098;Store;2;946;DÉBIT CARTE;12/04/2024;4;14/04/2024;10; 1 004 935,80 XOF ; 2 185 260,00 XOF ;Canada;Amérique
3265;11570;Store;4;197;ESPÈCES;12/04/2024;4;16/04/2024;24; 3 053 546,10 XOF ; 9 216 405,00 XOF ;Côte d'ivoire;Afrique
3266;10419;Store;4;1531;ESPÈCES;12/04/2024;4;15/04/2024;13; 939 661,80 XOF ; 2 043 360,00 XOF ;Côte d'ivoire;Afrique
3267;4109;Store;4;1388;ESPÈCES;12/04/2024;1;14/04/2024;12; 1 335 208,05 XOF ; 4 029 960,00 XOF ;Côte d'ivoire;Afrique
3280;5033;Store;3;1227;VIREMENT;12/04/2024;4;16/04/2024;12; 845 085,45 XOF ; 1 837 605,00 XOF ;Côte d'ivoire;Afrique
3281;9030;Store;4;1154;DÉBIT CARTE;12/04/2024;4;15/04/2024;12; 92 944,50 XOF ; 182 270,55 XOF ;Côte d'ivoire;Afrique
3283;10945;Store;4;307;DÉBIT CARTE;12/04/2024;1;14/04/2024;12; 619 890,15 XOF ; 1 348 050,00 XOF ;Côte d'ivoire;Afrique
3287;3943;Store;1;27;DÉBIT CARTE;12/04/2024;1;14/04/2024;10; 1 083 264,60 XOF ; 2 355 540,00 XOF ;Côte d'ivoire;Afrique
3291;3098;Store;4;709;DÉBIT CARTE;12/04/2024;4;14/04/2024;10; 1 925 228,25 XOF ; 5 810 805,00 XOF ;Côte d'ivoire;Afrique
3296;5267;Store;4;94;VIREMENT;12/04/2024;4;17/04/2024;4; 5 394 896,10 XOF ; 16 283 025,00 XOF ;Côte d'ivoire;Afrique
3297;2552;Store;3;426;ESPÈCES;12/04/2024;4;18/04/2024;60; 47 039,85 XOF ; 92 235,00 XOF ;Côte d'ivoire;Afrique
3298;5800;Store;1;1046;ESPÈCES;12/04/2024;1;14/04/2024;26; 629 965,05 XOF ; 1 901 460,00 XOF ;Côte d'ivoire;Afrique
3300;2552;Store;1;725;ESPÈCES;12/04/2024;4;18/04/2024;13; 57 540,45 XOF ; 112 810,50 XOF ;Côte d'ivoire;Afrique
3302;11570;Store;3;1592;ESPÈCES;12/04/2024;4;16/04/2024;12; 619 890,15 XOF ; 1 348 050,00 XOF ;Côte d'ivoire;Afrique
3303;3612;Store;4;707;ESPÈCES;12/04/2024;4;18/04/2024;10; 871 124,10 XOF ; 1 894 365,00 XOF ;Côte d'ivoire;Afrique
3307;235;Store;3;679;ESPÈCES;12/04/2024;4;15/04/2024;4; 1 736 288,40 XOF ; 3 405 600,00 XOF ;Côte d'ivoire;Afrique
3273;10896;En ligne;4;1483;VIREMENT;12/04/2024;4;16/04/2024;20; 1 856 477,70 XOF ; 4 037 055,00 XOF ;Gabon;Afrique
3277;6660;Store;2;1081;DÉBIT CARTE;12/04/2024;4;14/04/2024;13; 2 248 050,75 XOF ; 4 888 455,00 XOF ;Gabon;Afrique
3288;10945;Store;3;1133;DÉBIT CARTE;12/04/2024;1;14/04/2024;10; 91 028,85 XOF ; 197 950,50 XOF ;Gabon;Afrique
3289;3098;En ligne;4;1148;DÉBIT CARTE;12/04/2024;4;14/04/2024;10; 1 954 388,70 XOF ; 4 249 905,00 XOF ;Gabon;Afrique
3262;10419;Store;3;435;ESPÈCES;12/04/2024;4;15/04/2024;40; 645 999,75 XOF ; 1 404 810,00 XOF ;Ghana;Afrique
3263;3612;Store;3;1568;ESPÈCES;12/04/2024;4;18/04/2024;39; 384 974,70 XOF ; 837 210,00 XOF ;Ghana;Afrique
3264;3612;Store;4;1174;ESPÈCES;12/04/2024;4;18/04/2024;26; 3 259 443,00 XOF ; 7 087 905,00 XOF ;Ghana;Afrique
3270;2552;Store;4;1210;ESPÈCES;12/04/2024;4;18/04/2024;8; 159 140,85 XOF ; 312 180,00 XOF ;Ghana;Afrique
3274;5033;En ligne;4;1370;VIREMENT;12/04/2024;4;16/04/2024;20; 652 527,15 XOF ; 1 419 000,00 XOF ;Ghana;Afrique
3275;10945;En ligne;4;737;DÉBIT CARTE;12/04/2024;1;14/04/2024;13; 1 190 044,35 XOF ; 2 334 255,00 XOF ;Ghana;Afrique
3282;10945;Store;4;1523;DÉBIT CARTE;12/04/2024;1;14/04/2024;12; 3 053 546,10 XOF ; 9 216 405,00 XOF ;Ghana;Afrique
3285;10896;En ligne;4;1118;VIREMENT;12/04/2024;4;16/04/2024;10; 282 168,15 XOF ; 553 410,00 XOF ;Ghana;Afrique
3293;6660;En ligne;4;575;DÉBIT CARTE;12/04/2024;4;14/04/2024;8; 53 780,10 XOF ; 162 404,55 XOF ;Ghana;Afrique
3294;3943;En ligne;4;813;DÉBIT CARTE;12/04/2024;1;14/04/2024;6; 601 939,80 XOF ; 1 309 027,50 XOF ;Ghana;Afrique
3299;3612;Store;1;815;ESPÈCES;12/04/2024;4;18/04/2024;13; 420 875,40 XOF ; 915 255,00 XOF ;Ghana;Afrique
3301;2552;Store;2;1514;ESPÈCES;12/04/2024;4;18/04/2024;13; 2 280 616,80 XOF ; 4 959 405,00 XOF ;Ghana;Afrique
3306;11570;Store;4;66;ESPÈCES;12/04/2024;4;16/04/2024;5; 46 968,90 XOF ; 92 164,05 XOF ;Ghana;Afrique
3310;4959;Store;4;1587;ESPÈCES;13/04/2024;1;15/04/2024;12; 388 238,40 XOF ; 844 305,00 XOF ;Burkina Faso;Afrique
3314;8960;En ligne;3;1277;VIREMENT;13/04/2024;4;19/04/2024;40; 1 190 044,35 XOF ; 2 334 255,00 XOF ;Burkina Faso;Afrique
3315;7859;En ligne;4;1042;VIREMENT;13/04/2024;4;15/04/2024;39; 358 084,65 XOF ; 702 405,00 XOF ;Burkina Faso;Afrique
3316;4925;Store;4;574;DÉBIT CARTE;13/04/2024;4;16/04/2024;26; 601 939,80 XOF ; 1 309 027,50 XOF ;Burkina Faso;Afrique
3318;8960;En ligne;4;937;VIREMENT;13/04/2024;4;19/04/2024;20; 645 999,75 XOF ; 1 404 810,00 XOF ;Burkina Faso;Afrique
3320;2033;Store;4;1232;DÉBIT CARTE;13/04/2024;1;15/04/2024;13; 913 552,20 XOF ; 1 986 529,05 XOF ;Burkina Faso;Afrique
3323;4925;Store;2;900;DÉBIT CARTE;13/04/2024;4;16/04/2024;10; 1 073 473,50 XOF ; 2 334 255,00 XOF ;Burkina Faso;Afrique
3324;7859;Store;4;481;VIREMENT;13/04/2024;4;15/04/2024;10; 221 860,65 XOF ; 482 460,00 XOF ;Burkina Faso;Afrique
3325;3593;Store;2;692;DÉBIT CARTE;13/04/2024;4;18/04/2024;9; 3 155 075,55 XOF ; 6 860 865,00 XOF ;Burkina Faso;Afrique
3326;3412;Store;3;1390;DÉBIT CARTE;13/04/2024;2;17/04/2024;9; 1 025 369,40 XOF ; 3 094 839,00 XOF ;Burkina Faso;Afrique
3327;4925;Store;2;1653;DÉBIT CARTE;13/04/2024;4;16/04/2024;5; 914 403,60 XOF ; 2 759 955,00 XOF ;Burkina Faso;Afrique
3328;7859;En ligne;4;755;VIREMENT;13/04/2024;4;15/04/2024;5; 1 382 247,90 XOF ; 4 171 860,00 XOF ;Burkina Faso;Afrique
3332;4959;Store;3;711;ESPÈCES;13/04/2024;1;15/04/2024;12; 681 687,60 XOF ; 2 057 479,05 XOF ;Burkina Faso;Afrique
3335;235;Store;2;1469;ESPÈCES;13/04/2024;4;16/04/2024;6; 542 980,35 XOF ; 1 638 945,00 XOF ;Burkina Faso;Afrique
3309;1259;Store;4;245;ESPÈCES;13/04/2024;1;15/04/2024;13; 649 263,45 XOF ; 1 411 905,00 XOF ;Côte d'ivoire;Afrique
3311;4959;Store;3;1255;ESPÈCES;13/04/2024;1;15/04/2024;9; 3 259 443,00 XOF ; 7 087 905,00 XOF ;Côte d'ivoire;Afrique
3313;235;Store;4;813;ESPÈCES;13/04/2024;4;16/04/2024;4; 1 301 861,55 XOF ; 2 830 905,00 XOF ;Côte d'ivoire;Afrique
3317;3412;Store;2;212;DÉBIT CARTE;13/04/2024;2;17/04/2024;24; 973 008,30 XOF ; 1 908 555,00 XOF ;Côte d'ivoire;Afrique
3319;4925;Store;3;1053;DÉBIT CARTE;13/04/2024;4;16/04/2024;13; 681 687,60 XOF ; 2 057 550,00 XOF ;Côte d'ivoire;Afrique
3322;3593;Store;2;383;DÉBIT CARTE;13/04/2024;4;18/04/2024;12; 2 473 175,10 XOF ; 5 378 010,00 XOF ;Côte d'ivoire;Afrique
3329;8960;Store;3;958;VIREMENT;13/04/2024;4;19/04/2024;4; 443 721,30 XOF ; 964 920,00 XOF ;Côte d'ivoire;Afrique
3331;235;Store;4;1049;ESPÈCES;13/04/2024;4;16/04/2024;12; 596 831,40 XOF ; 1 170 675,00 XOF ;Côte d'ivoire;Afrique
3334;4959;Store;3;1526;ESPÈCES;13/04/2024;1;15/04/2024;10; 97 556,25 XOF ; 212 140,50 XOF ;Côte d'ivoire;Afrique
3336;235;Store;1;927;ESPÈCES;13/04/2024;4;16/04/2024;6; 616 626,45 XOF ; 1 340 955,00 XOF ;Côte d'ivoire;Afrique
3308;4959;Store;4;1449;ESPÈCES;13/04/2024;1;15/04/2024;26; 2 473 175,10 XOF ; 5 378 010,00 XOF ;Ghana;Afrique
3312;1259;Store;4;146;ESPÈCES;13/04/2024;1;15/04/2024;6; 601 939,80 XOF ; 1 309 027,50 XOF ;Ghana;Afrique
3321;3593;Store;4;542;DÉBIT CARTE;13/04/2024;4;18/04/2024;12; 982 089,90 XOF ; 2 135 595,00 XOF ;Ghana;Afrique
3330;1259;Store;3;1135;ESPÈCES;13/04/2024;1;15/04/2024;20; 420 875,40 XOF ; 915 255,00 XOF ;Ghana;Afrique
3333;1259;Store;2;1222;ESPÈCES;13/04/2024;1;15/04/2024;10; 978 826,20 XOF ; 2 128 500,00 XOF ;Ghana;Afrique
3357;7356;Store;4;1373;ESPÈCES;14/04/2024;4;20/04/2024;13; 2 805 930,60 XOF ; 6 101 700,00 XOF ;Burkina Faso;Afrique
3343;5998;Store;3;872;DÉBIT CARTE;14/04/2024;4;16/04/2024;18; 1 631 353,35 XOF ; 3 547 500,00 XOF ;Cameroun;Afrique
3345;7751;Store;4;123;DÉBIT CARTE;14/04/2024;4;20/04/2024;13; 750 438,15 XOF ; 1 631 850,00 XOF ;Cameroun;Afrique
3354;5998;Store;4;659;DÉBIT CARTE;14/04/2024;4;16/04/2024;8; 437 193,90 XOF ; 950 730,00 XOF ;Cameroun;Afrique
3355;436;Store;2;1317;DÉBIT CARTE;14/04/2024;4;19/04/2024;6; 101 032,80 XOF ; 305 014,05 XOF ;Cameroun;Afrique
3358;7356;Store;3;1507;ESPÈCES;14/04/2024;4;20/04/2024;12; 253 433,40 XOF ; 551 139,60 XOF ;Cameroun;Afrique
3337;11574;Store;3;1415;ESPÈCES;14/04/2024;4;18/04/2024;24; 470 114,70 XOF ; 1 419 000,00 XOF ;Ghana;Afrique
3339;11574;Store;4;10;ESPÈCES;14/04/2024;4;18/04/2024;12; 243 784,20 XOF ; 478 203,00 XOF ;Ghana;Afrique
3340;5998;Store;3;2506;DÉBIT CARTE;14/04/2024;4;16/04/2024;120; 101 032,80 XOF ; 305 014,05 XOF ;Ghana;Afrique
3341;4925;En ligne;3;952;DÉBIT CARTE;14/04/2024;4;17/04/2024;26; 1 382 247,90 XOF ; 4 171 860,00 XOF ;Ghana;Afrique
3342;7751;Store;4;1589;DÉBIT CARTE;14/04/2024;4;20/04/2024;20; 48 813,60 XOF ; 95 782,50 XOF ;Ghana;Afrique
3344;7751;Store;1;1219;DÉBIT CARTE;14/04/2024;4;20/04/2024;13; 1 016 429,70 XOF ; 1 993 695,00 XOF ;Ghana;Afrique
3346;436;Store;3;1611;DÉBIT CARTE;14/04/2024;4;19/04/2024;12; 750 438,15 XOF ; 1 631 850,00 XOF ;Ghana;Afrique
3347;7751;Store;3;75;DÉBIT CARTE;14/04/2024;4;20/04/2024;10; 1 407 080,40 XOF ; 2 759 955,00 XOF ;Ghana;Afrique
3348;7751;En ligne;4;391;DÉBIT CARTE;14/04/2024;4;20/04/2024;10; 1 025 369,40 XOF ; 3 094 839,00 XOF ;Ghana;Afrique
3349;436;Store;3;818;DÉBIT CARTE;14/04/2024;4;19/04/2024;10; 1 016 429,70 XOF ; 1 993 695,00 XOF ;Ghana;Afrique
3350;436;Store;3;1582;DÉBIT CARTE;14/04/2024;4;19/04/2024;10; 542 980,35 XOF ; 1 638 945,00 XOF ;Ghana;Afrique
3351;436;En ligne;4;1037;DÉBIT CARTE;14/04/2024;4;19/04/2024;9; 50 303,55 XOF ; 98 620,50 XOF ;Ghana;Afrique
3352;8529;Store;1;1177;DÉBIT CARTE;14/04/2024;4;16/04/2024;9; 1 486 686,30 XOF ; 2 916 045,00 XOF ;Ghana;Afrique
3353;8939;En ligne;3;1108;VIREMENT;14/04/2024;1;16/04/2024;9; 397 887,60 XOF ; 780 379,05 XOF ;Ghana;Afrique
3356;7356;Store;2;1546;ESPÈCES;14/04/2024;4;20/04/2024;20; 976 484,85 XOF ; 1 915 295,25 XOF ;Ghana;Afrique
3359;7356;Store;3;1128;ESPÈCES;14/04/2024;4;20/04/2024;12; 1 382 247,90 XOF ; 4 171 860,00 XOF ;Ghana;Afrique
3360;11574;Store;3;1162;ESPÈCES;14/04/2024;4;18/04/2024;10; 97 272,45 XOF ; 190 855,50 XOF ;Ghana;Afrique
3361;11574;Store;3;661;ESPÈCES;14/04/2024;4;18/04/2024;9; 643 871,25 XOF ; 1 262 910,00 XOF ;Ghana;Afrique
3362;7356;Store;4;1225;ESPÈCES;14/04/2024;4;20/04/2024;8; 5 394 896,10 XOF ; 16 283 025,00 XOF ;Ghana;Afrique
3363;10827;Store;1;650;ESPÈCES;14/04/2024;2;17/04/2024;4; 36 113,55 XOF ; 70 879,05 XOF ;Ghana;Afrique
3364;10827;Store;1;933;ESPÈCES;14/04/2024;2;17/04/2024;4; 1 516 201,50 XOF ; 4 576 275,00 XOF ;Ghana;Afrique
3338;11574;Store;4;280;ESPÈCES;14/04/2024;4;18/04/2024;13; 1 011 463,20 XOF ; 2 199 450,00 XOF ;Sénégal;Afrique
3365;1074;Store;3;1415;ESPÈCES;15/04/2024;4;19/04/2024;36; 1 119 094,35 XOF ; 2 433 585,00 XOF ;Cameroun;Afrique
3366;2147;Store;4;1439;ESPÈCES;15/04/2024;4;18/04/2024;10; 1 846 686,60 XOF ; 4 015 770,00 XOF ;Cameroun;Afrique
3367;1948;En ligne;4;1647;DÉBIT CARTE;15/04/2024;2;18/04/2024;26; 1 455 113,55 XOF ; 4 391 805,00 XOF ;Cameroun;Afrique
3369;8252;En ligne;4;435;VIREMENT;15/04/2024;2;21/04/2024;20; 514 813,20 XOF ; 1 553 805,00 XOF ;Cameroun;Afrique
3376;7760;Store;3;1477;DÉBIT CARTE;15/04/2024;4;21/04/2024;10; 1 385 227,80 XOF ; 2 717 030,25 XOF ;Cameroun;Afrique
3378;2933;Store;4;1152;DÉBIT CARTE;15/04/2024;4;20/04/2024;10; 1 179 189,00 XOF ; 2 312 970,00 XOF ;Cameroun;Afrique
3379;8939;Store;1;268;VIREMENT;15/04/2024;1;17/04/2024;10; 257 761,35 XOF ; 560 505,00 XOF ;Cameroun;Afrique
3384;8252;Store;4;342;VIREMENT;15/04/2024;2;21/04/2024;8; 1 334 782,35 XOF ; 2 618 055,00 XOF ;Cameroun;Afrique
3386;12032;Store;3;213;DÉBIT CARTE;15/04/2024;1;17/04/2024;5; 53 851,05 XOF ; 117 067,50 XOF ;Cameroun;Afrique
3387;7258;En ligne;4;1251;DÉBIT CARTE;15/04/2024;4;20/04/2024;4; 180 851,55 XOF ; 354 679,05 XOF ;Cameroun;Afrique
3388;1074;Store;1;1319;ESPÈCES;15/04/2024;4;19/04/2024;13; 1 596 162,15 XOF ; 4 817 505,00 XOF ;Cameroun;Afrique
3389;2147;Store;3;565;ESPÈCES;15/04/2024;4;18/04/2024;13; 1 631 353,35 XOF ; 3 547 500,00 XOF ;Cameroun;Afrique
3391;1074;Store;2;1583;ESPÈCES;15/04/2024;4;19/04/2024;10; 74 994,15 XOF ; 163 114,05 XOF ;Cameroun;Afrique
3393;2147;Store;4;1657;ESPÈCES;15/04/2024;4;18/04/2024;9; 91 028,85 XOF ; 197 950,50 XOF ;Cameroun;Afrique
3394;2147;Store;4;7;ESPÈCES;15/04/2024;4;18/04/2024;6; 750 438,15 XOF ; 1 631 850,00 XOF ;Cameroun;Afrique
3371;8252;En ligne;4;1509;VIREMENT;15/04/2024;2;21/04/2024;13; 910 288,50 XOF ; 1 979 505,00 XOF ;Côte d'ivoire;Afrique
3375;8252;Store;1;589;VIREMENT;15/04/2024;2;21/04/2024;10; 910 288,50 XOF ; 1 979 505,00 XOF ;Côte d'ivoire;Afrique
3377;7258;Store;2;1612;DÉBIT CARTE;15/04/2024;4;20/04/2024;10; 2 042 792,40 XOF ; 6 165 555,00 XOF ;Côte d'ivoire;Afrique
3380;11582;Store;3;292;VIREMENT;15/04/2024;1;17/04/2024;10; 835 294,35 XOF ; 1 816 320,00 XOF ;Côte d'ivoire;Afrique
3382;8252;Store;3;1048;VIREMENT;15/04/2024;2;21/04/2024;9; 1 017 990,60 XOF ; 2 213 640,00 XOF ;Côte d'ivoire;Afrique
3392;1074;Store;4;1409;ESPÈCES;15/04/2024;4;19/04/2024;9; 81 592,50 XOF ; 177 375,00 XOF ;Etats-Unis;Amérique
3368;11582;En ligne;4;1429;VIREMENT;15/04/2024;1;17/04/2024;26; 652 527,15 XOF ; 1 419 000,00 XOF ;Gabon;Afrique
3370;1948;En ligne;4;379;DÉBIT CARTE;15/04/2024;2;18/04/2024;20; 2 280 616,80 XOF ; 4 959 405,00 XOF ;Gabon;Afrique
3372;7258;Store;1;102;DÉBIT CARTE;15/04/2024;4;20/04/2024;13; 88 048,95 XOF ; 191 494,05 XOF ;Gabon;Afrique
3373;7258;En ligne;4;1119;DÉBIT CARTE;15/04/2024;4;20/04/2024;12; 1 004 935,80 XOF ; 2 185 260,00 XOF ;Gabon;Afrique
3374;12032;Store;2;788;DÉBIT CARTE;15/04/2024;1;17/04/2024;12; 347 087,40 XOF ; 680 765,25 XOF ;Gabon;Afrique
3381;11582;Store;2;156;VIREMENT;15/04/2024;1;17/04/2024;10; 645 999,75 XOF ; 1 404 810,00 XOF ;Gabon;Afrique
3383;7258;Store;3;1473;DÉBIT CARTE;15/04/2024;4;20/04/2024;9; 514 813,20 XOF ; 1 553 805,00 XOF ;Gabon;Afrique
3385;1948;Store;4;428;DÉBIT CARTE;15/04/2024;2;18/04/2024;6; 1 011 463,20 XOF ; 2 199 450,00 XOF ;Gabon;Afrique
3390;1074;Store;4;331;ESPÈCES;15/04/2024;4;19/04/2024;12; 92 944,50 XOF ; 182 270,55 XOF ;Sénégal;Afrique
3398;5161;En ligne;4;728;DÉBIT CARTE;16/04/2024;4;22/04/2024;36; 466 638,15 XOF ; 915 255,00 XOF ;Belgique;Europe
3400;599;Store;3;317;DÉBIT CARTE;16/04/2024;4;18/04/2024;20; 101 032,80 XOF ; 305 014,05 XOF ;Belgique;Europe
3423;2729;Store;3;986;VIREMENT;16/04/2024;4;18/04/2024;6; 394 269,15 XOF ; 773 355,00 XOF ;Belgique;Europe
3429;4194;Store;3;680;ESPÈCES;16/04/2024;4;20/04/2024;20; 522 050,10 XOF ; 1 135 200,00 XOF ;Belgique;Europe
3434;5741;Store;4;885;ESPÈCES;16/04/2024;4;21/04/2024;6; 198 943,80 XOF ; 390 225,00 XOF ;Belgique;Europe
3421;6667;Store;4;664;VIREMENT;16/04/2024;1;18/04/2024;9; 1 382 247,90 XOF ; 4 171 860,00 XOF ;Burkina Faso;Afrique
3427;2729;Store;1;905;VIREMENT;16/04/2024;4;18/04/2024;4; 1 335 208,05 XOF ; 4 029 960,00 XOF ;Burkina Faso;Afrique
3428;10194;Store;2;516;ESPÈCES;16/04/2024;4;19/04/2024;26; 2 137 084,95 XOF ; 4 647 225,00 XOF ;Burkina Faso;Afrique
3433;10159;Store;3;562;ESPÈCES;16/04/2024;1;18/04/2024;10; 133 811,70 XOF ; 262 444,05 XOF ;Burkina Faso;Afrique
3401;1650;Store;3;1461;DÉBIT CARTE;16/04/2024;4;18/04/2024;18; 479 622,00 XOF ; 1 042 965,00 XOF ;Côte d'ivoire;Afrique
3402;5161;En ligne;4;537;DÉBIT CARTE;16/04/2024;4;22/04/2024;16; 243 784,20 XOF ; 478 203,00 XOF ;Côte d'ivoire;Afrique
3404;3391;Store;4;1521;DÉBIT CARTE;16/04/2024;4;21/04/2024;13; 877 651,50 XOF ; 1 908 555,00 XOF ;Côte d'ivoire;Afrique
3405;3391;Store;4;1162;DÉBIT CARTE;16/04/2024;4;21/04/2024;13; 642 452,25 XOF ; 1 397 005,50 XOF ;Côte d'ivoire;Afrique
3406;9089;Store;3;644;DÉBIT CARTE;16/04/2024;4;19/04/2024;13; 551 423,40 XOF ; 1 199 055,00 XOF ;Côte d'ivoire;Afrique
3407;4729;Store;4;1379;VIREMENT;16/04/2024;4;19/04/2024;12; 614 994,60 XOF ; 1 337 407,50 XOF ;Côte d'ivoire;Afrique
3408;1650;Store;4;1202;DÉBIT CARTE;16/04/2024;4;18/04/2024;12; 65 061,15 XOF ; 141 545,25 XOF ;Côte d'ivoire;Afrique
3409;2729;Store;3;381;VIREMENT;16/04/2024;4;18/04/2024;12; 1 168 049,85 XOF ; 2 540 010,00 XOF ;Côte d'ivoire;Afrique
3410;3391;Store;3;52;DÉBIT CARTE;16/04/2024;4;21/04/2024;10; 378 447,30 XOF ; 823 020,00 XOF ;Côte d'ivoire;Afrique
3411;5617;Store;4;305;DÉBIT CARTE;16/04/2024;2;20/04/2024;10; 41 576,70 XOF ; 81 592,50 XOF ;Côte d'ivoire;Afrique
3412;7842;Store;4;206;DÉBIT CARTE;16/04/2024;2;19/04/2024;10; 110 469,15 XOF ; 333 394,05 XOF ;Côte d'ivoire;Afrique
3413;1650;Store;2;1199;DÉBIT CARTE;16/04/2024;4;18/04/2024;10; 590 020,20 XOF ; 1 780 845,00 XOF ;Côte d'ivoire;Afrique
3414;6667;En ligne;4;98;VIREMENT;16/04/2024;1;18/04/2024;10; 1 382 247,90 XOF ; 4 171 860,00 XOF ;Côte d'ivoire;Afrique
3416;5617;Store;3;388;DÉBIT CARTE;16/04/2024;2;20/04/2024;9; 1 335 208,05 XOF ; 4 029 960,00 XOF ;Côte d'ivoire;Afrique
3417;5617;Store;4;259;DÉBIT CARTE;16/04/2024;2;20/04/2024;9; 1 179 189,00 XOF ; 2 312 970,00 XOF ;Côte d'ivoire;Afrique
3418;8570;En ligne;4;658;VIREMENT;16/04/2024;4;20/04/2024;9; 1 168 049,85 XOF ; 2 540 010,00 XOF ;Côte d'ivoire;Afrique
3419;8570;En ligne;4;212;VIREMENT;16/04/2024;4;20/04/2024;9; 1 301 861,55 XOF ; 2 830 905,00 XOF ;Côte d'ivoire;Afrique
3422;1650;Store;4;1589;DÉBIT CARTE;16/04/2024;4;18/04/2024;6; 446 630,25 XOF ; 1 348 050,00 XOF ;Côte d'ivoire;Afrique
3424;599;Store;3;761;DÉBIT CARTE;16/04/2024;4;18/04/2024;6; 1 083 264,60 XOF ; 2 355 540,00 XOF ;Côte d'ivoire;Afrique
3426;6667;Store;2;488;VIREMENT;16/04/2024;1;18/04/2024;6; 614 994,60 XOF ; 1 337 407,50 XOF ;Côte d'ivoire;Afrique
3430;5741;Store;3;516;ESPÈCES;16/04/2024;4;21/04/2024;18; 521 979,15 XOF ; 1 135 129,05 XOF ;Côte d'ivoire;Afrique
3432;4194;Store;2;1494;ESPÈCES;16/04/2024;4;20/04/2024;10; 1 631 353,35 XOF ; 3 547 500,00 XOF ;Côte d'ivoire;Afrique
3395;10159;Store;4;125;ESPÈCES;16/04/2024;1;18/04/2024;16; 795 633,30 XOF ; 1 560 545,25 XOF ;Etats-Unis;Amérique
3396;10159;Store;4;1319;ESPÈCES;16/04/2024;1;18/04/2024;10; 538 297,65 XOF ; 1 624 755,00 XOF ;Etats-Unis;Amérique
3397;10159;Store;4;234;ESPÈCES;16/04/2024;1;18/04/2024;9; 150 981,60 XOF ; 296 074,35 XOF ;Etats-Unis;Amérique
3399;909;Store;2;903;VIREMENT;16/04/2024;4;21/04/2024;20; 97 556,25 XOF ; 212 140,50 XOF ;Etats-Unis;Amérique
3403;2729;Store;3;1395;VIREMENT;16/04/2024;4;18/04/2024;16; 41 292,90 XOF ; 89 822,70 XOF ;Etats-Unis;Amérique
3415;6667;En ligne;4;725;VIREMENT;16/04/2024;1;18/04/2024;10; 1 243 540,65 XOF ; 3 753 255,00 XOF ;Etats-Unis;Amérique
3420;1650;Store;1;1182;DÉBIT CARTE;16/04/2024;4;18/04/2024;9; 216 965,10 XOF ; 425 629,05 XOF ;Etats-Unis;Amérique
3425;6667;Store;2;540;VIREMENT;16/04/2024;1;18/04/2024;6; 5 874 447,15 XOF ; 17 730 405,00 XOF ;Gabon;Afrique
3431;5741;Store;3;290;ESPÈCES;16/04/2024;4;21/04/2024;12; 652 243,35 XOF ; 1 418 290,50 XOF ;Gabon;Afrique
3435;4194;Store;2;1165;ESPÈCES;16/04/2024;4;20/04/2024;6; 97 556,25 XOF ; 212 140,50 XOF ;Gabon;Afrique
3436;1859;Store;4;866;ESPÈCES;17/04/2024;4;21/04/2024;10; 1 083 264,60 XOF ; 2 355 540,00 XOF ;Burkina Faso;Afrique
3437;1266;Store;3;1078;ESPÈCES;17/04/2024;4;22/04/2024;8; 614 923,65 XOF ; 1 206 150,00 XOF ;Burkina Faso;Afrique
3439;4109;Store;3;1344;DÉBIT CARTE;17/04/2024;4;23/04/2024;20; 1 168 049,85 XOF ; 2 540 010,00 XOF ;Burkina Faso;Afrique
3440;11705;Store;1;1179;DÉBIT CARTE;17/04/2024;4;21/04/2024;13; 75 845,55 XOF ; 148 711,20 XOF ;Burkina Faso;Afrique
3442;12123;Store;4;1151;DÉBIT CARTE;17/04/2024;0;17/04/2024;13; 101 316,60 XOF ; 198 660,00 XOF ;Burkina Faso;Afrique
3451;7463;Store;4;698;VIREMENT;17/04/2024;4;20/04/2024;10; 45 337,05 XOF ; 98 549,55 XOF ;Burkina Faso;Afrique
3452;12123;Store;2;1586;DÉBIT CARTE;17/04/2024;0;17/04/2024;10; 1 663 919,40 XOF ; 3 263 700,00 XOF ;Burkina Faso;Afrique
3453;6266;En ligne;4;1515;VIREMENT;17/04/2024;4;19/04/2024;9; 94 576,35 XOF ; 205 684,05 XOF ;Burkina Faso;Afrique
3456;12123;En ligne;4;1283;DÉBIT CARTE;17/04/2024;0;17/04/2024;5; 3 053 546,10 XOF ; 9 216 405,00 XOF ;Burkina Faso;Afrique
3457;11705;Store;3;1164;DÉBIT CARTE;17/04/2024;4;21/04/2024;4; 1 016 429,70 XOF ; 1 993 695,00 XOF ;Burkina Faso;Afrique
3460;1266;Store;4;345;ESPÈCES;17/04/2024;4;22/04/2024;12; 48 813,60 XOF ; 95 782,50 XOF ;Burkina Faso;Afrique
3462;9262;Store;2;1071;ESPÈCES;17/04/2024;4;23/04/2024;10; 72 865,65 XOF ; 219 945,00 XOF ;Burkina Faso;Afrique
3463;2036;Store;4;1593;ESPÈCES;17/04/2024;4;19/04/2024;10; 1 595 452,65 XOF ; 3 469 455,00 XOF ;Burkina Faso;Afrique
3464;1266;Store;4;116;ESPÈCES;17/04/2024;4;22/04/2024;6; 1 533 371,40 XOF ; 3 334 437,15 XOF ;Burkina Faso;Afrique
3465;9262;Store;1;373;ESPÈCES;17/04/2024;4;23/04/2024;5; 1 544 439,60 XOF ; 4 661 415,00 XOF ;Burkina Faso;Afrique
3438;4109;En ligne;4;1263;DÉBIT CARTE;17/04/2024;4;23/04/2024;24; 5 394 896,10 XOF ; 16 283 025,00 XOF ;Côte d'ivoire;Afrique
3455;9026;Store;2;587;VIREMENT;17/04/2024;4;22/04/2024;6; 2 089 761,30 XOF ; 6 307 455,00 XOF ;Côte d'ivoire;Afrique
3458;1266;Store;3;1623;ESPÈCES;17/04/2024;4;22/04/2024;52; 2 280 616,80 XOF ; 4 959 405,00 XOF ;Côte d'ivoire;Afrique
3459;9262;Store;2;454;ESPÈCES;17/04/2024;4;23/04/2024;18; 177 233,10 XOF ; 347 655,00 XOF ;Côte d'ivoire;Afrique
3441;6266;Store;2;922;VIREMENT;17/04/2024;4;19/04/2024;13; 596 831,40 XOF ; 1 170 675,00 XOF ;Ghana;Afrique
3443;4109;Store;2;811;DÉBIT CARTE;17/04/2024;4;23/04/2024;12; 975 562,50 XOF ; 2 121 405,00 XOF ;Ghana;Afrique
3444;9026;Store;4;716;VIREMENT;17/04/2024;4;22/04/2024;12; 1 479 449,40 XOF ; 2 901 855,00 XOF ;Ghana;Afrique
3445;7463;Store;3;1118;VIREMENT;17/04/2024;4;20/04/2024;12; 1 278 660,90 XOF ; 2 780 530,50 XOF ;Ghana;Afrique
3446;6266;En ligne;3;964;VIREMENT;17/04/2024;4;19/04/2024;12; 639 472,35 XOF ; 1 390 620,00 XOF ;Ghana;Afrique
3447;6266;Store;4;413;VIREMENT;17/04/2024;4;19/04/2024;12; 1 533 371,40 XOF ; 3 334 437,15 XOF ;Ghana;Afrique
3448;6266;Store;1;1376;VIREMENT;17/04/2024;4;19/04/2024;12; 521 979,15 XOF ; 1 135 129,05 XOF ;Ghana;Afrique
3449;12123;Store;1;397;DÉBIT CARTE;17/04/2024;0;17/04/2024;12; 518 786,40 XOF ; 1 128 105,00 XOF ;Ghana;Afrique
3450;9026;Store;1;593;VIREMENT;17/04/2024;4;22/04/2024;10; 1 168 049,85 XOF ; 2 540 010,00 XOF ;Ghana;Afrique
3454;4109;Store;2;54;DÉBIT CARTE;17/04/2024;4;23/04/2024;6; 1 004 935,80 XOF ; 2 185 260,00 XOF ;Ghana;Afrique
3461;1266;Store;1;681;ESPÈCES;17/04/2024;4;22/04/2024;12; 709 925,70 XOF ; 2 142 690,00 XOF ;Ghana;Afrique
3466;4663;Store;3;672;ESPÈCES;18/04/2024;2;22/04/2024;52; 2 280 616,80 XOF ; 4 959 405,00 XOF ;Cameroun;Afrique
3483;8234;Store;1;879;DÉBIT CARTE;18/04/2024;2;24/04/2024;12; 130 193,25 XOF ; 283 090,50 XOF ;Cameroun;Afrique
3494;4014;Store;1;128;ESPÈCES;18/04/2024;4;24/04/2024;24; 1 533 371,40 XOF ; 3 334 437,15 XOF ;Cameroun;Afrique
3468;11234;Store;4;50;ESPÈCES;18/04/2024;2;22/04/2024;24; 587 253,15 XOF ; 1 277 029,05 XOF ;France;Europe
3470;2894;Store;4;1157;ESPÈCES;18/04/2024;4;24/04/2024;13; 58 675,65 XOF ; 127 639,05 XOF ;France;Europe
3500;1416;Store;2;1400;ESPÈCES;18/04/2024;4;21/04/2024;9; 65 061,15 XOF ; 141 545,25 XOF ;France;Europe
3502;5052;Store;3;227;ESPÈCES;18/04/2024;2;20/04/2024;9; 750 438,15 XOF ; 1 631 850,00 XOF ;France;Europe
3467;4014;Store;4;347;ESPÈCES;18/04/2024;4;24/04/2024;24; 420 875,40 XOF ; 915 255,00 XOF ;Sénégal;Afrique
3469;2894;Store;4;1529;ESPÈCES;18/04/2024;4;24/04/2024;18; 991 881,00 XOF ; 2 156 880,00 XOF ;Sénégal;Afrique
3471;4663;Store;4;1039;ESPÈCES;18/04/2024;2;22/04/2024;13; 1 190 044,35 XOF ; 2 334 255,00 XOF ;Sénégal;Afrique
3472;2894;Store;4;1026;ESPÈCES;18/04/2024;4;24/04/2024;12; 107 631,15 XOF ; 234 064,05 XOF ;Sénégal;Afrique
3473;4216;Store;4;1593;ESPÈCES;18/04/2024;2;23/04/2024;12; 57 895,20 XOF ; 113 520,00 XOF ;Sénégal;Afrique
3474;5052;Store;4;1654;ESPÈCES;18/04/2024;2;20/04/2024;10; 77 974,05 XOF ; 169 570,50 XOF ;Sénégal;Afrique
3475;2894;Store;4;397;ESPÈCES;18/04/2024;4;24/04/2024;8; 37 532,55 XOF ; 81 592,50 XOF ;Sénégal;Afrique
3476;4014;Store;4;1251;ESPÈCES;18/04/2024;4;24/04/2024;4; 479 622,00 XOF ; 1 042 965,00 XOF ;Sénégal;Afrique
3477;7117;Store;3;1395;VIREMENT;18/04/2024;1;20/04/2024;26; 378 447,30 XOF ; 823 020,00 XOF ;Sénégal;Afrique
3478;8234;En ligne;4;803;DÉBIT CARTE;18/04/2024;2;24/04/2024;24; 188 868,90 XOF ; 410 658,60 XOF ;Sénégal;Afrique
3479;7200;Store;1;472;DÉBIT CARTE;18/04/2024;2;21/04/2024;18; 587 253,15 XOF ; 1 277 029,05 XOF ;Sénégal;Afrique
3480;9490;En ligne;4;1224;DÉBIT CARTE;18/04/2024;2;23/04/2024;13; 1 025 369,40 XOF ; 3 094 839,00 XOF ;Sénégal;Afrique
3481;7200;Store;2;654;DÉBIT CARTE;18/04/2024;2;21/04/2024;13; 1 141 798,35 XOF ; 2 482 895,25 XOF ;Sénégal;Afrique
3482;4343;Store;3;1005;DÉBIT CARTE;18/04/2024;4;20/04/2024;13; 151 903,95 XOF ; 297 919,05 XOF ;Sénégal;Afrique
3484;9490;Store;4;1380;DÉBIT CARTE;18/04/2024;2;23/04/2024;12; 91 028,85 XOF ; 197 950,50 XOF ;Sénégal;Afrique
3485;8234;En ligne;4;1179;DÉBIT CARTE;18/04/2024;2;24/04/2024;10; 437 193,90 XOF ; 950 730,00 XOF ;Sénégal;Afrique
3486;3223;En ligne;3;530;VIREMENT;18/04/2024;2;23/04/2024;10; 1 076 737,20 XOF ; 2 341 350,00 XOF ;Sénégal;Afrique
3487;7117;Store;3;757;VIREMENT;18/04/2024;1;20/04/2024;10; 975 562,50 XOF ; 2 121 405,00 XOF ;Sénégal;Afrique
3488;7200;Store;4;1268;DÉBIT CARTE;18/04/2024;2;21/04/2024;9; 74 994,15 XOF ; 163 114,05 XOF ;Sénégal;Afrique
3489;3223;Store;3;863;VIREMENT;18/04/2024;2;23/04/2024;8; 45 337,05 XOF ; 98 549,55 XOF ;Sénégal;Afrique
3490;7200;Store;4;299;DÉBIT CARTE;18/04/2024;2;21/04/2024;6; 1 025 369,40 XOF ; 3 094 839,00 XOF ;Sénégal;Afrique
3491;4343;Store;1;534;DÉBIT CARTE;18/04/2024;4;20/04/2024;6; 1 562 673,75 XOF ; 3 065 040,00 XOF ;Sénégal;Afrique
3492;8234;Store;3;516;DÉBIT CARTE;18/04/2024;2;24/04/2024;5; 518 786,40 XOF ; 1 128 105,00 XOF ;Sénégal;Afrique
3493;4216;Store;3;1324;ESPÈCES;18/04/2024;2;23/04/2024;26; 975 562,50 XOF ; 2 121 405,00 XOF ;Sénégal;Afrique
3495;4216;Store;4;788;ESPÈCES;18/04/2024;2;23/04/2024;12; 521 979,15 XOF ; 1 135 129,05 XOF ;Sénégal;Afrique
3496;4014;Store;4;1549;ESPÈCES;18/04/2024;4;24/04/2024;10; 352 550,55 XOF ; 1 064 179,05 XOF ;Sénégal;Afrique
3497;2894;Store;4;298;ESPÈCES;18/04/2024;4;24/04/2024;10; 614 994,60 XOF ; 1 337 407,50 XOF ;Sénégal;Afrique
3498;4663;Store;2;1024;ESPÈCES;18/04/2024;2;22/04/2024;10; 1 335 208,05 XOF ; 4 029 960,00 XOF ;Sénégal;Afrique
3499;4014;Store;2;393;ESPÈCES;18/04/2024;4;24/04/2024;9; 358 084,65 XOF ; 702 405,00 XOF ;Sénégal;Afrique
3501;5052;Store;3;1306;ESPÈCES;18/04/2024;2;20/04/2024;9; 1 335 208,05 XOF ; 4 029 960,00 XOF ;Sénégal;Afrique
3503;5052;Store;4;271;ESPÈCES;18/04/2024;2;20/04/2024;9; 101 032,80 XOF ; 305 014,05 XOF ;Sénégal;Afrique
3504;5052;Store;2;486;ESPÈCES;18/04/2024;2;20/04/2024;5; 551 423,40 XOF ; 1 199 055,00 XOF ;Sénégal;Afrique
3506;9863;Store;4;1190;ESPÈCES;19/04/2024;4;21/04/2024;15; 871 124,10 XOF ; 1 894 365,00 XOF ;Belgique;Europe
3511;10503;Store;2;906;VIREMENT;19/04/2024;4;24/04/2024;26; 551 423,40 XOF ; 1 199 055,00 XOF ;Etats-Unis;Amérique
3514;9751;Store;1;832;DÉBIT CARTE;19/04/2024;2;22/04/2024;18; 1 089 721,05 XOF ; 2 369 730,00 XOF ;Etats-Unis;Amérique
3517;5625;En ligne;4;1010;VIREMENT;19/04/2024;1;21/04/2024;12; 117 422,25 XOF ; 255 349,05 XOF ;Etats-Unis;Amérique
3525;7629;Store;4;1489;ESPÈCES;19/04/2024;4;25/04/2024;13; 56 050,50 XOF ; 109 972,50 XOF ;Etats-Unis;Amérique
3526;7629;Store;4;1048;ESPÈCES;19/04/2024;4;25/04/2024;12; 1 382 247,90 XOF ; 4 171 860,00 XOF ;Etats-Unis;Amérique
3527;6907;Store;4;725;ESPÈCES;19/04/2024;2;25/04/2024;12; 3 259 443,00 XOF ; 7 087 905,00 XOF ;Etats-Unis;Amérique
3505;10698;Store;4;666;ESPÈCES;19/04/2024;1;21/04/2024;16; 88 048,95 XOF ; 191 494,05 XOF ;France;Europe
3507;7629;Store;3;617;ESPÈCES;19/04/2024;4;25/04/2024;13; 651 108,15 XOF ; 1 277 100,00 XOF ;France;Europe
3512;10503;Store;3;1087;VIREMENT;19/04/2024;4;24/04/2024;26; 3 155 075,55 XOF ; 6 860 865,00 XOF ;France;Europe
3513;7117;Store;3;1465;VIREMENT;19/04/2024;1;21/04/2024;24; 97 698,15 XOF ; 212 495,25 XOF ;France;Europe
3515;5625;En ligne;3;383;VIREMENT;19/04/2024;1;21/04/2024;13; 614 923,65 XOF ; 1 206 150,00 XOF ;France;Europe
3516;7117;Store;2;951;VIREMENT;19/04/2024;1;21/04/2024;12; 1 954 388,70 XOF ; 4 249 905,00 XOF ;France;Europe
3519;9751;Store;2;532;DÉBIT CARTE;19/04/2024;2;22/04/2024;10; 747 174,45 XOF ; 1 624 755,00 XOF ;France;Europe
3521;9751;Store;1;572;DÉBIT CARTE;19/04/2024;2;22/04/2024;6; 1 106 039,55 XOF ; 2 405 205,00 XOF ;France;Europe
3522;2169;Store;3;1308;DÉBIT CARTE;19/04/2024;4;21/04/2024;6; 613 362,75 XOF ; 1 333 860,00 XOF ;France;Europe
3523;5625;Store;2;299;VIREMENT;19/04/2024;1;21/04/2024;6; 2 150 139,75 XOF ; 4 675 605,00 XOF ;France;Europe
3524;9314;Store;3;754;DÉBIT CARTE;19/04/2024;4;23/04/2024;5; 584 060,40 XOF ; 1 270 005,00 XOF ;France;Europe
3531;5951;Store;3;1087;ESPÈCES;19/04/2024;4;24/04/2024;9; 378 447,30 XOF ; 823 020,00 XOF ;France;Europe
3532;10698;Store;4;1087;ESPÈCES;19/04/2024;1;21/04/2024;8; 614 994,60 XOF ; 1 337 407,50 XOF ;France;Europe
3508;4778;Store;3;1625;ESPÈCES;19/04/2024;4;22/04/2024;13; 2 089 761,30 XOF ; 6 307 455,00 XOF ;Ghana;Afrique
3520;9751;Store;2;1151;DÉBIT CARTE;19/04/2024;2;22/04/2024;10; 680 055,75 XOF ; 1 333 860,00 XOF ;Ghana;Afrique
3529;10698;Store;2;946;ESPÈCES;19/04/2024;1;21/04/2024;10; 249 602,10 XOF ; 489 555,00 XOF ;Ghana;Afrique
3534;5951;Store;1;127;ESPÈCES;19/04/2024;4;24/04/2024;4; 1 025 369,40 XOF ; 3 094 839,00 XOF ;Ghana;Afrique
3509;4778;Store;4;1410;ESPÈCES;19/04/2024;4;22/04/2024;10; 639 472,35 XOF ; 1 390 620,00 XOF ;Sénégal;Afrique
3510;4778;Store;4;514;ESPÈCES;19/04/2024;4;22/04/2024;5; 434 001,15 XOF ; 851 329,05 XOF ;Sénégal;Afrique
3518;9314;Store;1;677;DÉBIT CARTE;19/04/2024;4;23/04/2024;10; 2 303 675,55 XOF ; 6 953 100,00 XOF ;Sénégal;Afrique
3528;9863;Store;3;1474;ESPÈCES;19/04/2024;4;21/04/2024;12; 378 447,30 XOF ; 823 020,00 XOF ;Sénégal;Afrique
3530;6673;Store;4;393;ESPÈCES;19/04/2024;4;25/04/2024;9; 46 968,90 XOF ; 92 164,05 XOF ;Sénégal;Afrique
3533;10698;Store;1;81;ESPÈCES;19/04/2024;1;21/04/2024;6; 55 411,95 XOF ; 120 544,05 XOF ;Sénégal;Afrique
3544;3493;Store;4;910;ESPÈCES;20/04/2024;1;22/04/2024;5; 818 975,85 XOF ; 1 780 845,00 XOF ;Burkina Faso;Afrique
3559;10723;En ligne;4;7;DÉBIT CARTE;20/04/2024;2;23/04/2024;4; 518 786,40 XOF ; 1 128 105,00 XOF ;Burkina Faso;Afrique
3550;6936;Store;2;1637;DÉBIT CARTE;20/04/2024;4;26/04/2024;12; 502 822,65 XOF ; 986 205,00 XOF ;Cameroun;Afrique
3551;10612;Store;2;1158;VIREMENT;20/04/2024;1;22/04/2024;12; 877 651,50 XOF ; 1 908 555,00 XOF ;Cameroun;Afrique
3536;3493;Store;4;951;ESPÈCES;20/04/2024;1;22/04/2024;13; 554 758,05 XOF ; 1 674 420,00 XOF ;Côte d'ivoire;Afrique
3537;5873;Store;4;1518;ESPÈCES;20/04/2024;4;22/04/2024;12; 3 259 443,00 XOF ; 7 087 905,00 XOF ;Côte d'ivoire;Afrique
3540;5873;Store;4;12;ESPÈCES;20/04/2024;4;22/04/2024;10; 515 522,70 XOF ; 1 121 010,00 XOF ;Côte d'ivoire;Afrique
3541;113;Store;3;677;ESPÈCES;20/04/2024;2;26/04/2024;9; 828 341,25 XOF ; 1 624 755,00 XOF ;Côte d'ivoire;Afrique
3542;3493;Store;4;949;ESPÈCES;20/04/2024;1;22/04/2024;9; 1 544 439,60 XOF ; 4 661 415,00 XOF ;Côte d'ivoire;Afrique
3545;6510;En ligne;3;191;DÉBIT CARTE;20/04/2024;2;23/04/2024;36; 1 335 208,05 XOF ; 4 029 960,00 XOF ;Côte d'ivoire;Afrique
3546;6936;Store;1;436;DÉBIT CARTE;20/04/2024;4;26/04/2024;30; 397 887,60 XOF ; 780 379,05 XOF ;Côte d'ivoire;Afrique
3547;6936;Store;4;425;DÉBIT CARTE;20/04/2024;4;26/04/2024;24; 629 965,05 XOF ; 1 901 460,00 XOF ;Côte d'ivoire;Afrique
3548;10612;Store;2;120;VIREMENT;20/04/2024;1;22/04/2024;20; 1 102 775,85 XOF ; 2 398 110,00 XOF ;Côte d'ivoire;Afrique
3552;6510;Store;4;1019;DÉBIT CARTE;20/04/2024;2;23/04/2024;10; 1 533 371,40 XOF ; 3 334 437,15 XOF ;Côte d'ivoire;Afrique
3557;3042;Store;1;947;DÉBIT CARTE;20/04/2024;1;22/04/2024;6; 1 011 463,20 XOF ; 2 199 450,00 XOF ;Côte d'ivoire;Afrique
3563;4846;Store;1;1357;ESPÈCES;20/04/2024;2;25/04/2024;12; 611 163,30 XOF ; 1 844 629,05 XOF ;Côte d'ivoire;Afrique
3564;4846;Store;2;578;ESPÈCES;20/04/2024;2;25/04/2024;10; 542 980,35 XOF ; 1 638 945,00 XOF ;Côte d'ivoire;Afrique
3535;6907;Store;4;326;ESPÈCES;20/04/2024;2;26/04/2024;13; 587 253,15 XOF ; 1 277 029,05 XOF ;Ghana;Afrique
3538;3493;Store;4;350;ESPÈCES;20/04/2024;1;22/04/2024;10; 645 999,75 XOF ; 1 404 810,00 XOF ;Ghana;Afrique
3539;9876;Store;4;123;ESPÈCES;20/04/2024;1;22/04/2024;10; 1 083 264,60 XOF ; 2 355 540,00 XOF ;Ghana;Afrique
3543;5873;Store;4;746;ESPÈCES;20/04/2024;4;22/04/2024;9; 56 405,25 XOF ; 110 682,00 XOF ;Ghana;Afrique
3553;3967;En ligne;4;334;DÉBIT CARTE;20/04/2024;2;22/04/2024;10; 31 005,15 XOF ; 67 402,50 XOF ;Ghana;Afrique
3555;3042;Store;4;1179;DÉBIT CARTE;20/04/2024;1;22/04/2024;9; 2 805 930,60 XOF ; 6 101 700,00 XOF ;Ghana;Afrique
3558;10612;En ligne;4;1253;VIREMENT;20/04/2024;1;22/04/2024;6; 52 503,00 XOF ; 103 019,40 XOF ;Ghana;Afrique
3561;5873;Store;2;1210;ESPÈCES;20/04/2024;4;22/04/2024;13; 946 189,20 XOF ; 2 057 550,00 XOF ;Ghana;Afrique
3565;9876;Store;4;258;ESPÈCES;20/04/2024;1;22/04/2024;9; 1 076 737,20 XOF ; 2 341 350,00 XOF ;Ghana;Afrique
3566;9876;Store;4;1193;ESPÈCES;20/04/2024;1;22/04/2024;8; 72 014,25 XOF ; 141 190,50 XOF ;Ghana;Afrique
3549;10612;Store;1;1242;VIREMENT;20/04/2024;1;22/04/2024;13; 1 084 825,50 XOF ; 2 127 790,50 XOF ;Sénégal;Afrique
3554;3042;En ligne;4;788;DÉBIT CARTE;20/04/2024;1;22/04/2024;9; 1 485 622,05 XOF ; 4 484 040,00 XOF ;Sénégal;Afrique
3556;10612;En ligne;4;168;VIREMENT;20/04/2024;1;22/04/2024;9; 535 956,30 XOF ; 1 617 660,00 XOF ;Sénégal;Afrique
3560;6907;Store;2;824;ESPÈCES;20/04/2024;2;26/04/2024;13; 3 259 443,00 XOF ; 7 087 905,00 XOF ;Sénégal;Afrique
3562;113;Store;4;1008;ESPÈCES;20/04/2024;2;26/04/2024;12; 2 346 032,70 XOF ; 7 080 810,00 XOF ;Sénégal;Afrique
3567;5873;Store;4;562;ESPÈCES;20/04/2024;4;22/04/2024;4; 609 815,25 XOF ; 1 326 055,50 XOF ;Sénégal;Afrique
3568;2851;Store;4;1099;ESPÈCES;21/04/2024;4;23/04/2024;20; 253 433,40 XOF ; 551 139,60 XOF ;Burkina Faso;Afrique
3569;6218;Store;4;643;ESPÈCES;21/04/2024;2;23/04/2024;12; 2 350 715,40 XOF ; 7 095 000,00 XOF ;Burkina Faso;Afrique
3570;6278;Store;4;165;ESPÈCES;21/04/2024;1;23/04/2024;9; 845 085,45 XOF ; 1 837 605,00 XOF ;Burkina Faso;Afrique
3571;6218;Store;4;116;ESPÈCES;21/04/2024;2;23/04/2024;5; 5 394 896,10 XOF ; 16 283 025,00 XOF ;Burkina Faso;Afrique
3572;334;Store;4;608;ESPÈCES;21/04/2024;2;26/04/2024;4; 841 821,75 XOF ; 1 830 510,00 XOF ;Burkina Faso;Afrique
3573;9147;Store;3;2517;DÉBIT CARTE;21/04/2024;4;25/04/2024;400; 629 965,05 XOF ; 1 901 460,00 XOF ;Burkina Faso;Afrique
3574;9147;Store;3;487;DÉBIT CARTE;21/04/2024;4;25/04/2024;20; 649 263,45 XOF ; 1 411 905,00 XOF ;Burkina Faso;Afrique
3575;1498;Store;4;1189;DÉBIT CARTE;21/04/2024;1;23/04/2024;20; 37 532,55 XOF ; 81 592,50 XOF ;Burkina Faso;Afrique
3576;9147;Store;4;1377;DÉBIT CARTE;21/04/2024;4;25/04/2024;18; 1 017 990,60 XOF ; 2 213 640,00 XOF ;Burkina Faso;Afrique
3577;8924;Store;4;457;VIREMENT;21/04/2024;1;23/04/2024;18; 2 421 239,70 XOF ; 7 307 850,00 XOF ;Burkina Faso;Afrique
3578;6936;En ligne;4;310;DÉBIT CARTE;21/04/2024;4;27/04/2024;12; 188 868,90 XOF ; 410 658,60 XOF ;Burkina Faso;Afrique
3579;1498;Store;1;340;DÉBIT CARTE;21/04/2024;1;23/04/2024;12; 629 965,05 XOF ; 1 901 460,00 XOF ;Burkina Faso;Afrique
3581;9147;Store;1;133;DÉBIT CARTE;21/04/2024;4;25/04/2024;10; 2 137 084,95 XOF ; 4 647 225,00 XOF ;Burkina Faso;Afrique
3582;5454;Store;4;860;VIREMENT;21/04/2024;2;24/04/2024;10; 1 497 399,75 XOF ; 4 519 515,00 XOF ;Burkina Faso;Afrique
3584;1498;Store;4;1659;DÉBIT CARTE;21/04/2024;1;23/04/2024;10; 1 631 353,35 XOF ; 3 547 429,05 XOF ;Burkina Faso;Afrique
3586;334;Store;4;995;ESPÈCES;21/04/2024;2;26/04/2024;13; 101 032,80 XOF ; 305 014,05 XOF ;Burkina Faso;Afrique
3589;5514;Store;3;320;ESPÈCES;21/04/2024;4;23/04/2024;10; 101 316,60 XOF ; 198 660,00 XOF ;Burkina Faso;Afrique
3590;2377;Store;1;694;ESPÈCES;21/04/2024;1;23/04/2024;9; 1 017 990,60 XOF ; 2 213 640,00 XOF ;Burkina Faso;Afrique
3591;2377;Store;3;654;ESPÈCES;21/04/2024;1;23/04/2024;9; 1 736 288,40 XOF ; 3 405 600,00 XOF ;Burkina Faso;Afrique
3592;6278;Store;2;1613;ESPÈCES;21/04/2024;1;23/04/2024;6; 1 141 798,35 XOF ; 2 482 895,25 XOF ;Burkina Faso;Afrique
3583;8924;Store;3;1077;VIREMENT;21/04/2024;1;23/04/2024;10; 614 994,60 XOF ; 1 337 407,50 XOF ;Côte d'ivoire;Afrique
3593;6278;Store;3;632;ESPÈCES;21/04/2024;1;23/04/2024;4; 1 004 935,80 XOF ; 2 185 260,00 XOF ;Côte d'ivoire;Afrique
3580;6936;Store;4;610;DÉBIT CARTE;21/04/2024;4;27/04/2024;10; 1 382 247,90 XOF ; 4 171 860,00 XOF ;France;Europe
3585;1498;Store;3;1648;DÉBIT CARTE;21/04/2024;1;23/04/2024;4; 1 168 049,85 XOF ; 2 540 010,00 XOF ;France;Europe
3587;2589;Store;1;324;ESPÈCES;21/04/2024;2;27/04/2024;10; 1 076 737,20 XOF ; 2 341 350,00 XOF ;France;Europe
3588;6218;Store;3;571;ESPÈCES;21/04/2024;2;23/04/2024;10; 1 084 825,50 XOF ; 2 127 790,50 XOF ;France;Europe
3594;1608;Store;4;437;ESPÈCES;22/04/2024;4;28/04/2024;26; 1 595 452,65 XOF ; 3 469 455,00 XOF ;Burkina Faso;Afrique
3595;5514;Store;3;321;ESPÈCES;22/04/2024;4;24/04/2024;12; 482 885,70 XOF ; 1 050 060,00 XOF ;Burkina Faso;Afrique
3597;5518;En ligne;4;401;DÉBIT CARTE;22/04/2024;1;24/04/2024;40; 1 331 163,90 XOF ; 2 610 960,00 XOF ;Burkina Faso;Afrique
3598;11486;En ligne;4;129;VIREMENT;22/04/2024;4;27/04/2024;26; 414 064,20 XOF ; 900 355,50 XOF ;Burkina Faso;Afrique
3600;1297;En ligne;3;1286;VIREMENT;22/04/2024;1;24/04/2024;24; 695 806,65 XOF ; 2 100 120,00 XOF ;Burkina Faso;Afrique
3601;7376;Store;3;586;VIREMENT;22/04/2024;4;26/04/2024;18; 535 956,30 XOF ; 1 617 660,00 XOF ;Burkina Faso;Afrique
3603;12245;En ligne;4;542;DÉBIT CARTE;22/04/2024;0;23/04/2024;13; 2 280 616,80 XOF ; 4 959 405,00 XOF ;Burkina Faso;Afrique
3605;11486;Store;4;1370;VIREMENT;22/04/2024;4;27/04/2024;12; 92 944,50 XOF ; 182 270,55 XOF ;Burkina Faso;Afrique
3610;1297;Store;1;579;VIREMENT;22/04/2024;1;24/04/2024;10; 94 576,35 XOF ; 205 684,05 XOF ;Burkina Faso;Afrique
3611;5518;Store;1;1061;DÉBIT CARTE;22/04/2024;1;24/04/2024;10; 1 009 192,80 XOF ; 1 979 505,00 XOF ;Burkina Faso;Afrique
3615;12245;En ligne;4;358;DÉBIT CARTE;22/04/2024;0;23/04/2024;9; 1 374 585,30 XOF ; 2 696 100,00 XOF ;Burkina Faso;Afrique
3620;1297;En ligne;4;1589;VIREMENT;22/04/2024;1;24/04/2024;4; 1 016 429,70 XOF ; 1 993 695,00 XOF ;Burkina Faso;Afrique
3625;5514;Store;1;475;ESPÈCES;22/04/2024;4;24/04/2024;6; 1 070 209,80 XOF ; 2 327 160,00 XOF ;Burkina Faso;Afrique
3626;1608;Store;1;1470;ESPÈCES;22/04/2024;4;28/04/2024;5; 2 065 283,55 XOF ; 4 491 135,00 XOF ;Burkina Faso;Afrique
3627;1608;Store;4;118;ESPÈCES;22/04/2024;4;28/04/2024;4; 110 469,15 XOF ; 333 394,05 XOF ;Cameroun;Afrique
3596;5868;Store;3;403;ESPÈCES;22/04/2024;1;24/04/2024;10; 394 269,15 XOF ; 773 355,00 XOF ;Canada;Amérique
3618;11486;Store;3;809;VIREMENT;22/04/2024;4;27/04/2024;4; 5 394 896,10 XOF ; 16 283 025,00 XOF ;Canada;Amérique
3622;5868;Store;3;1449;ESPÈCES;22/04/2024;1;24/04/2024;12; 43 066,65 XOF ; 84 430,50 XOF ;Canada;Amérique
3623;5514;Store;2;1586;ESPÈCES;22/04/2024;4;24/04/2024;10; 1 473 915,30 XOF ; 4 448 565,00 XOF ;Canada;Amérique
3599;12245;En ligne;3;1419;DÉBIT CARTE;22/04/2024;0;23/04/2024;26; 2 303 675,55 XOF ; 6 953 100,00 XOF ;Ghana;Afrique
3602;1297;En ligne;4;1622;VIREMENT;22/04/2024;1;24/04/2024;18; 122 956,35 XOF ; 241 159,05 XOF ;Ghana;Afrique
3604;12245;Store;3;543;DÉBIT CARTE;22/04/2024;0;23/04/2024;13; 53 851,05 XOF ; 117 067,50 XOF ;Ghana;Afrique
3606;2797;Store;3;1508;VIREMENT;22/04/2024;1;24/04/2024;12; 874 387,80 XOF ; 1 901 460,00 XOF ;Ghana;Afrique
3607;2797;Store;4;940;VIREMENT;22/04/2024;1;24/04/2024;12; 2 065 283,55 XOF ; 4 491 135,00 XOF ;Ghana;Afrique
3608;11486;Store;2;730;VIREMENT;22/04/2024;4;27/04/2024;10; 1 025 369,40 XOF ; 3 094 839,00 XOF ;Ghana;Afrique
3609;11486;Store;3;660;VIREMENT;22/04/2024;4;27/04/2024;10; 443 721,30 XOF ; 964 920,00 XOF ;Ghana;Afrique
3612;5518;Store;3;1018;DÉBIT CARTE;22/04/2024;1;24/04/2024;10; 420 875,40 XOF ; 915 255,00 XOF ;Ghana;Afrique
3613;5518;Store;4;719;DÉBIT CARTE;22/04/2024;1;24/04/2024;10; 874 387,80 XOF ; 1 901 460,00 XOF ;Ghana;Afrique
3614;10376;Store;2;176;DÉBIT CARTE;22/04/2024;4;25/04/2024;9; 874 387,80 XOF ; 1 901 460,00 XOF ;Ghana;Afrique
3616;10376;Store;3;1191;DÉBIT CARTE;22/04/2024;4;25/04/2024;8; 1 385 227,80 XOF ; 2 717 030,25 XOF ;Ghana;Afrique
3617;2797;Store;4;948;VIREMENT;22/04/2024;1;24/04/2024;8; 629 965,05 XOF ; 1 901 460,00 XOF ;Ghana;Afrique
3619;10376;En ligne;4;1311;DÉBIT CARTE;22/04/2024;4;25/04/2024;4; 1 399 701,60 XOF ; 3 043 755,00 XOF ;Ghana;Afrique
3621;5514;Store;2;1452;ESPÈCES;22/04/2024;4;24/04/2024;13; 871 124,10 XOF ; 1 894 365,00 XOF ;Ghana;Afrique
3624;1608;Store;1;719;ESPÈCES;22/04/2024;4;28/04/2024;6; 828 341,25 XOF ; 1 624 755,00 XOF ;Ghana;Afrique
3628;9933;Store;2;975;ESPÈCES;22/04/2024;1;24/04/2024;4; 976 272,00 XOF ; 1 914 940,50 XOF ;Ghana;Afrique
3652;5438;Store;4;995;DÉBIT CARTE;23/04/2024;1;25/04/2024;10; 1 070 209,80 XOF ; 2 327 160,00 XOF ;Belgique;Europe
3670;6463;Store;4;1583;ESPÈCES;23/04/2024;4;28/04/2024;10; 253 433,40 XOF ; 551 139,60 XOF ;Belgique;Europe
3630;9933;Store;4;1586;ESPÈCES;23/04/2024;1;25/04/2024;8; 94 576,35 XOF ; 205 684,05 XOF ;Cameroun;Afrique
3631;5438;En ligne;4;2488;DÉBIT CARTE;23/04/2024;1;25/04/2024;480; 31 005,15 XOF ; 67 402,50 XOF ;Cameroun;Afrique
3640;649;Store;3;1603;DÉBIT CARTE;23/04/2024;4;27/04/2024;13; 74 994,15 XOF ; 163 114,05 XOF ;Cameroun;Afrique
3642;5600;Store;3;1568;VIREMENT;23/04/2024;2;28/04/2024;12; 1 168 049,85 XOF ; 2 540 010,00 XOF ;Cameroun;Afrique
3645;3729;Store;2;998;DÉBIT CARTE;23/04/2024;4;25/04/2024;12; 228 388,05 XOF ; 496 579,05 XOF ;Cameroun;Afrique
3661;562;Store;4;518;DÉBIT CARTE;23/04/2024;1;25/04/2024;6; 72 865,65 XOF ; 219 945,00 XOF ;Cameroun;Afrique
3668;10557;Store;3;1021;ESPÈCES;23/04/2024;1;25/04/2024;13; 1 407 080,40 XOF ; 2 759 955,00 XOF ;Cameroun;Afrique
3669;5873;Store;3;1321;ESPÈCES;23/04/2024;4;27/04/2024;12; 629 965,05 XOF ; 1 901 460,00 XOF ;Cameroun;Afrique
3651;10283;En ligne;4;1209;DÉBIT CARTE;23/04/2024;2;25/04/2024;10; 420 875,40 XOF ; 915 255,00 XOF ;Côte d'ivoire;Afrique
3660;10483;Store;1;1479;VIREMENT;23/04/2024;2;26/04/2024;6; 587 253,15 XOF ; 1 277 029,05 XOF ;Côte d'ivoire;Afrique
3662;5580;En ligne;4;930;DÉBIT CARTE;23/04/2024;2;25/04/2024;6; 2 084 865,75 XOF ; 4 533 705,00 XOF ;Côte d'ivoire;Afrique
3629;10557;Store;4;347;ESPÈCES;23/04/2024;1;25/04/2024;12; 1 025 369,40 XOF ; 3 094 839,00 XOF ;Etats-Unis;Amérique
3657;10283;Store;1;1478;DÉBIT CARTE;23/04/2024;2;25/04/2024;9; 652 385,25 XOF ; 1 418 645,25 XOF ;Etats-Unis;Amérique
3658;10283;En ligne;3;1155;DÉBIT CARTE;23/04/2024;2;25/04/2024;9; 893 260,50 XOF ; 2 696 100,00 XOF ;Etats-Unis;Amérique
3659;6350;Store;4;1509;VIREMENT;23/04/2024;4;29/04/2024;8; 542 980,35 XOF ; 1 638 945,00 XOF ;Etats-Unis;Amérique
3664;5600;Store;3;130;VIREMENT;23/04/2024;2;28/04/2024;5; 613 362,75 XOF ; 1 333 860,00 XOF ;Etats-Unis;Amérique
3638;6350;Store;4;691;VIREMENT;23/04/2024;4;29/04/2024;13; 1 070 209,80 XOF ; 2 327 160,00 XOF ;Ghana;Afrique
3647;5945;Store;3;1138;DÉBIT CARTE;23/04/2024;2;29/04/2024;10; 1 663 919,40 XOF ; 3 263 700,00 XOF ;Ghana;Afrique
3654;5580;Store;2;818;DÉBIT CARTE;23/04/2024;2;25/04/2024;10; 584 060,40 XOF ; 1 270 005,00 XOF ;Ghana;Afrique
3632;5580;Store;4;2493;DÉBIT CARTE;23/04/2024;2;25/04/2024;180; 978 826,20 XOF ; 2 128 500,00 XOF ;Sénégal;Afrique
3633;6350;Store;4;2503;VIREMENT;23/04/2024;4;29/04/2024;120; 58 675,65 XOF ; 127 639,05 XOF ;Sénégal;Afrique
3634;10283;En ligne;3;1021;DÉBIT CARTE;23/04/2024;2;25/04/2024;24; 466 638,15 XOF ; 915 255,00 XOF ;Sénégal;Afrique
3635;6350;Store;2;824;VIREMENT;23/04/2024;4;29/04/2024;20; 466 638,15 XOF ; 915 255,00 XOF ;Sénégal;Afrique
3636;6350;Store;4;880;VIREMENT;23/04/2024;4;29/04/2024;18; 982 089,90 XOF ; 2 135 595,00 XOF ;Sénégal;Afrique
3637;648;En ligne;4;1046;DÉBIT CARTE;23/04/2024;4;28/04/2024;18; 1 804 968,00 XOF ; 3 540 405,00 XOF ;Sénégal;Afrique
3639;648;En ligne;4;316;DÉBIT CARTE;23/04/2024;4;28/04/2024;13; 818 975,85 XOF ; 1 780 845,00 XOF ;Sénégal;Afrique
3641;5600;Store;4;496;VIREMENT;23/04/2024;2;28/04/2024;12; 831 604,95 XOF ; 1 631 140,50 XOF ;Sénégal;Afrique
3643;10483;Store;2;233;VIREMENT;23/04/2024;2;26/04/2024;12; 613 362,75 XOF ; 1 333 860,00 XOF ;Sénégal;Afrique
3644;5438;Store;2;1329;DÉBIT CARTE;23/04/2024;1;25/04/2024;12; 132 321,75 XOF ; 287 702,25 XOF ;Sénégal;Afrique
3646;3729;Store;4;1075;DÉBIT CARTE;23/04/2024;4;25/04/2024;12; 130 477,05 XOF ; 283 729,05 XOF ;Sénégal;Afrique
3648;648;Store;3;1152;DÉBIT CARTE;23/04/2024;4;28/04/2024;10; 1 473 915,30 XOF ; 4 448 565,00 XOF ;Sénégal;Afrique
3649;649;Store;1;1402;DÉBIT CARTE;23/04/2024;4;27/04/2024;10; 5 394 896,10 XOF ; 16 283 025,00 XOF ;Sénégal;Afrique
3650;10483;Store;4;867;VIREMENT;23/04/2024;2;26/04/2024;10; 614 994,60 XOF ; 1 337 407,50 XOF ;Sénégal;Afrique
3653;5580;Store;1;949;DÉBIT CARTE;23/04/2024;2;25/04/2024;10; 649 263,45 XOF ; 1 411 905,00 XOF ;Sénégal;Afrique
3655;3729;Store;1;719;DÉBIT CARTE;23/04/2024;4;25/04/2024;10; 151 903,95 XOF ; 297 919,05 XOF ;Sénégal;Afrique
3656;355;Store;2;85;DÉBIT CARTE;23/04/2024;4;27/04/2024;9; 978 826,20 XOF ; 2 128 500,00 XOF ;Sénégal;Afrique
3663;5945;Store;1;1214;DÉBIT CARTE;23/04/2024;2;29/04/2024;5; 1 117 746,30 XOF ; 2 192 355,00 XOF ;Sénégal;Afrique
3665;10483;Store;2;514;VIREMENT;23/04/2024;2;26/04/2024;5; 678 636,75 XOF ; 1 475 760,00 XOF ;Sénégal;Afrique
3666;10283;En ligne;4;117;DÉBIT CARTE;23/04/2024;2;25/04/2024;5; 877 651,50 XOF ; 1 908 555,00 XOF ;Sénégal;Afrique
3667;3729;Store;2;902;DÉBIT CARTE;23/04/2024;4;25/04/2024;4; 2 042 792,40 XOF ; 6 165 555,00 XOF ;Sénégal;Afrique
3671;5873;Store;2;709;ESPÈCES;23/04/2024;4;27/04/2024;10; 521 979,15 XOF ; 1 135 129,05 XOF ;Sénégal;Afrique
3674;9821;En ligne;3;1411;VIREMENT;24/04/2024;4;27/04/2024;27; 466 638,15 XOF ; 915 255,00 XOF ;Canada;Amérique
3675;9821;Store;3;592;VIREMENT;24/04/2024;4;27/04/2024;20; 976 272,00 XOF ; 1 914 940,50 XOF ;Canada;Amérique
3676;5403;Store;3;218;VIREMENT;24/04/2024;4;26/04/2024;20; 1 079 007,60 XOF ; 3 256 605,00 XOF ;Canada;Amérique
3686;8666;Store;4;1568;ESPÈCES;24/04/2024;4;30/04/2024;10; 110 469,15 XOF ; 333 394,05 XOF ;Canada;Amérique
3687;8666;Store;4;937;ESPÈCES;24/04/2024;4;30/04/2024;10; 117 422,25 XOF ; 255 349,05 XOF ;Canada;Amérique
3672;8666;Store;4;1167;ESPÈCES;24/04/2024;4;30/04/2024;18; 466 638,15 XOF ; 915 255,00 XOF ;Etats-Unis;Amérique
3673;8666;Store;4;1444;ESPÈCES;24/04/2024;4;30/04/2024;12; 2 792 875,80 XOF ; 6 073 320,00 XOF ;Etats-Unis;Amérique
3678;355;Store;2;306;DÉBIT CARTE;24/04/2024;4;28/04/2024;12; 1 179 189,00 XOF ; 2 312 970,00 XOF ;Etats-Unis;Amérique
3679;355;Store;1;1175;DÉBIT CARTE;24/04/2024;4;28/04/2024;10; 629 965,05 XOF ; 1 901 460,00 XOF ;Etats-Unis;Amérique
3684;9821;Store;3;81;VIREMENT;24/04/2024;4;27/04/2024;5; 2 734 200,15 XOF ; 5 945 610,00 XOF ;Etats-Unis;Amérique
3677;355;Store;3;969;DÉBIT CARTE;24/04/2024;4;28/04/2024;12; 1 301 861,55 XOF ; 2 830 905,00 XOF ;Ghana;Afrique
3680;9821;Store;3;957;VIREMENT;24/04/2024;4;27/04/2024;10; 97 556,25 XOF ; 212 140,50 XOF ;Ghana;Afrique
3685;8666;Store;1;861;ESPÈCES;24/04/2024;4;30/04/2024;13; 142 964,25 XOF ; 310 831,95 XOF ;Ghana;Afrique
3688;1244;Store;1;1235;ESPÈCES;24/04/2024;4;28/04/2024;10; 1 106 039,55 XOF ; 2 405 205,00 XOF ;Ghana;Afrique
3681;5403;Store;2;934;VIREMENT;24/04/2024;4;26/04/2024;10; 117 493,20 XOF ; 354 679,05 XOF ;Sénégal;Afrique
3682;5403;En ligne;4;293;VIREMENT;24/04/2024;4;26/04/2024;10; 1 526 489,25 XOF ; 2 994 090,00 XOF ;Sénégal;Afrique
3683;7918;Store;4;1313;VIREMENT;24/04/2024;4;29/04/2024;8; 57 895,20 XOF ; 113 520,00 XOF ;Sénégal;Afrique
3689;5148;Store;3;807;DÉBIT CARTE;25/04/2024;2;30/04/2024;78; 587 678,85 XOF ; 1 773 679,05 XOF ;Côte d'ivoire;Afrique
3690;9857;Store;2;778;DÉBIT CARTE;25/04/2024;2;01/05/2024;36; 609 815,25 XOF ; 1 326 055,50 XOF ;Côte d'ivoire;Afrique
3691;4082;En ligne;3;648;DÉBIT CARTE;25/04/2024;4;27/04/2024;27; 702 830,70 XOF ; 2 121 405,00 XOF ;Côte d'ivoire;Afrique
3692;10831;Store;3;803;DÉBIT CARTE;25/04/2024;2;28/04/2024;26; 132 321,75 XOF ; 287 702,25 XOF ;Côte d'ivoire;Afrique
3693;10831;En ligne;4;1055;DÉBIT CARTE;25/04/2024;2;28/04/2024;20; 1 634 971,80 XOF ; 3 206 940,00 XOF ;Côte d'ivoire;Afrique
3694;9857;Store;2;435;DÉBIT CARTE;25/04/2024;2;01/05/2024;18; 3 742 825,35 XOF ; 11 296 659,00 XOF ;Côte d'ivoire;Afrique
3696;10831;Store;4;567;DÉBIT CARTE;25/04/2024;2;28/04/2024;13; 629 965,05 XOF ; 1 901 460,00 XOF ;Côte d'ivoire;Afrique
3697;4082;Store;3;257;DÉBIT CARTE;25/04/2024;4;27/04/2024;13; 1 382 247,90 XOF ; 4 171 860,00 XOF ;Côte d'ivoire;Afrique
3698;9857;Store;3;24;DÉBIT CARTE;25/04/2024;2;01/05/2024;12; 46 968,90 XOF ; 92 164,05 XOF ;Côte d'ivoire;Afrique
3699;3012;Store;1;1161;DÉBIT CARTE;25/04/2024;2;01/05/2024;12; 841 821,75 XOF ; 1 830 510,00 XOF ;Côte d'ivoire;Afrique
3700;9857;Store;2;374;DÉBIT CARTE;25/04/2024;2;01/05/2024;10; 101 316,60 XOF ; 198 660,00 XOF ;Côte d'ivoire;Afrique
3701;3012;Store;3;1656;DÉBIT CARTE;25/04/2024;2;01/05/2024;10; 845 085,45 XOF ; 1 837 605,00 XOF ;Côte d'ivoire;Afrique
3702;5148;En ligne;3;1229;DÉBIT CARTE;25/04/2024;2;30/04/2024;10; 352 550,55 XOF ; 1 064 179,05 XOF ;Côte d'ivoire;Afrique
3703;5148;Store;3;535;DÉBIT CARTE;25/04/2024;2;30/04/2024;10; 750 438,15 XOF ; 1 631 850,00 XOF ;Côte d'ivoire;Afrique
3704;10831;Store;4;671;DÉBIT CARTE;25/04/2024;2;28/04/2024;10; 1 129 524,00 XOF ; 3 409 147,50 XOF ;Côte d'ivoire;Afrique
3705;4082;Store;4;666;DÉBIT CARTE;25/04/2024;4;27/04/2024;10; 818 975,85 XOF ; 1 780 845,00 XOF ;Côte d'ivoire;Afrique
3706;5148;Store;2;264;DÉBIT CARTE;25/04/2024;2;30/04/2024;9; 74 994,15 XOF ; 163 114,05 XOF ;Côte d'ivoire;Afrique
3707;4082;Store;4;918;DÉBIT CARTE;25/04/2024;4;27/04/2024;9; 420 875,40 XOF ; 915 255,00 XOF ;Côte d'ivoire;Afrique
3709;7918;En ligne;4;573;VIREMENT;25/04/2024;4;30/04/2024;6; 642 452,25 XOF ; 1 397 005,50 XOF ;Côte d'ivoire;Afrique
3710;10531;Store;4;962;ESPÈCES;25/04/2024;2;29/04/2024;13; 97 272,45 XOF ; 190 855,50 XOF ;Côte d'ivoire;Afrique
3711;10531;Store;2;1173;ESPÈCES;25/04/2024;2;29/04/2024;10; 53 780,10 XOF ; 162 404,55 XOF ;Côte d'ivoire;Afrique
3712;10531;Store;2;1015;ESPÈCES;25/04/2024;2;29/04/2024;10; 437 193,90 XOF ; 950 730,00 XOF ;Côte d'ivoire;Afrique
3695;7918;En ligne;3;182;VIREMENT;25/04/2024;4;30/04/2024;13; 877 651,50 XOF ; 1 908 555,00 XOF ;Etats-Unis;Amérique
3708;3012;En ligne;4;534;DÉBIT CARTE;25/04/2024;2;01/05/2024;6; 681 687,60 XOF ; 2 057 479,05 XOF ;Etats-Unis;Amérique
3713;2133;Store;4;96;ESPÈCES;26/04/2024;4;01/05/2024;13; 1 804 968,00 XOF ; 3 540 405,00 XOF ;Burkina Faso;Afrique
3715;6230;Store;4;1040;ESPÈCES;26/04/2024;4;01/05/2024;9; 91 028,85 XOF ; 197 950,50 XOF ;Burkina Faso;Afrique
3717;8242;En ligne;4;1056;VIREMENT;26/04/2024;1;28/04/2024;30; 45 337,05 XOF ; 98 549,55 XOF ;Burkina Faso;Afrique
3718;5026;En ligne;3;271;VIREMENT;26/04/2024;4;02/05/2024;24; 72 865,65 XOF ; 219 945,00 XOF ;Burkina Faso;Afrique
3721;11263;Store;2;1323;DÉBIT CARTE;26/04/2024;1;28/04/2024;13; 2 089 761,30 XOF ; 6 307 455,00 XOF ;Burkina Faso;Afrique
3722;11875;Store;3;965;VIREMENT;26/04/2024;4;29/04/2024;12; 619 890,15 XOF ; 1 348 050,00 XOF ;Burkina Faso;Afrique
3724;1681;Store;2;1354;DÉBIT CARTE;26/04/2024;4;28/04/2024;12; 756 965,55 XOF ; 1 646 040,00 XOF ;Burkina Faso;Afrique
3725;8242;Store;3;806;VIREMENT;26/04/2024;1;28/04/2024;12; 1 190 044,35 XOF ; 2 334 255,00 XOF ;Burkina Faso;Afrique
3726;10564;Store;2;1510;DÉBIT CARTE;26/04/2024;4;28/04/2024;12; 117 422,25 XOF ; 255 349,05 XOF ;Burkina Faso;Afrique
3727;3012;Store;2;1485;DÉBIT CARTE;26/04/2024;2;02/05/2024;10; 750 438,15 XOF ; 1 631 850,00 XOF ;Burkina Faso;Afrique
3728;5026;Store;1;1634;VIREMENT;26/04/2024;4;02/05/2024;10; 681 687,60 XOF ; 2 057 550,00 XOF ;Burkina Faso;Afrique
3729;8242;En ligne;4;1585;VIREMENT;26/04/2024;1;28/04/2024;10; 25 116,30 XOF ; 49 310,25 XOF ;Burkina Faso;Afrique
3730;8242;En ligne;4;718;VIREMENT;26/04/2024;1;28/04/2024;10; 491 328,75 XOF ; 1 482 855,00 XOF ;Burkina Faso;Afrique
3732;11263;En ligne;4;521;DÉBIT CARTE;26/04/2024;1;28/04/2024;9; 1 335 208,05 XOF ; 4 029 960,00 XOF ;Burkina Faso;Afrique
3733;11263;Store;4;202;DÉBIT CARTE;26/04/2024;1;28/04/2024;9; 976 484,85 XOF ; 1 915 295,25 XOF ;Burkina Faso;Afrique
3736;8242;Store;3;920;VIREMENT;26/04/2024;1;28/04/2024;8; 249 602,10 XOF ; 489 555,00 XOF ;Burkina Faso;Afrique
3737;10564;En ligne;4;1143;DÉBIT CARTE;26/04/2024;4;28/04/2024;8; 2 606 915,85 XOF ; 7 868 355,00 XOF ;Burkina Faso;Afrique
3738;9811;Store;3;1054;DÉBIT CARTE;26/04/2024;1;28/04/2024;6; 1 190 044,35 XOF ; 2 334 255,00 XOF ;Burkina Faso;Afrique
3739;5026;En ligne;3;943;VIREMENT;26/04/2024;4;02/05/2024;4; 914 403,60 XOF ; 2 759 955,00 XOF ;Burkina Faso;Afrique
3741;2133;Store;4;205;ESPÈCES;26/04/2024;4;01/05/2024;12; 358 084,65 XOF ; 702 405,00 XOF ;Burkina Faso;Afrique
3745;6230;Store;3;956;ESPÈCES;26/04/2024;4;01/05/2024;10; 325 163,85 XOF ; 637 840,50 XOF ;Burkina Faso;Afrique
3748;3976;Store;1;696;ESPÈCES;26/04/2024;4;29/04/2024;9; 58 675,65 XOF ; 127 639,05 XOF ;Burkina Faso;Afrique
3749;3976;Store;4;882;ESPÈCES;26/04/2024;4;29/04/2024;5; 101 316,60 XOF ; 198 660,00 XOF ;Burkina Faso;Afrique
3747;3976;Store;3;92;ESPÈCES;26/04/2024;4;29/04/2024;10; 645 999,75 XOF ; 1 404 810,00 XOF ;Côte d'ivoire;Afrique
3714;6230;Store;4;170;ESPÈCES;26/04/2024;4;01/05/2024;10; 1 301 861,55 XOF ; 2 830 905,00 XOF ;Ghana;Afrique
3716;2133;Store;4;1482;ESPÈCES;26/04/2024;4;01/05/2024;8; 1 102 775,85 XOF ; 2 398 110,00 XOF ;Ghana;Afrique
3719;9811;Store;4;1384;DÉBIT CARTE;26/04/2024;1;28/04/2024;24; 94 576,35 XOF ; 205 684,05 XOF ;Ghana;Afrique
3720;1681;En ligne;4;135;DÉBIT CARTE;26/04/2024;4;28/04/2024;18; 1 954 388,70 XOF ; 4 249 905,00 XOF ;Ghana;Afrique
3723;9381;Store;4;809;DÉBIT CARTE;26/04/2024;4;29/04/2024;12; 2 280 616,80 XOF ; 4 959 405,00 XOF ;Ghana;Afrique
3731;11875;Store;4;261;VIREMENT;26/04/2024;4;29/04/2024;9; 750 438,15 XOF ; 1 631 850,00 XOF ;Ghana;Afrique
3734;10564;Store;4;724;DÉBIT CARTE;26/04/2024;4;28/04/2024;9; 542 980,35 XOF ; 1 638 945,00 XOF ;Ghana;Afrique
3735;10564;Store;4;1149;DÉBIT CARTE;26/04/2024;4;28/04/2024;9; 2 280 616,80 XOF ; 4 959 405,00 XOF ;Ghana;Afrique
3740;6230;Store;1;2492;ESPÈCES;26/04/2024;4;01/05/2024;400; 1 726 000,65 XOF ; 3 753 255,00 XOF ;Ghana;Afrique
3742;6230;Store;4;953;ESPÈCES;26/04/2024;4;01/05/2024;12; 1 596 162,15 XOF ; 4 817 505,00 XOF ;Ghana;Afrique
3743;3976;Store;1;342;ESPÈCES;26/04/2024;4;29/04/2024;12; 77 974,05 XOF ; 169 570,50 XOF ;Ghana;Afrique
3744;2133;Store;2;1612;ESPÈCES;26/04/2024;4;01/05/2024;10; 582 996,15 XOF ; 1 759 560,00 XOF ;Ghana;Afrique
3746;3976;Store;4;27;ESPÈCES;26/04/2024;4;29/04/2024;10; 1 141 798,35 XOF ; 2 482 895,25 XOF ;Ghana;Afrique
3750;10867;Store;3;1269;ESPÈCES;26/04/2024;1;28/04/2024;4; 491 328,75 XOF ; 1 482 855,00 XOF ;Ghana;Afrique
3755;10867;Store;4;1283;ESPÈCES;27/04/2024;1;29/04/2024;5; 46 827,00 XOF ; 91 880,25 XOF ;Burkina Faso;Afrique
3763;4180;Store;1;1535;DÉBIT CARTE;27/04/2024;4;01/05/2024;12; 976 272,00 XOF ; 1 914 940,50 XOF ;Burkina Faso;Afrique
3770;9802;En ligne;4;1099;VIREMENT;27/04/2024;1;29/04/2024;8; 944 983,05 XOF ; 2 852 190,00 XOF ;Burkina Faso;Afrique
3777;4765;Store;2;1552;ESPÈCES;27/04/2024;1;29/04/2024;10; 1 025 369,40 XOF ; 3 094 839,00 XOF ;Burkina Faso;Afrique
3753;4765;Store;4;350;ESPÈCES;27/04/2024;1;29/04/2024;10; 77 974,05 XOF ; 169 570,50 XOF ;Cameroun;Afrique
3754;4765;Store;4;1589;ESPÈCES;27/04/2024;1;29/04/2024;6; 180 851,55 XOF ; 354 750,00 XOF ;Cameroun;Afrique
3757;4654;En ligne;4;977;DÉBIT CARTE;27/04/2024;2;01/05/2024;20; 453 512,40 XOF ; 986 205,00 XOF ;Cameroun;Afrique
3758;4654;Store;3;1500;DÉBIT CARTE;27/04/2024;2;01/05/2024;20; 98 762,40 XOF ; 297 990,00 XOF ;Cameroun;Afrique
3759;11017;En ligne;4;431;DÉBIT CARTE;27/04/2024;4;29/04/2024;16; 587 678,85 XOF ; 1 773 679,05 XOF ;Cameroun;Afrique
3760;9802;En ligne;4;272;VIREMENT;27/04/2024;1;29/04/2024;13; 2 280 616,80 XOF ; 4 959 405,00 XOF ;Cameroun;Afrique
3761;7949;Store;4;651;DÉBIT CARTE;27/04/2024;4;02/05/2024;12; 955 980,30 XOF ; 2 078 835,00 XOF ;Cameroun;Afrique
3762;7949;Store;3;1135;DÉBIT CARTE;27/04/2024;4;02/05/2024;12; 466 638,15 XOF ; 915 255,00 XOF ;Cameroun;Afrique
3764;7949;Store;3;970;DÉBIT CARTE;27/04/2024;4;02/05/2024;10; 750 438,15 XOF ; 1 631 850,00 XOF ;Cameroun;Afrique
3771;9802;En ligne;4;858;VIREMENT;27/04/2024;1;29/04/2024;8; 584 060,40 XOF ; 1 270 005,00 XOF ;Cameroun;Afrique
3779;3969;Store;1;1445;ESPÈCES;27/04/2024;1;29/04/2024;9; 394 765,80 XOF ; 858 495,00 XOF ;Cameroun;Afrique
3780;3969;Store;1;283;ESPÈCES;27/04/2024;1;29/04/2024;9; 645 999,75 XOF ; 1 404 810,00 XOF ;Cameroun;Afrique
3782;5984;Store;2;1561;ESPÈCES;27/04/2024;4;03/05/2024;6; 678 636,75 XOF ; 1 475 760,00 XOF ;Cameroun;Afrique
3769;9802;Store;1;1534;VIREMENT;27/04/2024;1;29/04/2024;9; 74 994,15 XOF ; 163 114,05 XOF ;Côte d'ivoire;Afrique
3783;10867;Store;1;483;ESPÈCES;27/04/2024;1;29/04/2024;6; 867 860,40 XOF ; 1 887 270,00 XOF ;Côte d'ivoire;Afrique
3784;10402;Store;1;943;ESPÈCES;27/04/2024;4;01/05/2024;5; 1 335 208,05 XOF ; 4 029 960,00 XOF ;Côte d'ivoire;Afrique
3751;4765;Store;3;1023;ESPÈCES;27/04/2024;1;29/04/2024;18; 571 502,25 XOF ; 1 121 010,00 XOF ;Ghana;Afrique
3752;3969;Store;4;49;ESPÈCES;27/04/2024;1;29/04/2024;13; 2 065 283,55 XOF ; 4 491 135,00 XOF ;Ghana;Afrique
3756;4654;En ligne;4;384;DÉBIT CARTE;27/04/2024;2;01/05/2024;30; 792 156,75 XOF ; 1 553 805,00 XOF ;Ghana;Afrique
3765;11017;Store;2;1327;DÉBIT CARTE;27/04/2024;4;29/04/2024;10; 502 822,65 XOF ; 986 205,00 XOF ;Ghana;Afrique
3766;11017;Store;1;1213;DÉBIT CARTE;27/04/2024;4;29/04/2024;10; 1 544 439,60 XOF ; 4 661 415,00 XOF ;Ghana;Afrique
3767;7378;Store;4;1224;VIREMENT;27/04/2024;4;30/04/2024;9; 2 248 050,75 XOF ; 4 888 455,00 XOF ;Ghana;Afrique
3768;9802;Store;4;192;VIREMENT;27/04/2024;1;29/04/2024;9; 2 473 175,10 XOF ; 5 378 010,00 XOF ;Ghana;Afrique
3772;7949;Store;3;96;DÉBIT CARTE;27/04/2024;4;02/05/2024;5; 36 113,55 XOF ; 70 879,05 XOF ;Ghana;Afrique
3773;7949;Store;3;3;DÉBIT CARTE;27/04/2024;4;02/05/2024;4; 1 485 622,05 XOF ; 4 484 040,00 XOF ;Ghana;Afrique
3778;8458;Store;3;566;ESPÈCES;27/04/2024;4;30/04/2024;9; 874 387,80 XOF ; 1 901 460,00 XOF ;Ghana;Afrique
3774;10867;Store;3;1059;ESPÈCES;27/04/2024;1;29/04/2024;24; 678 636,75 XOF ; 1 475 760,00 XOF ;Sénégal;Afrique
3775;4765;Store;4;460;ESPÈCES;27/04/2024;1;29/04/2024;15; 74 994,15 XOF ; 163 114,05 XOF ;Sénégal;Afrique
3776;5984;Store;3;642;ESPÈCES;27/04/2024;4;03/05/2024;12; 828 341,25 XOF ; 1 624 755,00 XOF ;Sénégal;Afrique
3781;10402;Store;3;1631;ESPÈCES;27/04/2024;4;01/05/2024;8; 611 163,30 XOF ; 1 844 629,05 XOF ;Sénégal;Afrique
3817;1223;Store;2;1552;ESPÈCES;28/04/2024;2;30/04/2024;10; 1 900 514,00 XOF ; 4 132 837,50 XOF ;Burkina Faso;Afrique
3821;9447;Store;1;210;ESPÈCES;28/04/2024;1;30/04/2024;5; 108 730,88 XOF ; 236 440,88 XOF ;Burkina Faso;Afrique
3800;9426;Store;3;246;VIREMENT;28/04/2024;1;30/04/2024;12; 5 680 848,25 XOF ; 17 146 190,88 XOF ;Canada;Amérique
3802;9426;En ligne;4;82;VIREMENT;28/04/2024;1;30/04/2024;10; 443 721,30 XOF ; 964 920,00 XOF ;Canada;Amérique
3814;11991;Store;4;1190;ESPÈCES;28/04/2024;2;30/04/2024;12; 1 154 356,50 XOF ; 2 264 191,88 XOF ;Canada;Amérique
3818;1223;Store;3;390;ESPÈCES;28/04/2024;2;30/04/2024;10; 138 648,13 XOF ; 301 478,38 XOF ;Canada;Amérique
3820;9447;Store;1;504;ESPÈCES;28/04/2024;1;30/04/2024;9; 419 018,88 XOF ; 821 837,50 XOF ;Côte d'ivoire;Afrique
3806;9426;Store;4;321;VIREMENT;28/04/2024;1;30/04/2024;9; 75 857,38 XOF ; 164 958,75 XOF ;Etats-Unis;Amérique
3809;7404;Store;4;1127;DÉBIT CARTE;28/04/2024;4;01/05/2024;5; 502 822,65 XOF ; 986 205,00 XOF ;Etats-Unis;Amérique
3811;1223;Store;3;386;ESPÈCES;28/04/2024;2;30/04/2024;36; 1 438 333,88 XOF ; 3 127 712,50 XOF ;Etats-Unis;Amérique
3815;11991;Store;1;290;ESPÈCES;28/04/2024;2;30/04/2024;10; 836 441,38 XOF ; 2 524 637,50 XOF ;Etats-Unis;Amérique
3789;7157;En ligne;4;1631;DÉBIT CARTE;28/04/2024;4;30/04/2024;26; 840 994,00 XOF ; 1 649 587,50 XOF ;France;Europe
3786;11991;Store;4;1373;ESPÈCES;28/04/2024;2;30/04/2024;12; 788 491,00 XOF ; 1 714 625,00 XOF ;Ghana;Afrique
3787;1223;Store;4;904;ESPÈCES;28/04/2024;2;30/04/2024;4; 391 762,25 XOF ; 1 182 500,00 XOF ;Ghana;Afrique
3788;2996;Store;4;1212;DÉBIT CARTE;28/04/2024;4;01/05/2024;26; 522 050,10 XOF ; 1 135 200,00 XOF ;Ghana;Afrique
3791;3884;En ligne;4;1048;VIREMENT;28/04/2024;4;04/05/2024;18; 619 890,15 XOF ; 1 348 050,00 XOF ;Ghana;Afrique
3792;8163;Store;1;447;DÉBIT CARTE;28/04/2024;4;01/05/2024;18; 1 081 561,80 XOF ; 2 121 405,00 XOF ;Ghana;Afrique
3793;9426;En ligne;4;636;VIREMENT;28/04/2024;1;30/04/2024;16; 1 299 212,75 XOF ; 2 548 287,50 XOF ;Ghana;Afrique
3796;8163;Store;1;554;DÉBIT CARTE;28/04/2024;4;01/05/2024;13; 58 675,65 XOF ; 127 639,05 XOF ;Ghana;Afrique
3797;9426;Store;1;1626;VIREMENT;28/04/2024;1;30/04/2024;13; 982 657,50 XOF ; 1 927 475,00 XOF ;Ghana;Afrique
3798;9496;Store;3;1412;DÉBIT CARTE;28/04/2024;4;03/05/2024;12; 1 016 429,70 XOF ; 1 993 695,00 XOF ;Ghana;Afrique
3799;10301;Store;4;341;DÉBIT CARTE;28/04/2024;4;02/05/2024;12; 282 168,15 XOF ; 553 410,00 XOF ;Ghana;Afrique
3804;10301;Store;1;667;DÉBIT CARTE;28/04/2024;4;02/05/2024;9; 358 084,65 XOF ; 702 405,00 XOF ;Ghana;Afrique
3807;3884;Store;4;644;VIREMENT;28/04/2024;4;04/05/2024;6; 719 858,70 XOF ; 1 411 905,00 XOF ;Ghana;Afrique
3810;7157;Store;2;1139;DÉBIT CARTE;28/04/2024;4;30/04/2024;4; 991 703,63 XOF ; 1 945 212,50 XOF ;Ghana;Afrique
3812;8203;Store;1;760;ESPÈCES;28/04/2024;4;01/05/2024;20; 34 339,80 XOF ; 67 402,50 XOF ;Ghana;Afrique
3813;1223;Store;3;458;ESPÈCES;28/04/2024;2;30/04/2024;20; 761 293,50 XOF ; 1 655 440,88 XOF ;Ghana;Afrique
3816;11991;Store;4;973;ESPÈCES;28/04/2024;2;30/04/2024;10; 701 518,13 XOF ; 1 525 425,00 XOF ;Ghana;Afrique
3819;9447;Store;1;1057;ESPÈCES;28/04/2024;1;30/04/2024;10; 54 217,63 XOF ; 117 954,38 XOF ;Ghana;Afrique
3785;11991;Store;3;2490;ESPÈCES;28/04/2024;2;30/04/2024;240; 446 630,25 XOF ; 1 348 050,00 XOF ;Sénégal;Afrique
3790;8163;Store;4;1254;DÉBIT CARTE;28/04/2024;4;01/05/2024;20; 43 066,65 XOF ; 84 430,50 XOF ;Sénégal;Afrique
3794;9496;En ligne;4;1156;DÉBIT CARTE;28/04/2024;4;03/05/2024;13; 72 865,65 XOF ; 219 945,00 XOF ;Sénégal;Afrique
3795;8726;Store;3;1108;VIREMENT;28/04/2024;4;02/05/2024;13; 1 479 449,40 XOF ; 2 901 855,00 XOF ;Sénégal;Afrique
3801;6213;Store;4;280;VIREMENT;28/04/2024;4;02/05/2024;10; 36 113,55 XOF ; 70 879,05 XOF ;Sénégal;Afrique
3803;1754;Store;1;991;VIREMENT;28/04/2024;4;03/05/2024;9; 538 368,60 XOF ; 1 170 675,00 XOF ;Sénégal;Afrique
3805;8726;Store;2;1107;VIREMENT;28/04/2024;4;02/05/2024;9; 792 156,75 XOF ; 1 553 805,00 XOF ;Sénégal;Afrique
3808;3884;Store;2;1584;VIREMENT;28/04/2024;4;04/05/2024;5; 43 066,65 XOF ; 84 430,50 XOF ;Sénégal;Afrique
3844;1347;En ligne;4;1454;DÉBIT CARTE;29/04/2024;4;02/05/2024;6; 229 050,25 XOF ; 449 290,88 XOF ;Burkina Faso;Afrique
3847;8591;Store;4;1212;VIREMENT;29/04/2024;4;01/05/2024;5; 108 730,88 XOF ; 236 440,88 XOF ;Burkina Faso;Afrique
3848;8591;Store;2;1127;VIREMENT;29/04/2024;4;01/05/2024;5; 1 238 018,38 XOF ; 3 736 700,00 XOF ;Burkina Faso;Afrique
3851;5547;Store;4;1510;ESPÈCES;29/04/2024;4;05/05/2024;4; 897 281,00 XOF ; 1 951 125,00 XOF ;Burkina Faso;Afrique
3822;4187;En ligne;4;257;VIREMENT;29/04/2024;4;04/05/2024;40; 48 896,38 XOF ; 106 365,88 XOF ;Côte d'ivoire;Afrique
3823;9951;En ligne;4;1401;VIREMENT;29/04/2024;4;01/05/2024;18; 1 547 064,75 XOF ; 3 364 212,50 XOF ;Côte d'ivoire;Afrique
3824;3894;Store;3;424;VIREMENT;29/04/2024;4;04/05/2024;15; 1 112 673,38 XOF ; 3 358 300,00 XOF ;Côte d'ivoire;Afrique
3825;3399;En ligne;4;868;VIREMENT;29/04/2024;2;03/05/2024;13; 1 302 228,13 XOF ; 2 554 200,00 XOF ;Côte d'ivoire;Afrique
3826;2343;Store;3;674;DÉBIT CARTE;29/04/2024;4;05/05/2024;12; 102 463,63 XOF ; 200 965,88 XOF ;Côte d'ivoire;Afrique
3827;5591;Store;3;344;DÉBIT CARTE;29/04/2024;4;04/05/2024;12; 538 333,13 XOF ; 1 170 675,00 XOF ;Côte d'ivoire;Afrique
3828;3894;Store;2;1503;VIREMENT;29/04/2024;4;04/05/2024;12; 97 851,88 XOF ; 212 790,88 XOF ;Côte d'ivoire;Afrique
3829;2343;Store;3;1520;DÉBIT CARTE;29/04/2024;4;05/05/2024;10; 1 900 514,00 XOF ; 4 132 837,50 XOF ;Côte d'ivoire;Afrique
3830;5591;En ligne;4;1241;DÉBIT CARTE;29/04/2024;4;04/05/2024;10; 918 979,88 XOF ; 1 998 425,00 XOF ;Côte d'ivoire;Afrique
3831;3894;Store;1;1519;VIREMENT;29/04/2024;4;04/05/2024;10; 918 979,88 XOF ; 1 998 425,00 XOF ;Côte d'ivoire;Afrique
3832;3894;En ligne;4;1624;VIREMENT;29/04/2024;4;04/05/2024;10; 1 302 228,13 XOF ; 2 554 200,00 XOF ;Côte d'ivoire;Afrique
3833;4187;Store;3;953;VIREMENT;29/04/2024;4;04/05/2024;10; 991 703,63 XOF ; 1 945 212,50 XOF ;Côte d'ivoire;Afrique
3834;4187;En ligne;4;77;VIREMENT;29/04/2024;4;04/05/2024;10; 1 153 824,38 XOF ; 3 482 462,50 XOF ;Côte d'ivoire;Afrique
3835;5707;Store;1;333;DÉBIT CARTE;29/04/2024;4;03/05/2024;10; 647 123,13 XOF ; 1 407 175,00 XOF ;Côte d'ivoire;Afrique
3836;5707;Store;1;1185;DÉBIT CARTE;29/04/2024;4;03/05/2024;10; 391 762,25 XOF ; 1 182 500,00 XOF ;Côte d'ivoire;Afrique
3837;11669;Store;3;517;DÉBIT CARTE;29/04/2024;4;03/05/2024;10; 2 060 979,25 XOF ; 4 481 675,00 XOF ;Côte d'ivoire;Afrique
3838;8591;Store;1;1529;VIREMENT;29/04/2024;4;01/05/2024;10; 901 301,50 XOF ; 1 767 837,50 XOF ;Côte d'ivoire;Afrique
3839;9951;En ligne;4;1077;VIREMENT;29/04/2024;4;01/05/2024;10; 780 745,63 XOF ; 1 531 337,50 XOF ;Côte d'ivoire;Afrique
3840;5707;Store;4;1246;DÉBIT CARTE;29/04/2024;4;03/05/2024;9; 728 656,50 XOF ; 1 584 550,00 XOF ;Côte d'ivoire;Afrique
3841;2343;En ligne;4;570;DÉBIT CARTE;29/04/2024;4;05/05/2024;8; 565 530,63 XOF ; 1 229 800,00 XOF ;Côte d'ivoire;Afrique
3842;2343;Store;1;483;DÉBIT CARTE;29/04/2024;4;05/05/2024;6; 4 495 746,75 XOF ; 13 569 187,50 XOF ;Côte d'ivoire;Afrique
3843;5707;Store;4;597;DÉBIT CARTE;29/04/2024;4;03/05/2024;6; 48 896,38 XOF ; 106 365,88 XOF ;Côte d'ivoire;Afrique
3845;9951;Store;1;1000;VIREMENT;29/04/2024;4;01/05/2024;6; 59 834,50 XOF ; 130 075,00 XOF ;Côte d'ivoire;Afrique
3846;9951;Store;2;75;VIREMENT;29/04/2024;4;01/05/2024;6; 2 060 979,25 XOF ; 4 481 675,00 XOF ;Côte d'ivoire;Afrique
3849;8591;Store;1;9;VIREMENT;29/04/2024;4;01/05/2024;5; 1 900 514,00 XOF ; 4 132 837,50 XOF ;Côte d'ivoire;Afrique
3850;4187;Store;4;846;VIREMENT;29/04/2024;4;04/05/2024;4; 315 372,75 XOF ; 685 850,00 XOF ;Côte d'ivoire;Afrique
3852;1687;Store;3;470;ESPÈCES;30/04/2024;2;05/05/2024;24; 486 717,00 XOF ; 1 058 337,50 XOF ;Burkina Faso;Afrique
3853;11214;Store;4;720;ESPÈCES;30/04/2024;1;02/05/2024;13; 973 374,88 XOF ; 2 116 675,00 XOF ;Burkina Faso;Afrique
3854;11214;Store;3;1257;ESPÈCES;30/04/2024;1;02/05/2024;10; 132 617,38 XOF ; 260 150,00 XOF ;Burkina Faso;Afrique
3855;4904;Store;1;2494;DÉBIT CARTE;30/04/2024;2;04/05/2024;120; 446 630,25 XOF ; 1 348 050,00 XOF ;Burkina Faso;Afrique
3856;1527;Store;4;2506;VIREMENT;30/04/2024;2;03/05/2024;80; 1 628 657,25 XOF ; 3 541 587,50 XOF ;Burkina Faso;Afrique
3858;11733;Store;4;891;DÉBIT CARTE;30/04/2024;2;06/05/2024;26; 190 323,38 XOF ; 413 815,88 XOF ;Burkina Faso;Afrique
3859;1443;En ligne;4;176;VIREMENT;30/04/2024;4;03/05/2024;24; 293 792,13 XOF ; 886 815,88 XOF ;Burkina Faso;Afrique
3861;1443;Store;4;807;VIREMENT;30/04/2024;4;03/05/2024;18; 388 865,13 XOF ; 762 712,50 XOF ;Burkina Faso;Afrique
3862;11733;Store;1;114;DÉBIT CARTE;30/04/2024;2;06/05/2024;13; 180 804,25 XOF ; 354 690,88 XOF ;Burkina Faso;Afrique
3863;1443;Store;2;635;VIREMENT;30/04/2024;4;03/05/2024;12; 3 119 021,13 XOF ; 9 413 882,50 XOF ;Burkina Faso;Afrique
3866;7092;En ligne;4;511;DÉBIT CARTE;30/04/2024;4;06/05/2024;10; 961 609,00 XOF ; 1 886 087,50 XOF ;Burkina Faso;Afrique
3867;100;Store;3;1155;VIREMENT;30/04/2024;4;06/05/2024;10; 1 265 452,38 XOF ; 3 819 475,00 XOF ;Burkina Faso;Afrique
3868;100;Store;3;675;VIREMENT;30/04/2024;4;06/05/2024;10; 2 838,00 XOF ; 5 616,88 XOF ;Burkina Faso;Afrique
3869;1527;Store;4;675;VIREMENT;30/04/2024;2;03/05/2024;10; 509 302,75 XOF ; 1 537 190,88 XOF ;Burkina Faso;Afrique
3870;11104;Store;4;899;DÉBIT CARTE;30/04/2024;4;02/05/2024;10; 1 685 772,00 XOF ; 3 665 750,00 XOF ;Burkina Faso;Afrique
3872;7848;Store;2;695;DÉBIT CARTE;30/04/2024;2;02/05/2024;10; 34 410,75 XOF ; 74 852,25 XOF ;Burkina Faso;Afrique
3873;11733;Store;1;1296;DÉBIT CARTE;30/04/2024;2;06/05/2024;9; 524 970,88 XOF ; 1 584 550,00 XOF ;Burkina Faso;Afrique
3874;7092;Store;4;507;DÉBIT CARTE;30/04/2024;4;06/05/2024;9; 432 322,00 XOF ; 940 087,50 XOF ;Burkina Faso;Afrique
3876;7092;Store;4;1079;DÉBIT CARTE;30/04/2024;4;06/05/2024;9; 894 561,25 XOF ; 1 945 212,50 XOF ;Burkina Faso;Afrique
3877;100;Store;4;1174;VIREMENT;30/04/2024;4;06/05/2024;9; 918 979,88 XOF ; 1 998 425,00 XOF ;Burkina Faso;Afrique
3881;11104;En ligne;4;1185;DÉBIT CARTE;30/04/2024;4;02/05/2024;9; 350 729,50 XOF ; 762 712,50 XOF ;Burkina Faso;Afrique
3882;5988;En ligne;4;919;VIREMENT;30/04/2024;2;06/05/2024;8; 30 094,63 XOF ; 59 065,88 XOF ;Burkina Faso;Afrique
3885;11104;Store;1;975;DÉBIT CARTE;30/04/2024;4;02/05/2024;6; 208 001,75 XOF ; 407 962,50 XOF ;Burkina Faso;Afrique
3886;7848;En ligne;4;1261;DÉBIT CARTE;30/04/2024;2;02/05/2024;6; 1 112 673,38 XOF ; 3 358 300,00 XOF ;Burkina Faso;Afrique
3889;9140;Store;4;1035;ESPÈCES;30/04/2024;4;03/05/2024;12; 837 446,50 XOF ; 1 821 050,00 XOF ;Burkina Faso;Afrique
3890;9140;Store;3;322;ESPÈCES;30/04/2024;4;03/05/2024;12; 298 403,88 XOF ; 585 337,50 XOF ;Burkina Faso;Afrique
3892;9153;Store;3;1659;ESPÈCES;30/04/2024;2;02/05/2024;8; 97 851,88 XOF ; 212 790,88 XOF ;Burkina Faso;Afrique
3893;11214;Store;3;500;ESPÈCES;30/04/2024;1;02/05/2024;4; 60 011,88 XOF ; 117 658,75 XOF ;Burkina Faso;Afrique
3887;7848;Store;3;921;DÉBIT CARTE;30/04/2024;2;02/05/2024;6; 462 298,38 XOF ; 1 395 350,00 XOF ;Cameroun;Afrique
3857;5988;Store;2;421;VIREMENT;30/04/2024;2;06/05/2024;36; 75 857,38 XOF ; 164 958,75 XOF ;Côte d'ivoire;Afrique
3860;7848;Store;4;415;DÉBIT CARTE;30/04/2024;2;02/05/2024;20; 1 504 140,00 XOF ; 2 950 337,50 XOF ;Côte d'ivoire;Afrique
3879;1443;En ligne;4;1018;VIREMENT;30/04/2024;4;03/05/2024;9; 568 073,00 XOF ; 1 714 565,88 XOF ;Côte d'ivoire;Afrique
3880;11104;Store;4;174;DÉBIT CARTE;30/04/2024;4;02/05/2024;9; 129 010,75 XOF ; 280 489,00 XOF ;Côte d'ivoire;Afrique
3888;11733;Store;4;76;DÉBIT CARTE;30/04/2024;2;06/05/2024;5; 586 165,25 XOF ; 1 769 197,38 XOF ;Côte d'ivoire;Afrique
3891;9140;Store;3;1346;ESPÈCES;30/04/2024;4;03/05/2024;8; 84 194,00 XOF ; 254 178,38 XOF ;Côte d'ivoire;Afrique
3864;10018;Store;4;1640;DÉBIT CARTE;30/04/2024;1;02/05/2024;12; 1 084 884,63 XOF ; 2 359 087,50 XOF ;France;Europe
3865;5988;Store;2;1078;VIREMENT;30/04/2024;2;06/05/2024;10; 51 202,25 XOF ; 100 453,38 XOF ;France;Europe
3875;7092;Store;2;939;DÉBIT CARTE;30/04/2024;4;06/05/2024;9; 622 645,38 XOF ; 1 353 962,50 XOF ;France;Europe
3883;1202;En ligne;4;1133;DÉBIT CARTE;30/04/2024;4;04/05/2024;8; 847 024,75 XOF ; 1 661 412,50 XOF ;France;Europe
3871;11104;Store;4;616;DÉBIT CARTE;30/04/2024;4;02/05/2024;10; 902 720,50 XOF ; 1 962 950,00 XOF ;Gabon;Afrique
3878;4187;Store;4;1183;VIREMENT;30/04/2024;4;05/05/2024;9; 901 301,50 XOF ; 1 767 837,50 XOF ;Ghana;Afrique
3884;7092;Store;2;7;DÉBIT CARTE;30/04/2024;4;06/05/2024;6; 847 024,75 XOF ; 1 661 412,50 XOF ;Ghana;Afrique
