Id Commande;Id Client;Canal;Id Store;Id Produit;Type de paiement;Date de commande;Nb_Jours de livraison programmé;Date de livraison;Quantité;Total Cout d'acquisition;Montant Vente;Pays;Continent
1964;2567;Store;4;1427;ESPÈCES;01/03/2024;4;04/03/2024;13; 10 748,93 XOF ; 21 178,58 XOF ;Cameroun;Afrique
1965;2118;Store;4;8;ESPÈCES;01/03/2024;4;05/03/2024;10; 1 627 474,75 XOF ; 3 192 158,75 XOF ;Burkina Faso;Afrique
1966;2567;Store;3;468;ESPÈCES;01/03/2024;4;04/03/2024;9; 2 421 783,65 XOF ; 4 750 102,50 XOF ;Burkina Faso;Afrique
1967;2567;Store;4;306;ESPÈCES;01/03/2024;4;04/03/2024;9; 1 110 816,85 XOF ; 3 352 742,25 XOF ;Côte d'ivoire;Afrique
1968;2567;Store;4;984;ESPÈCES;01/03/2024;4;04/03/2024;8; 916 744,95 XOF ; 2 766 943,58 XOF ;Burkina Faso;Afrique
1969;1309;Store;3;701;VIREMENT;01/03/2024;4;07/03/2024;54; 1 572 252,00 XOF ; 3 083 960,00 XOF ;Cameroun;Afrique
1970;1309;Store;3;701;VIREMENT;01/03/2024;4;07/03/2024;20; 3 537 567,00 XOF ; 6 938 910,00 XOF ;Gabon;Afrique
1971;3488;Store;3;434;DÉBIT CARTE;01/03/2024;4;03/03/2024;20; 2 175 090,50 XOF ; 4 730 000,00 XOF ;Gabon;Afrique
1972;2378;En ligne;4;1179;VIREMENT;01/03/2024;0;01/03/2024;16; 1 348 617,60 XOF ; 2 932 600,00 XOF ;Etats-Unis;Amérique
1973;3441;En ligne;4;211;VIREMENT;01/03/2024;1;03/03/2024;12; 600 987,89 XOF ; 1 813 955,00 XOF ;Gabon;Afrique
1974;3441;Store;4;82;VIREMENT;01/03/2024;1;03/03/2024;12; 44 733,98 XOF ; 97 307,93 XOF ;Cameroun;Afrique
1975;3441;En ligne;3;1622;VIREMENT;01/03/2024;1;03/03/2024;12; 487 745,78 XOF ; 956 760,75 XOF ;Cameroun;Afrique
1976;3488;En ligne;4;261;DÉBIT CARTE;01/03/2024;4;03/03/2024;12; 209 509,44 XOF ; 410 918,75 XOF ;Cameroun;Afrique
1977;5844;Store;1;694;VIREMENT;01/03/2024;4;04/03/2024;10; 5 131 387,80 XOF ; 11 158 661,25 XOF ;Burkina Faso;Afrique
1978;6412;Store;4;1162;DÉBIT CARTE;01/03/2024;4;07/03/2024;9; 3 128 043,60 XOF ; 9 441 080,00 XOF ;Gabon;Afrique
1979;4487;Store;4;1583;DÉBIT CARTE;01/03/2024;4;06/03/2024;9; 1 805 925,83 XOF ; 3 927 082,50 XOF ;Gabon;Afrique
1980;1309;En ligne;4;83;VIREMENT;01/03/2024;4;07/03/2024;8; 209 509,44 XOF ; 410 918,75 XOF ;Gabon;Afrique
1981;3441;Store;4;1510;VIREMENT;01/03/2024;1;03/03/2024;6; 1 298 822,53 XOF ; 3 919 987,50 XOF ;Gabon;Afrique
1982;2378;Store;3;177;VIREMENT;01/03/2024;0;01/03/2024;6; 4 548 604,50 XOF ; 13 728 825,00 XOF ;Burkina Faso;Afrique
1983;3441;Store;2;1310;VIREMENT;01/03/2024;1;03/03/2024;5; 1 175 227,63 XOF ; 2 305 106,38 XOF ;Gabon;Afrique
1984;5844;Store;1;513;VIREMENT;01/03/2024;4;04/03/2024;4; 561 167,20 XOF ; 1 220 340,00 XOF ;Gabon;Afrique
1985;6842;Store;3;46;ESPÈCES;01/03/2024;4;06/03/2024;26; 2 828 776,50 XOF ; 6 151 365,00 XOF ;Burkina Faso;Afrique
1986;6842;Store;4;1633;ESPÈCES;01/03/2024;4;06/03/2024;13; 167 607,55 XOF ; 328 735,00 XOF ;Burkina Faso;Afrique
1987;3238;Store;2;1004;ESPÈCES;01/03/2024;1;03/03/2024;12; 3 526 073,10 XOF ; 10 642 500,00 XOF ;Gabon;Afrique
1988;2118;Store;4;1307;ESPÈCES;01/03/2024;4;05/03/2024;8; 39 022,50 XOF ; 76 519,58 XOF ;Côte d'ivoire;Afrique
1989;2567;Store;1;904;ESPÈCES;01/03/2024;4;04/03/2024;6; 1 432 338,60 XOF ; 2 809 620,00 XOF ;Burkina Faso;Afrique
1990;4941;Store;3;1488;ESPÈCES;02/03/2024;2;08/03/2024;20; 20 959,81 XOF ; 41 091,88 XOF ;Gabon;Afrique
1991;2960;Store;4;981;ESPÈCES;02/03/2024;4;06/03/2024;12; 739 677,40 XOF ; 2 232 560,00 XOF ;Gabon;Afrique
1992;8240;Store;4;1498;ESPÈCES;02/03/2024;4;07/03/2024;10; 17 169,90 XOF ; 33 701,25 XOF ;Cameroun;Afrique
1993;8240;Store;4;1000;ESPÈCES;02/03/2024;4;07/03/2024;6; 902 909,70 XOF ; 1 963 541,25 XOF ;Gabon;Afrique
1994;2389;Store;1;985;DÉBIT CARTE;02/03/2024;4;05/03/2024;13; 74 249,18 XOF ; 161 411,25 XOF ;Sénégal;Afrique
1995;2389;Store;2;1402;DÉBIT CARTE;02/03/2024;4;05/03/2024;10; 284 556,80 XOF ; 558 140,00 XOF ;Sénégal;Afrique
1996;2389;Store;4;176;DÉBIT CARTE;02/03/2024;4;05/03/2024;10; 2 610 203,20 XOF ; 5 676 000,00 XOF ;Gabon;Afrique
1997;2042;Store;3;663;VIREMENT;02/03/2024;4;06/03/2024;9; 79 570,43 XOF ; 156 090,00 XOF ;Sénégal;Afrique
1998;5844;Store;2;684;VIREMENT;02/03/2024;4;05/03/2024;9; 1 130 954,83 XOF ; 2 459 446,28 XOF ;Sénégal;Afrique
1999;5844;Store;4;1646;VIREMENT;02/03/2024;4;05/03/2024;9; 666 244,15 XOF ; 1 448 858,13 XOF ;Gabon;Afrique
2000;2389;Store;3;1605;DÉBIT CARTE;02/03/2024;4;05/03/2024;8; 671 547,66 XOF ; 1 460 387,50 XOF ;Gabon;Afrique
2001;2042;En ligne;4;1522;VIREMENT;02/03/2024;4;06/03/2024;6; 125 108,50 XOF ; 271 975,00 XOF ;Ghana;Afrique
2002;2042;Store;2;300;VIREMENT;02/03/2024;4;06/03/2024;5; 1 524 538,13 XOF ; 3 315 138,75 XOF ;Cameroun;Afrique
2003;4941;Store;4;1105;ESPÈCES;02/03/2024;2;08/03/2024;13; 30 124,19 XOF ; 59 095,44 XOF ;Gabon;Afrique
2004;4941;Store;2;209;ESPÈCES;02/03/2024;2;08/03/2024;13; 112 987,88 XOF ; 221 630,06 XOF ;Ghana;Afrique
2005;2960;Store;2;1503;ESPÈCES;02/03/2024;4;06/03/2024;13; 967 698,88 XOF ; 2 920 775,00 XOF ;Ghana;Afrique
2006;4941;Store;1;1601;ESPÈCES;02/03/2024;2;08/03/2024;10; 508 995,30 XOF ; 1 106 820,00 XOF ;Ghana;Afrique
2007;6809;Store;3;587;ESPÈCES;02/03/2024;4;07/03/2024;10; 3 978 876,00 XOF ; 7 804 500,00 XOF ;Cameroun;Afrique
2008;2960;Store;2;218;ESPÈCES;02/03/2024;4;06/03/2024;10; 74 402,90 XOF ; 146 038,75 XOF ;Cameroun;Afrique
2009;2960;Store;2;1518;ESPÈCES;02/03/2024;4;06/03/2024;10; 699 833,06 XOF ; 1 521 877,50 XOF ;Gabon;Afrique
2010;8240;Store;3;767;ESPÈCES;02/03/2024;4;07/03/2024;9; 240 757,00 XOF ; 472 527,00 XOF ;Sénégal;Afrique
2011;2960;Store;3;1521;ESPÈCES;02/03/2024;4;06/03/2024;9; 301 182,75 XOF ; 590 777,00 XOF ;Cameroun;Afrique
2012;5137;Store;4;171;ESPÈCES;03/03/2024;4;07/03/2024;48; 151 549,20 XOF ; 457 521,08 XOF ;Côte d'ivoire;Afrique
2013;924;Store;4;812;ESPÈCES;03/03/2024;2;05/03/2024;40; 477 446,20 XOF ; 936 540,00 XOF ;Côte d'ivoire;Afrique
2014;6990;Store;4;1009;ESPÈCES;03/03/2024;4;07/03/2024;26; 1 289 214,71 XOF ; 2 528 776,25 XOF ;Côte d'ivoire;Afrique
2015;1848;Store;4;1026;ESPÈCES;03/03/2024;4;09/03/2024;10; 60 449,40 XOF ; 131 399,40 XOF ;Côte d'ivoire;Afrique
2016;6990;Store;4;1048;ESPÈCES;03/03/2024;4;07/03/2024;10; 258 021,50 XOF ; 560 978,00 XOF ;Burkina Faso;Afrique
2017;9467;En ligne;4;894;DÉBIT CARTE;03/03/2024;2;09/03/2024;18; 1 292 141,40 XOF ; 2 809 620,00 XOF ;Côte d'ivoire;Afrique
2018;7868;En ligne;4;269;DÉBIT CARTE;03/03/2024;4;08/03/2024;13; 132 510,95 XOF ; 259 795,25 XOF ;Burkina Faso;Afrique
2019;9467;Store;2;758;DÉBIT CARTE;03/03/2024;2;09/03/2024;10; 819 992,80 XOF ; 1 783 210,00 XOF ;Burkina Faso;Afrique
2020;9467;Store;4;671;DÉBIT CARTE;03/03/2024;2;09/03/2024;10; 3 482 935,50 XOF ; 10 512 425,00 XOF ;Côte d'ivoire;Afrique
2021;7868;Store;1;1136;DÉBIT CARTE;03/03/2024;4;08/03/2024;10; 136 543,28 XOF ; 296 925,75 XOF ;Côte d'ivoire;Afrique
2022;7868;Store;3;320;DÉBIT CARTE;03/03/2024;4;08/03/2024;10; 49 115,14 XOF ; 106 762,01 XOF ;Côte d'ivoire;Afrique
2023;9467;En ligne;4;1141;DÉBIT CARTE;03/03/2024;2;09/03/2024;9; 1 332 488,30 XOF ; 2 897 716,25 XOF ;Côte d'ivoire;Afrique
2024;7868;Store;4;514;DÉBIT CARTE;03/03/2024;4;08/03/2024;6; 5 083 070,85 XOF ; 15 341 755,00 XOF ;Côte d'ivoire;Afrique
2025;6990;Store;3;1026;ESPÈCES;03/03/2024;4;07/03/2024;54; 167 607,55 XOF ; 328 735,00 XOF ;Burkina Faso;Afrique
2026;4505;Store;4;59;ESPÈCES;03/03/2024;4;06/03/2024;18; 1 410 344,10 XOF ; 4 257 000,00 XOF ;Cameroun;Afrique
2027;4792;Store;1;254;ESPÈCES;03/03/2024;4;08/03/2024;13; 902 909,70 XOF ; 1 963 541,25 XOF ;Burkina Faso;Afrique
2028;6990;Store;3;418;ESPÈCES;03/03/2024;4;07/03/2024;12; 3 526 073,10 XOF ; 10 642 500,00 XOF ;Côte d'ivoire;Afrique
2029;4505;Store;1;1436;ESPÈCES;03/03/2024;4;06/03/2024;12; 1 752 074,78 XOF ; 3 810 015,00 XOF ;Côte d'ivoire;Afrique
2030;1848;Store;2;429;ESPÈCES;03/03/2024;4;09/03/2024;10; 7 945 430,35 XOF ; 23 981 100,00 XOF ;Côte d'ivoire;Afrique
2031;1848;Store;2;310;ESPÈCES;03/03/2024;4;09/03/2024;10; 446 630,25 XOF ; 1 348 050,00 XOF ;Côte d'ivoire;Afrique
2032;924;Store;4;1026;ESPÈCES;03/03/2024;2;05/03/2024;10; 1 095 751,80 XOF ; 2 382 737,50 XOF ;Côte d'ivoire;Afrique
2033;924;Store;2;538;ESPÈCES;03/03/2024;2;05/03/2024;10; 325 447,65 XOF ; 638 443,58 XOF ;Côte d'ivoire;Afrique
2034;4505;Store;1;590;ESPÈCES;03/03/2024;4;06/03/2024;9; 2 166 813,00 XOF ; 4 252 743,00 XOF ;Côte d'ivoire;Afrique
2035;924;Store;1;923;ESPÈCES;03/03/2024;2;05/03/2024;9; 3 262 754,00 XOF ; 7 095 000,00 XOF ;Côte d'ivoire;Afrique
2036;924;Store;3;1339;ESPÈCES;03/03/2024;2;05/03/2024;9; 49 115,14 XOF ; 106 762,01 XOF ;Cameroun;Afrique
2037;4792;Store;2;513;ESPÈCES;03/03/2024;4;08/03/2024;6; 427 662,95 XOF ; 930 036,25 XOF ;Cameroun;Afrique
2038;6990;Store;2;11;ESPÈCES;03/03/2024;4;07/03/2024;6; 1 462 752,50 XOF ; 3 180 925,00 XOF ;Côte d'ivoire;Afrique
2039;4792;Store;2;903;ESPÈCES;03/03/2024;4;08/03/2024;5; 1 601 814,50 XOF ; 4 834 651,25 XOF ;Cameroun;Afrique
2040;9429;Store;3;2517;DÉBIT CARTE;04/03/2024;4;06/03/2024;400; 4 544 678,60 XOF ; 13 716 952,70 XOF ;Burkina Faso;Afrique
2041;11984;Store;2;1272;VIREMENT;04/03/2024;4;07/03/2024;20; 505 524,66 XOF ; 991 526,25 XOF ;Côte d'ivoire;Afrique
2042;8023;En ligne;4;1013;DÉBIT CARTE;04/03/2024;4;09/03/2024;12; 978 577,88 XOF ; 2 127 967,88 XOF ;Côte d'ivoire;Afrique
2043;6012;Store;4;1372;DÉBIT CARTE;04/03/2024;4;08/03/2024;12; 978 790,73 XOF ; 2 128 500,00 XOF ;Ghana;Afrique
2044;6012;Store;4;1096;DÉBIT CARTE;04/03/2024;4;08/03/2024;12; 1 339 914,40 XOF ; 2 913 680,00 XOF ;Côte d'ivoire;Afrique
2045;11984;En ligne;4;1075;VIREMENT;04/03/2024;4;07/03/2024;12; 1 625 949,33 XOF ; 3 535 675,00 XOF ;Côte d'ivoire;Afrique
2046;12373;En ligne;3;61;VIREMENT;04/03/2024;4;10/03/2024;10; 122 388,75 XOF ; 240 047,50 XOF ;Côte d'ivoire;Afrique
2047;11984;Store;4;264;VIREMENT;04/03/2024;4;07/03/2024;10; 451 715,00 XOF ; 886 283,75 XOF ;Côte d'ivoire;Afrique
2048;11984;Store;2;348;VIREMENT;04/03/2024;4;07/03/2024;10; 251 411,33 XOF ; 493 102,50 XOF ;Côte d'ivoire;Afrique
2049;9429;Store;4;1210;DÉBIT CARTE;04/03/2024;4;06/03/2024;10; 73 646,10 XOF ; 222 262,70 XOF ;Côte d'ivoire;Afrique
2050;9429;En ligne;3;663;DÉBIT CARTE;04/03/2024;4;06/03/2024;10; 595 507,00 XOF ; 1 797 400,00 XOF ;Burkina Faso;Afrique
2051;8023;En ligne;4;1452;DÉBIT CARTE;04/03/2024;4;09/03/2024;9; 1 605 314,70 XOF ; 3 490 740,00 XOF ;Côte d'ivoire;Afrique
2052;8023;Store;3;651;DÉBIT CARTE;04/03/2024;4;09/03/2024;9; 4 697 836,00 XOF ; 9 217 351,00 XOF ;Côte d'ivoire;Afrique
2053;6012;Store;1;1497;DÉBIT CARTE;04/03/2024;4;08/03/2024;9; 192 984,00 XOF ; 378 400,00 XOF ;Côte d'ivoire;Afrique
2054;11984;Store;1;1375;VIREMENT;04/03/2024;4;07/03/2024;9; 911 896,70 XOF ; 1 983 052,50 XOF ;Burkina Faso;Afrique
2055;10091;Store;1;1323;DÉBIT CARTE;04/03/2024;2;06/03/2024;9; 361 608,50 XOF ; 709 263,50 XOF ;Côte d'ivoire;Afrique
2056;6012;En ligne;4;1132;DÉBIT CARTE;04/03/2024;4;08/03/2024;8; 94 032,40 XOF ; 184 446,35 XOF ;Burkina Faso;Afrique
2057;6012;Store;2;826;DÉBIT CARTE;04/03/2024;4;08/03/2024;5; 2 077 841,70 XOF ; 4 075 545,38 XOF ;Côte d'ivoire;Afrique
2058;357;Store;1;1510;VIREMENT;04/03/2024;4;07/03/2024;5; 468 553,80 XOF ; 1 414 270,00 XOF ;Côte d'ivoire;Afrique
2059;8023;Store;3;1309;DÉBIT CARTE;04/03/2024;4;09/03/2024;4; 1 807 806,00 XOF ; 3 546 081,00 XOF ;Burkina Faso;Afrique
2060;2290;Store;1;15;ESPÈCES;04/03/2024;4;09/03/2024;20; 26 890,05 XOF ; 81 202,28 XOF ;Côte d'ivoire;Afrique
2061;2290;Store;1;654;ESPÈCES;04/03/2024;4;09/03/2024;12; 172 266,60 XOF ; 337 722,00 XOF ;Burkina Faso;Afrique
2062;8198;Store;2;1047;ESPÈCES;04/03/2024;2;08/03/2024;10; 19 180,15 XOF ; 37 603,50 XOF ;Burkina Faso;Afrique
2063;8198;Store;4;737;ESPÈCES;04/03/2024;2;08/03/2024;10; 165 786,50 XOF ; 325 157,94 XOF ;Burkina Faso;Afrique
2064;2290;Store;3;690;ESPÈCES;04/03/2024;4;09/03/2024;8; 210 402,23 XOF ; 635 002,50 XOF ;Burkina Faso;Afrique
2065;8198;Store;2;1115;ESPÈCES;04/03/2024;2;08/03/2024;6; 1 596 741,58 XOF ; 4 819 278,75 XOF ;Côte d'ivoire;Afrique
2066;1816;Store;4;955;ESPÈCES;05/03/2024;4;11/03/2024;9; 1 054 695,40 XOF ; 3 183 290,00 XOF ;Burkina Faso;Afrique
2067;6143;En ligne;3;10;DÉBIT CARTE;05/03/2024;4;09/03/2024;72; 1 022 247,60 XOF ; 2 222 958,10 XOF ;France;Europe
2068;2737;Store;3;420;VIREMENT;05/03/2024;4;07/03/2024;27; 319 748,00 XOF ; 695 310,00 XOF ;France;Europe
2069;10467;Store;2;1380;DÉBIT CARTE;05/03/2024;4;09/03/2024;13; 769 287,20 XOF ; 1 508 870,00 XOF ;Burkina Faso;Afrique
2070;6143;Store;1;242;DÉBIT CARTE;05/03/2024;4;09/03/2024;13; 358 912,40 XOF ; 780 450,00 XOF ;France;Europe
2071;10467;Store;2;1200;DÉBIT CARTE;05/03/2024;4;09/03/2024;12; 206 653,70 XOF ; 449 350,00 XOF ;Burkina Faso;Afrique
2072;6143;En ligne;4;1602;DÉBIT CARTE;05/03/2024;4;09/03/2024;12; 32 542,40 XOF ; 63 855,00 XOF ;Etats-Unis;Amérique
2073;6143;En ligne;4;1396;DÉBIT CARTE;05/03/2024;4;09/03/2024;12; 991 124,20 XOF ; 1 944 030,00 XOF ;Burkina Faso;Afrique
2074;11645;Store;3;567;DÉBIT CARTE;05/03/2024;0;06/03/2024;12; 745 164,20 XOF ; 1 461 570,00 XOF ;Burkina Faso;Afrique
2075;10467;Store;1;1216;DÉBIT CARTE;05/03/2024;4;09/03/2024;10; 677 619,80 XOF ; 1 329 130,00 XOF ;Burkina Faso;Afrique
2076;5039;Store;3;407;DÉBIT CARTE;05/03/2024;4;08/03/2024;10; 2 035 697,40 XOF ; 6 144 270,00 XOF ;Ghana;Afrique
2077;5039;Store;1;1515;DÉBIT CARTE;05/03/2024;4;08/03/2024;10; 78 328,80 XOF ; 236 452,70 XOF ;Burkina Faso;Afrique
2078;2737;Store;2;361;VIREMENT;05/03/2024;4;07/03/2024;10; 778 699,90 XOF ; 1 693 340,00 XOF ;Etats-Unis;Amérique
2079;2737;Store;3;300;VIREMENT;05/03/2024;4;07/03/2024;10; 923 485,20 XOF ; 1 811 353,50 XOF ;Burkina Faso;Afrique
2080;11645;Store;2;524;DÉBIT CARTE;05/03/2024;0;06/03/2024;10; 434 923,50 XOF ; 945 763,50 XOF ;Etats-Unis;Amérique
2081;11645;Store;3;336;DÉBIT CARTE;05/03/2024;0;06/03/2024;10; 1 237 651,80 XOF ; 2 691 370,00 XOF ;Burkina Faso;Afrique
2082;2737;Store;3;235;VIREMENT;05/03/2024;4;07/03/2024;9; 563 390,30 XOF ; 1 225 070,00 XOF ;Ghana;Afrique
2083;11645;Store;4;1148;DÉBIT CARTE;05/03/2024;0;06/03/2024;9; 761 198,90 XOF ; 1 655 263,50 XOF ;Etats-Unis;Amérique
2084;10467;En ligne;4;1052;DÉBIT CARTE;05/03/2024;4;09/03/2024;8; 361 986,90 XOF ; 1 092 630,00 XOF ;Burkina Faso;Afrique
2085;6143;Store;4;47;DÉBIT CARTE;05/03/2024;4;09/03/2024;5; 2 397 731,60 XOF ; 7 236 900,00 XOF ;Etats-Unis;Amérique
2086;1816;Store;1;1378;ESPÈCES;05/03/2024;4;11/03/2024;12; 713 473,20 XOF ; 1 551 440,00 XOF ;France;Europe
2087;1816;Store;2;241;ESPÈCES;05/03/2024;4;11/03/2024;12; 1 361 861,60 XOF ; 4 110 370,00 XOF ;Ghana;Afrique
2088;1816;Store;4;758;ESPÈCES;05/03/2024;4;11/03/2024;10; 393 346,80 XOF ; 1 187 230,00 XOF ;Ghana;Afrique
2089;1816;Store;1;587;ESPÈCES;05/03/2024;4;11/03/2024;10; 2 103 383,70 XOF ; 4 573 910,00 XOF ;Burkina Faso;Afrique
2090;7580;En ligne;3;905;DÉBIT CARTE;06/03/2024;4;12/03/2024;18; 67 355,20 XOF ; 203 342,70 XOF ;Ghana;Afrique
2091;1999;Store;1;1329;VIREMENT;06/03/2024;1;08/03/2024;13; 297 753,50 XOF ; 898 700,00 XOF ;Ghana;Afrique
2092;7961;Store;4;1069;DÉBIT CARTE;06/03/2024;1;08/03/2024;13; 61 963,00 XOF ; 121 513,70 XOF ;Gabon;Afrique
2093;7580;Store;1;49;DÉBIT CARTE;06/03/2024;4;12/03/2024;12; 990 414,70 XOF ; 2 989 360,00 XOF ;Ghana;Afrique
2094;465;Store;4;567;DÉBIT CARTE;06/03/2024;4;11/03/2024;12; 120 473,10 XOF ; 236 310,80 XOF ;Côte d'ivoire;Afrique
2095;1999;En ligne;4;1083;VIREMENT;06/03/2024;1;08/03/2024;10; 256 649,80 XOF ; 558 140,00 XOF ;Ghana;Afrique
2096;1999;Store;4;1087;VIREMENT;06/03/2024;1;08/03/2024;10; 144 643,40 XOF ; 283 752,70 XOF ;Ghana;Afrique
2097;1966;Store;1;394;DÉBIT CARTE;06/03/2024;1;08/03/2024;10; 291 462,60 XOF ; 633 820,00 XOF ;Gabon;Afrique
2098;433;Store;4;1507;DÉBIT CARTE;06/03/2024;1;08/03/2024;10; 1 085 393,10 XOF ; 2 360 270,00 XOF ;Gabon;Afrique
2099;7580;Store;4;1048;DÉBIT CARTE;06/03/2024;4;12/03/2024;9; 45 691,80 XOF ; 99 330,00 XOF ;Côte d'ivoire;Afrique
2100;465;Store;4;1203;DÉBIT CARTE;06/03/2024;4;11/03/2024;9; 324 099,60 XOF ; 704 770,00 XOF ;Côte d'ivoire;Afrique
2101;465;Store;2;1545;DÉBIT CARTE;06/03/2024;4;11/03/2024;9; 2 172 962,00 XOF ; 4 725 270,00 XOF ;Côte d'ivoire;Afrique
2102;7580;En ligne;4;144;DÉBIT CARTE;06/03/2024;4;12/03/2024;8; 1 022 247,60 XOF ; 2 222 958,10 XOF ;Gabon;Afrique
2103;7961;Store;3;1602;DÉBIT CARTE;06/03/2024;1;08/03/2024;8; 500 292,10 XOF ; 1 087 900,00 XOF ;Ghana;Afrique
2104;1999;Store;1;1648;VIREMENT;06/03/2024;1;08/03/2024;5; 78 281,50 XOF ; 170 232,70 XOF ;Ghana;Afrique
2105;7961;Store;3;1253;DÉBIT CARTE;06/03/2024;1;08/03/2024;5; 313 409,80 XOF ; 946 000,00 XOF ;Côte d'ivoire;Afrique
2106;465;Store;1;1014;DÉBIT CARTE;06/03/2024;4;11/03/2024;4; 1 722 287,60 XOF ; 5 198 270,00 XOF ;Ghana;Afrique
2107;7961;Store;4;15;DÉBIT CARTE;06/03/2024;1;08/03/2024;4; 778 699,90 XOF ; 1 693 340,00 XOF ;Côte d'ivoire;Afrique
2108;9993;Store;4;974;ESPÈCES;07/03/2024;1;09/03/2024;15; 1 520 411,20 XOF ; 3 306 270,00 XOF ;Sénégal;Afrique
2109;9993;Store;3;1497;ESPÈCES;07/03/2024;1;09/03/2024;13; 1 722 287,60 XOF ; 5 198 270,00 XOF ;Côte d'ivoire;Afrique
2110;9565;Store;4;627;ESPÈCES;07/03/2024;0;08/03/2024;13; 188 112,10 XOF ; 368 940,00 XOF ;Gabon;Afrique
2111;12360;Store;3;448;DÉBIT CARTE;07/03/2024;1;09/03/2024;80; 468 932,20 XOF ; 1 415 357,90 XOF ;Sénégal;Afrique
2112;12360;En ligne;4;723;DÉBIT CARTE;07/03/2024;1;09/03/2024;26; 1 870 620,40 XOF ; 4 067 800,00 XOF ;Gabon;Afrique
2113;977;Store;1;178;VIREMENT;07/03/2024;1;09/03/2024;24; 327 552,50 XOF ; 988 570,00 XOF ;Cameroun;Afrique
2114;6730;En ligne;4;584;DÉBIT CARTE;07/03/2024;0;08/03/2024;16; 890 138,70 XOF ; 2 686 640,00 XOF ;Gabon;Afrique
2115;433;Store;1;1090;DÉBIT CARTE;07/03/2024;1;09/03/2024;13; 1 914 136,40 XOF ; 4 162 400,00 XOF ;Cameroun;Afrique
2116;6730;Store;1;1399;DÉBIT CARTE;07/03/2024;0;08/03/2024;13; 100 654,40 XOF ; 197 382,90 XOF ;Cameroun;Afrique
2117;12360;Store;1;150;DÉBIT CARTE;07/03/2024;1;09/03/2024;12; 27 528,60 XOF ; 59 881,80 XOF ;Côte d'ivoire;Afrique
2118;977;Store;3;265;VIREMENT;07/03/2024;1;09/03/2024;12; 406 543,50 XOF ; 884 037,00 XOF ;Gabon;Afrique
2119;977;Store;3;1283;VIREMENT;07/03/2024;1;09/03/2024;12; 933 134,40 XOF ; 2 029 170,00 XOF ;France;Europe
2120;6730;Store;4;452;DÉBIT CARTE;07/03/2024;0;08/03/2024;12; 142 278,40 XOF ; 279 070,00 XOF ;Sénégal;Afrique
2121;433;Store;3;248;DÉBIT CARTE;07/03/2024;1;09/03/2024;10; 162 522,80 XOF ; 318 802,00 XOF ;Côte d'ivoire;Afrique
2122;977;Store;1;282;VIREMENT;07/03/2024;1;09/03/2024;10; 43 374,10 XOF ; 94 363,50 XOF ;Sénégal;Afrique
2123;6730;Store;3;1066;DÉBIT CARTE;07/03/2024;0;08/03/2024;5; 401 293,20 XOF ; 872 685,00 XOF ;Gabon;Afrique
2124;9993;Store;2;2511;ESPÈCES;07/03/2024;1;09/03/2024;100; 793 362,90 XOF ; 1 556 170,00 XOF ;France;Europe
2125;9565;Store;4;311;ESPÈCES;07/03/2024;0;08/03/2024;26; 37 603,50 XOF ; 73 788,00 XOF ;France;Europe
2126;2410;Store;3;845;ESPÈCES;07/03/2024;0;08/03/2024;13; 401 293,20 XOF ; 872 685,00 XOF ;Cameroun;Afrique
2127;2410;Store;1;1143;ESPÈCES;07/03/2024;0;08/03/2024;9; 51 982,70 XOF ; 113 047,00 XOF ;Côte d'ivoire;Afrique
2128;9565;Store;2;968;ESPÈCES;07/03/2024;0;08/03/2024;9; 654 726,60 XOF ; 1 423 730,00 XOF ;Côte d'ivoire;Afrique
2129;9565;Store;1;1237;ESPÈCES;07/03/2024;0;08/03/2024;9; 650 375,00 XOF ; 1 414 270,00 XOF ;Gabon;Afrique
2130;2394;Store;4;672;ESPÈCES;08/03/2024;4;12/03/2024;12; 391 502,10 XOF ; 851 352,70 XOF ;Etats-Unis;Amérique
2131;1871;Store;4;618;ESPÈCES;08/03/2024;1;10/03/2024;9; 430 666,50 XOF ; 936 540,00 XOF ;France;Europe
2132;1871;Store;3;1545;ESPÈCES;08/03/2024;1;10/03/2024;9; 1 022 247,60 XOF ; 2 222 958,10 XOF ;France;Europe
2133;3523;Store;4;907;ESPÈCES;08/03/2024;4;11/03/2024;5; 737 359,70 XOF ; 1 603 470,00 XOF ;Etats-Unis;Amérique
2134;6378;En ligne;4;2493;VIREMENT;08/03/2024;4;10/03/2024;160; 2 172 962,00 XOF ; 4 725 270,00 XOF ;Etats-Unis;Amérique
2135;6730;En ligne;4;390;DÉBIT CARTE;08/03/2024;0;09/03/2024;26; 389 373,60 XOF ; 846 670,00 XOF ;Belgique;Europe
2136;1629;En ligne;4;1065;DÉBIT CARTE;08/03/2024;2;11/03/2024;24; 609 034,80 XOF ; 1 324 352,70 XOF ;Belgique;Europe
2137;4479;En ligne;4;609;DÉBIT CARTE;08/03/2024;4;13/03/2024;20; 482 318,10 XOF ; 946 000,00 XOF ;Côte d'ivoire;Afrique
2138;4479;En ligne;4;847;DÉBIT CARTE;08/03/2024;4;13/03/2024;13; 1 520 411,20 XOF ; 3 306 270,00 XOF ;Canada;Amérique
2139;1629;Store;1;730;DÉBIT CARTE;08/03/2024;2;11/03/2024;13; 208 593,00 XOF ; 453 607,00 XOF ;Ghana;Afrique
2140;1629;Store;1;1087;DÉBIT CARTE;08/03/2024;2;11/03/2024;12; 217 485,40 XOF ; 472 952,70 XOF ;France;Europe
2141;11992;Store;3;222;VIREMENT;08/03/2024;4;14/03/2024;10; 110 918,50 XOF ; 241 182,70 XOF ;Canada;Amérique
2142;11992;Store;1;266;VIREMENT;08/03/2024;4;14/03/2024;10; 397 887,60 XOF ; 780 450,00 XOF ;Belgique;Europe
2143;11992;Store;4;1204;VIREMENT;08/03/2024;4;14/03/2024;10; 354 560,80 XOF ; 770 990,00 XOF ;Belgique;Europe
2144;11992;Store;3;1179;VIREMENT;08/03/2024;4;14/03/2024;9; 428 301,50 XOF ; 931 337,00 XOF ;Ghana;Afrique
2145;11992;En ligne;4;43;VIREMENT;08/03/2024;4;14/03/2024;9; 3 596 597,40 XOF ; 10 855 350,00 XOF ;Côte d'ivoire;Afrique
2146;4479;Store;3;1348;DÉBIT CARTE;08/03/2024;4;13/03/2024;9; 32 542,40 XOF ; 63 855,00 XOF ;Ghana;Afrique
2147;1629;Store;2;737;DÉBIT CARTE;08/03/2024;2;11/03/2024;9; 454 458,40 XOF ; 1 371 652,70 XOF ;Ghana;Afrique
2148;6378;Store;1;500;VIREMENT;08/03/2024;4;10/03/2024;9; 35 900,70 XOF ; 78 045,00 XOF ;Côte d'ivoire;Afrique
2149;4479;Store;4;1116;DÉBIT CARTE;08/03/2024;4;13/03/2024;6; 345 810,30 XOF ; 678 282,00 XOF ;Côte d'ivoire;Afrique
2150;4479;Store;3;186;DÉBIT CARTE;08/03/2024;4;13/03/2024;6; 1 302 925,80 XOF ; 2 833 270,00 XOF ;Côte d'ivoire;Afrique
2151;6378;Store;2;513;VIREMENT;08/03/2024;4;10/03/2024;6; 628 617,00 XOF ; 1 366 970,00 XOF ;Etats-Unis;Amérique
2152;6378;En ligne;4;761;VIREMENT;08/03/2024;4;10/03/2024;5; 561 214,50 XOF ; 1 220 340,00 XOF ;Sénégal;Afrique
2153;2200;Store;3;816;ESPÈCES;08/03/2024;2;12/03/2024;18; 556 862,90 XOF ; 1 210 880,00 XOF ;Côte d'ivoire;Afrique
2154;2200;Store;3;697;ESPÈCES;08/03/2024;2;12/03/2024;13; 683 579,60 XOF ; 2 063 226,00 XOF ;Côte d'ivoire;Afrique
2155;3523;Store;4;1071;ESPÈCES;08/03/2024;4;11/03/2024;12; 430 666,50 XOF ; 936 540,00 XOF ;France;Europe
2156;9036;Store;2;1193;ESPÈCES;08/03/2024;2;10/03/2024;12; 168 955,60 XOF ; 367 426,40 XOF ;Côte d'ivoire;Afrique
2157;10244;Store;3;1484;ESPÈCES;08/03/2024;4;14/03/2024;10; 1 498 700,50 XOF ; 3 258 970,00 XOF ;Côte d'ivoire;Afrique
2158;2200;Store;3;1507;ESPÈCES;08/03/2024;2;12/03/2024;10; 238 723,10 XOF ; 468 270,00 XOF ;Ghana;Afrique
2159;9036;Store;4;1596;ESPÈCES;08/03/2024;2;10/03/2024;10; 1 259 409,80 XOF ; 2 738 670,00 XOF ;Ghana;Afrique
2160;2200;Store;3;621;ESPÈCES;08/03/2024;2;12/03/2024;5; 426 314,90 XOF ; 927 080,00 XOF ;France;Europe
2161;3620;Store;4;439;ESPÈCES;09/03/2024;4;15/03/2024;18; 2 172 962,00 XOF ; 4 725 270,00 XOF ;Côte d'ivoire;Afrique
2162;3620;Store;4;297;ESPÈCES;09/03/2024;4;15/03/2024;13; 1 041 782,50 XOF ; 2 043 360,00 XOF ;Côte d'ivoire;Afrique
2163;3523;Store;4;1396;ESPÈCES;09/03/2024;4;12/03/2024;12; 72 085,20 XOF ; 141 427,00 XOF ;Côte d'ivoire;Afrique
2164;1386;Store;4;1359;ESPÈCES;09/03/2024;2;11/03/2024;8; 2 172 962,00 XOF ; 4 725 270,00 XOF ;Burkina Faso;Afrique
2165;4411;Store;4;1267;ESPÈCES;09/03/2024;4;15/03/2024;5; 1 648 783,40 XOF ; 3 585 340,00 XOF ;Côte d'ivoire;Afrique
2166;8227;Store;3;2506;VIREMENT;09/03/2024;0;09/03/2024;120; 802 633,70 XOF ; 1 745 370,00 XOF ;Burkina Faso;Afrique
2167;1908;Store;2;217;VIREMENT;09/03/2024;4;13/03/2024;13; 24 075,70 XOF ; 47 252,70 XOF ;Côte d'ivoire;Afrique
2168;8227;Store;3;1082;VIREMENT;09/03/2024;0;09/03/2024;13; 982 610,20 XOF ; 2 965 710,00 XOF ;Côte d'ivoire;Afrique
2169;8227;Store;3;490;VIREMENT;09/03/2024;0;09/03/2024;12; 1 520 411,20 XOF ; 3 306 270,00 XOF ;Côte d'ivoire;Afrique
2170;7253;Store;3;1446;DÉBIT CARTE;09/03/2024;4;14/03/2024;10; 413 260,10 XOF ; 898 700,00 XOF ;Burkina Faso;Afrique
2171;8775;Store;4;1081;DÉBIT CARTE;09/03/2024;4;11/03/2024;10; 1 520 411,20 XOF ; 3 306 270,00 XOF ;Côte d'ivoire;Afrique
2172;8775;Store;2;554;DÉBIT CARTE;09/03/2024;4;11/03/2024;10; 648 672,20 XOF ; 1 272 370,00 XOF ;Côte d'ivoire;Afrique
2173;8227;Store;1;1311;VIREMENT;09/03/2024;0;09/03/2024;10; 552 227,50 XOF ; 1 083 170,00 XOF ;Burkina Faso;Afrique
2174;9841;Store;2;946;DÉBIT CARTE;09/03/2024;4;12/03/2024;9; 60 685,90 XOF ; 131 967,00 XOF ;Côte d'ivoire;Afrique
2175;9064;Store;4;377;DÉBIT CARTE;09/03/2024;4;11/03/2024;9; 890 138,70 XOF ; 2 686 640,00 XOF ;Côte d'ivoire;Afrique
2176;4202;Store;2;2495;ESPÈCES;09/03/2024;1;11/03/2024;360; 1 203 312,00 XOF ; 2 360 270,00 XOF ;Etats-Unis;Amérique
2177;3336;Store;4;1252;ESPÈCES;09/03/2024;4;14/03/2024;48; 27 528,60 XOF ; 59 881,80 XOF ;Burkina Faso;Afrique
2178;2265;Store;3;990;ESPÈCES;09/03/2024;1;11/03/2024;36; 30 224,70 XOF ; 65 699,70 XOF ;Burkina Faso;Afrique
2179;4202;Store;3;512;ESPÈCES;09/03/2024;1;11/03/2024;24; 434 923,50 XOF ; 945 763,50 XOF ;Ghana;Afrique
2180;4411;Store;2;7;ESPÈCES;09/03/2024;4;15/03/2024;20; 24 075,70 XOF ; 47 252,70 XOF ;Ghana;Afrique
2181;3336;Store;4;922;ESPÈCES;09/03/2024;4;14/03/2024;20; 1 203 312,00 XOF ; 2 360 270,00 XOF ;Côte d'ivoire;Afrique
2182;3523;Store;1;1215;ESPÈCES;09/03/2024;4;12/03/2024;20; 1 535 783,70 XOF ; 4 635 400,00 XOF ;Burkina Faso;Afrique
2183;3336;Store;1;1202;ESPÈCES;09/03/2024;4;14/03/2024;13; 61 963,00 XOF ; 121 513,70 XOF ;Burkina Faso;Afrique
2184;4411;Store;1;1149;ESPÈCES;09/03/2024;4;15/03/2024;12; 429 247,50 XOF ; 841 940,00 XOF ;Côte d'ivoire;Afrique
2185;2265;Store;3;526;ESPÈCES;09/03/2024;1;11/03/2024;12; 1 648 783,40 XOF ; 3 585 340,00 XOF ;Burkina Faso;Afrique
2186;4411;Store;3;1391;ESPÈCES;09/03/2024;4;15/03/2024;10; 890 138,70 XOF ; 2 686 640,00 XOF ;Burkina Faso;Afrique
2187;3336;Store;3;1170;ESPÈCES;09/03/2024;4;14/03/2024;10; 795 775,20 XOF ; 1 560 900,00 XOF ;Ghana;Afrique
2188;4411;Store;3;368;ESPÈCES;09/03/2024;4;15/03/2024;9; 1 648 783,40 XOF ; 3 585 340,00 XOF ;Ghana;Afrique
2189;4202;Store;4;980;ESPÈCES;09/03/2024;1;11/03/2024;8; 235 033,70 XOF ; 709 452,70 XOF ;Burkina Faso;Afrique
2190;3523;Store;1;1490;ESPÈCES;09/03/2024;4;12/03/2024;4; 388 664,10 XOF ; 1 173 040,00 XOF ;Burkina Faso;Afrique
2191;6904;Store;4;1044;ESPÈCES;10/03/2024;4;12/03/2024;24; 311 092,10 XOF ; 610 170,00 XOF ;Burkina Faso;Afrique
2192;2680;Store;4;151;ESPÈCES;10/03/2024;0;10/03/2024;20; 1 087 568,90 XOF ; 2 365 000,00 XOF ;Burkina Faso;Afrique
2193;3217;Store;4;980;ESPÈCES;10/03/2024;4;13/03/2024;12; 4 777,30 XOF ; 9 412,70 XOF ;Burkina Faso;Afrique
2194;2680;Store;4;1405;ESPÈCES;10/03/2024;0;10/03/2024;10; 147 907,10 XOF ; 321 640,00 XOF ;France;Europe
2195;8530;Store;4;648;VIREMENT;10/03/2024;4;14/03/2024;26; 358 912,40 XOF ; 780 450,00 XOF ;Côte d'ivoire;Afrique
2196;175;Store;1;297;DÉBIT CARTE;10/03/2024;4;16/03/2024;12; 65 132,10 XOF ; 141 663,50 XOF ;Burkina Faso;Afrique
2197;12211;Store;4;1297;DÉBIT CARTE;10/03/2024;0;10/03/2024;12; 262 846,10 XOF ; 515 570,00 XOF ;Burkina Faso;Afrique
2198;8712;Store;1;1581;DÉBIT CARTE;10/03/2024;4;16/03/2024;10; 630 792,80 XOF ; 1 371 700,00 XOF ;Burkina Faso;Afrique
2199;8712;Store;2;1627;DÉBIT CARTE;10/03/2024;4;16/03/2024;10; 982 610,20 XOF ; 2 965 710,00 XOF ;Burkina Faso;Afrique
2200;8712;Store;2;1161;DÉBIT CARTE;10/03/2024;4;16/03/2024;10; 263 177,20 XOF ; 572 330,00 XOF ;Burkina Faso;Afrique
2201;10361;En ligne;4;782;DÉBIT CARTE;10/03/2024;4;14/03/2024;10; 381 001,50 XOF ; 747 340,00 XOF ;Burkina Faso;Afrique
2202;1239;Store;3;222;DÉBIT CARTE;10/03/2024;0;10/03/2024;10; 923 485,20 XOF ; 1 811 353,50 XOF ;Burkina Faso;Afrique
2203;10361;En ligne;4;967;DÉBIT CARTE;10/03/2024;4;14/03/2024;9; 1 565 582,70 XOF ; 4 725 270,00 XOF ;Burkina Faso;Afrique
2204;10361;Store;4;1355;DÉBIT CARTE;10/03/2024;4;14/03/2024;9; 152 258,70 XOF ; 331 052,70 XOF ;Burkina Faso;Afrique
2205;9841;En ligne;4;551;DÉBIT CARTE;10/03/2024;4;13/03/2024;9; 84 808,90 XOF ; 184 422,70 XOF ;Burkina Faso;Afrique
2206;1239;Store;4;663;DÉBIT CARTE;10/03/2024;0;10/03/2024;8; 669 957,20 XOF ; 1 456 840,00 XOF ;Côte d'ivoire;Afrique
2207;12211;En ligne;4;1634;DÉBIT CARTE;10/03/2024;0;10/03/2024;6; 1 302 925,80 XOF ; 2 833 270,00 XOF ;Burkina Faso;Afrique
2208;12211;Store;2;820;DÉBIT CARTE;10/03/2024;0;10/03/2024;5; 35 853,40 XOF ; 108 269,70 XOF ;Ghana;Afrique
2209;1239;Store;1;812;DÉBIT CARTE;10/03/2024;0;10/03/2024;4; 2 172 962,00 XOF ; 4 725 270,00 XOF ;Ghana;Afrique
2210;4205;Store;2;879;ESPÈCES;10/03/2024;4;13/03/2024;20; 802 633,70 XOF ; 1 745 370,00 XOF ;Ghana;Afrique
2211;3217;Store;2;768;ESPÈCES;10/03/2024;4;13/03/2024;20; 419 976,70 XOF ; 1 267 640,00 XOF ;Ghana;Afrique
2212;6904;Store;1;391;ESPÈCES;10/03/2024;4;12/03/2024;13; 408 908,50 XOF ; 889 240,00 XOF ;Burkina Faso;Afrique
2213;6906;Store;2;1047;ESPÈCES;10/03/2024;4;15/03/2024;12; 419 976,70 XOF ; 1 267 640,00 XOF ;Burkina Faso;Afrique
2214;4205;Store;4;1460;ESPÈCES;10/03/2024;4;13/03/2024;12; 585 101,00 XOF ; 1 272 370,00 XOF ;Burkina Faso;Afrique
2215;7177;Store;1;1363;ESPÈCES;10/03/2024;0;10/03/2024;12; 38 596,80 XOF ; 75 680,00 XOF ;Ghana;Afrique
2216;3217;Store;3;1652;ESPÈCES;10/03/2024;4;13/03/2024;10; 669 957,20 XOF ; 1 456 840,00 XOF ;Ghana;Afrique
2217;6904;Store;1;722;ESPÈCES;10/03/2024;4;12/03/2024;10; 50 043,40 XOF ; 108 790,00 XOF ;Cameroun;Afrique
2218;6904;Store;2;1104;ESPÈCES;10/03/2024;4;12/03/2024;10; 250 122,40 XOF ; 543 950,00 XOF ;Burkina Faso;Afrique
2219;2680;Store;4;1596;ESPÈCES;10/03/2024;0;10/03/2024;10; 238 723,10 XOF ; 468 270,00 XOF ;Cameroun;Afrique
2220;2680;Store;1;1587;ESPÈCES;10/03/2024;0;10/03/2024;10; 419 976,70 XOF ; 1 267 640,00 XOF ;Ghana;Afrique
2221;2680;Store;4;241;ESPÈCES;10/03/2024;0;10/03/2024;10; 60 685,90 XOF ; 131 967,00 XOF ;Ghana;Afrique
2222;7177;Store;2;1450;ESPÈCES;10/03/2024;0;10/03/2024;10; 916 390,20 XOF ; 1 797 400,00 XOF ;Ghana;Afrique
2223;3217;Store;2;677;ESPÈCES;10/03/2024;4;13/03/2024;9; 2 172 962,00 XOF ; 4 725 270,00 XOF ;Ghana;Afrique
2224;3217;Store;3;436;ESPÈCES;10/03/2024;4;13/03/2024;9; 713 473,20 XOF ; 1 551 440,00 XOF ;Burkina Faso;Afrique
2225;6904;Store;2;1412;ESPÈCES;10/03/2024;4;12/03/2024;9; 545 983,90 XOF ; 1 187 230,00 XOF ;Ghana;Afrique
2226;7177;Store;1;824;ESPÈCES;10/03/2024;0;10/03/2024;5; 1 302 925,80 XOF ; 2 833 270,00 XOF ;Cameroun;Afrique
2227;4427;Store;4;936;ESPÈCES;11/03/2024;4;16/03/2024;24; 2 476 107,70 XOF ; 7 473 400,00 XOF ;Ghana;Afrique
2228;4427;Store;3;664;ESPÈCES;11/03/2024;4;16/03/2024;9; 391 502,10 XOF ; 851 352,70 XOF ;Ghana;Afrique
2229;4427;Store;4;1266;ESPÈCES;11/03/2024;4;16/03/2024;5; 168 955,60 XOF ; 367 426,40 XOF ;Gabon;Afrique
2230;6341;En ligne;3;2507;VIREMENT;11/03/2024;1;13/03/2024;520; 1 205 487,80 XOF ; 2 364 527,00 XOF ;Gabon;Afrique
2231;6355;Store;3;550;DÉBIT CARTE;11/03/2024;1;13/03/2024;36; 723 406,20 XOF ; 1 418 952,70 XOF ;France;Europe
2232;6355;Store;4;70;DÉBIT CARTE;11/03/2024;1;13/03/2024;24; 95 309,50 XOF ; 207 221,30 XOF ;Ghana;Afrique
2233;6355;Store;4;1576;DÉBIT CARTE;11/03/2024;1;13/03/2024;24; 4 544 678,60 XOF ; 13 716 952,70 XOF ;France;Europe
2234;6355;En ligne;4;1003;DÉBIT CARTE;11/03/2024;1;13/03/2024;24; 626 441,20 XOF ; 1 362 240,00 XOF ;Cameroun;Afrique
2235;11927;Store;3;1215;DÉBIT CARTE;11/03/2024;1;13/03/2024;20; 31 218,00 XOF ; 61 253,50 XOF ;Cameroun;Afrique
2236;6456;En ligne;4;1076;DÉBIT CARTE;11/03/2024;1;13/03/2024;20; 669 153,10 XOF ; 2 019 710,00 XOF ;Cameroun;Afrique
2237;6511;Store;3;1351;VIREMENT;11/03/2024;4;16/03/2024;18; 517 698,50 XOF ; 1 125 740,00 XOF ;France;Europe
2238;11388;Store;1;491;VIREMENT;11/03/2024;4;15/03/2024;13; 71 754,10 XOF ; 156 042,70 XOF ;Gabon;Afrique
2239;11388;Store;2;1626;VIREMENT;11/03/2024;4;15/03/2024;13; 1 520 411,20 XOF ; 3 306 270,00 XOF ;Ghana;Afrique
2240;1911;Store;4;329;VIREMENT;11/03/2024;4;13/03/2024;13; 103 208,60 XOF ; 224 391,20 XOF ;Cameroun;Afrique
2241;1911;Store;1;1450;VIREMENT;11/03/2024;4;13/03/2024;13; 1 087 568,90 XOF ; 2 364 952,70 XOF ;Cameroun;Afrique
2242;11927;Store;1;721;DÉBIT CARTE;11/03/2024;1;13/03/2024;13; 2 444 747,80 XOF ; 7 378 800,00 XOF ;France;Europe
2243;10361;Store;1;1444;DÉBIT CARTE;11/03/2024;4;15/03/2024;12; 60 260,20 XOF ; 118 202,70 XOF ;Gabon;Afrique
2244;6341;En ligne;4;907;VIREMENT;11/03/2024;1;13/03/2024;12; 552 227,50 XOF ; 1 083 170,00 XOF ;France;Europe
2245;6341;En ligne;4;966;VIREMENT;11/03/2024;1;13/03/2024;10; 1 498 700,50 XOF ; 3 258 970,00 XOF ;Gabon;Afrique
2246;1911;Store;2;1298;VIREMENT;11/03/2024;4;13/03/2024;9; 606 859,00 XOF ; 1 319 670,00 XOF ;France;Europe
2247;1911;Store;2;511;VIREMENT;11/03/2024;4;13/03/2024;9; 3 596 597,40 XOF ; 10 855 350,00 XOF ;Ghana;Afrique
2248;11388;Store;4;842;VIREMENT;11/03/2024;4;15/03/2024;8; 735 183,90 XOF ; 1 598 740,00 XOF ;Sénégal;Afrique
2249;10361;Store;3;1000;DÉBIT CARTE;11/03/2024;4;15/03/2024;5; 735 183,90 XOF ; 1 598 740,00 XOF ;Sénégal;Afrique
2250;6456;Store;1;1350;DÉBIT CARTE;11/03/2024;1;13/03/2024;5; 700 418,40 XOF ; 1 523 060,00 XOF ;France;Europe
2251;9396;Store;4;1452;ESPÈCES;11/03/2024;1;13/03/2024;13; 30 224,70 XOF ; 65 699,70 XOF ;Sénégal;Afrique
2252;4449;Store;4;491;ESPÈCES;11/03/2024;4;17/03/2024;10; 982 610,20 XOF ; 2 965 710,00 XOF ;Cameroun;Afrique
2253;4427;Store;3;637;ESPÈCES;11/03/2024;4;16/03/2024;10; 793 362,90 XOF ; 1 556 170,00 XOF ;Cameroun;Afrique
2254;9396;Store;3;580;ESPÈCES;11/03/2024;1;13/03/2024;8; 389 373,60 XOF ; 846 670,00 XOF ;Etats-Unis;Amérique
2255;4427;Store;3;673;ESPÈCES;11/03/2024;4;16/03/2024;5; 761 198,90 XOF ; 1 655 263,50 XOF ;France;Europe
2256;1480;Store;3;849;ESPÈCES;11/03/2024;1;13/03/2024;4; 231 391,60 XOF ; 453 843,50 XOF ;Sénégal;Afrique
2257;8396;Store;4;395;ESPÈCES;12/03/2024;1;14/03/2024;20; 95 309,50 XOF ; 207 221,30 XOF ;Côte d'ivoire;Afrique
2258;777;Store;4;276;ESPÈCES;12/03/2024;2;15/03/2024;10; 1 564 021,80 XOF ; 4 720 540,00 XOF ;Etats-Unis;Amérique
2259;777;Store;4;928;ESPÈCES;12/03/2024;2;15/03/2024;9; 357 304,20 XOF ; 1 078 440,00 XOF ;Etats-Unis;Amérique
2260;9945;Store;4;442;VIREMENT;12/03/2024;2;17/03/2024;26; 280 583,60 XOF ; 610 170,00 XOF ;Etats-Unis;Amérique
2261;9945;Store;3;770;VIREMENT;12/03/2024;2;17/03/2024;20; 106 093,90 XOF ; 208 120,00 XOF ;Etats-Unis;Amérique
2262;5688;Store;1;681;VIREMENT;12/03/2024;1;14/03/2024;13; 280 583,60 XOF ; 610 170,00 XOF ;Etats-Unis;Amérique
2263;4257;Store;2;1118;DÉBIT CARTE;12/03/2024;4;14/03/2024;13; 1 022 247,60 XOF ; 2 222 958,10 XOF ;Etats-Unis;Amérique
2264;9945;En ligne;3;1239;VIREMENT;12/03/2024;2;17/03/2024;12; 554 687,10 XOF ; 1 206 150,00 XOF ;Etats-Unis;Amérique
2265;4257;Store;4;733;DÉBIT CARTE;12/03/2024;4;14/03/2024;12; 1 087 568,90 XOF ; 2 365 000,00 XOF ;Côte d'ivoire;Afrique
2266;9945;Store;3;553;VIREMENT;12/03/2024;2;17/03/2024;10; 628 617,00 XOF ; 1 366 970,00 XOF ;Etats-Unis;Amérique
2267;4017;Store;3;110;DÉBIT CARTE;12/03/2024;4;16/03/2024;10; 391 502,10 XOF ; 851 352,70 XOF ;Etats-Unis;Amérique
2268;7824;Store;3;499;DÉBIT CARTE;12/03/2024;2;14/03/2024;10; 576 728,90 XOF ; 1 740 640,00 XOF ;Etats-Unis;Amérique
2269;7824;Store;4;268;DÉBIT CARTE;12/03/2024;2;14/03/2024;10; 367 615,60 XOF ; 799 370,00 XOF ;Côte d'ivoire;Afrique
2270;5688;Store;2;1466;VIREMENT;12/03/2024;1;14/03/2024;10; 280 583,60 XOF ; 610 170,00 XOF ;Etats-Unis;Amérique
2271;4257;Store;2;394;DÉBIT CARTE;12/03/2024;4;14/03/2024;10; 778 699,90 XOF ; 1 693 340,00 XOF ;Etats-Unis;Amérique
2272;9945;Store;3;340;VIREMENT;12/03/2024;2;17/03/2024;9; 162 522,80 XOF ; 318 802,00 XOF ;Côte d'ivoire;Afrique
2273;4017;Store;1;1321;DÉBIT CARTE;12/03/2024;4;16/03/2024;9; 1 302 925,80 XOF ; 2 833 270,00 XOF ;Côte d'ivoire;Afrique
2274;7824;En ligne;4;1103;DÉBIT CARTE;12/03/2024;2;14/03/2024;9; 30 224,70 XOF ; 65 699,70 XOF ;Côte d'ivoire;Afrique
2275;5688;Store;1;344;VIREMENT;12/03/2024;1;14/03/2024;9; 454 458,40 XOF ; 1 371 700,00 XOF ;Etats-Unis;Amérique
2276;4257;En ligne;4;698;DÉBIT CARTE;12/03/2024;4;14/03/2024;9; 430 666,50 XOF ; 936 540,00 XOF ;Côte d'ivoire;Afrique
2277;7824;Store;2;1238;DÉBIT CARTE;12/03/2024;2;14/03/2024;6; 280 583,60 XOF ; 610 170,00 XOF ;Côte d'ivoire;Afrique
2278;7824;Store;3;1214;DÉBIT CARTE;12/03/2024;2;14/03/2024;5; 468 932,20 XOF ; 1 415 357,90 XOF ;Etats-Unis;Amérique
2279;5688;Store;4;72;VIREMENT;12/03/2024;1;14/03/2024;5; 219 424,70 XOF ; 430 430,00 XOF ;Côte d'ivoire;Afrique
2280;5688;Store;1;1382;VIREMENT;12/03/2024;1;14/03/2024;5; 723 217,00 XOF ; 1 418 527,00 XOF ;Etats-Unis;Amérique
2281;8396;Store;3;589;ESPÈCES;12/03/2024;1;14/03/2024;24; 1 848 862,40 XOF ; 4 020 500,00 XOF ;Etats-Unis;Amérique
2282;11213;Store;4;1135;ESPÈCES;13/03/2024;2;17/03/2024;36; 250 122,40 XOF ; 543 950,00 XOF ;Côte d'ivoire;Afrique
2283;4269;Store;4;9;ESPÈCES;13/03/2024;2;19/03/2024;12; 95 309,50 XOF ; 207 221,30 XOF ;Etats-Unis;Amérique
2284;2381;Store;4;546;ESPÈCES;13/03/2024;2;15/03/2024;12; 409 949,10 XOF ; 804 100,00 XOF ;Etats-Unis;Amérique
2285;10960;En ligne;3;2490;VIREMENT;13/03/2024;2;15/03/2024;480; 719 338,40 XOF ; 2 171 070,00 XOF ;Canada;Amérique
2286;223;Store;4;2517;DÉBIT CARTE;13/03/2024;2;18/03/2024;200; 519 874,30 XOF ; 1 130 470,00 XOF ;Canada;Amérique
2287;12253;En ligne;4;2503;DÉBIT CARTE;13/03/2024;4;18/03/2024;180; 391 502,10 XOF ; 851 352,70 XOF ;Etats-Unis;Amérique
2288;6947;En ligne;4;1583;DÉBIT CARTE;13/03/2024;4;18/03/2024;52; 650 848,00 XOF ; 1 276 627,00 XOF ;Cameroun;Afrique
2289;3902;En ligne;4;432;DÉBIT CARTE;13/03/2024;4;18/03/2024;36; 101 269,30 XOF ; 198 612,70 XOF ;Côte d'ivoire;Afrique
2290;6476;En ligne;4;578;VIREMENT;13/03/2024;4;16/03/2024;26; 1 520 411,20 XOF ; 3 306 270,00 XOF ;Gabon;Afrique
2291;6947;En ligne;4;1227;DÉBIT CARTE;13/03/2024;4;18/03/2024;20; 1 870 620,40 XOF ; 4 067 800,00 XOF ;Etats-Unis;Amérique
2292;3369;Store;4;1164;DÉBIT CARTE;13/03/2024;1;15/03/2024;20; 419 976,70 XOF ; 1 267 640,00 XOF ;Etats-Unis;Amérique
2293;10960;En ligne;4;1209;VIREMENT;13/03/2024;2;15/03/2024;20; 391 502,10 XOF ; 851 352,70 XOF ;Gabon;Afrique
2294;6350;En ligne;4;304;VIREMENT;13/03/2024;0;13/03/2024;20; 60 685,90 XOF ; 131 967,00 XOF ;Cameroun;Afrique
2295;6476;Store;1;427;VIREMENT;13/03/2024;4;16/03/2024;18; 407 442,20 XOF ; 1 229 752,70 XOF ;Côte d'ivoire;Afrique
2296;11362;Store;3;610;VIREMENT;13/03/2024;2;19/03/2024;12; 30 224,70 XOF ; 65 699,70 XOF ;Etats-Unis;Amérique
2297;12253;Store;1;530;DÉBIT CARTE;13/03/2024;4;18/03/2024;12; 677 619,80 XOF ; 1 329 130,00 XOF ;Sénégal;Afrique
2298;1039;Store;1;322;VIREMENT;13/03/2024;2;16/03/2024;12; 1 498 700,50 XOF ; 3 258 970,00 XOF ;Etats-Unis;Amérique
2299;3369;Store;3;1465;DÉBIT CARTE;13/03/2024;1;15/03/2024;12; 1 567 143,60 XOF ; 4 730 000,00 XOF ;Sénégal;Afrique
2300;10960;Store;1;1089;VIREMENT;13/03/2024;2;15/03/2024;12; 2 476 107,70 XOF ; 7 473 400,00 XOF ;Sénégal;Afrique
2301;223;Store;2;1654;DÉBIT CARTE;13/03/2024;2;18/03/2024;10; 367 615,60 XOF ; 799 370,00 XOF ;Sénégal;Afrique
2302;1039;Store;1;1497;VIREMENT;13/03/2024;2;16/03/2024;10; 2 035 697,40 XOF ; 6 144 270,00 XOF ;Sénégal;Afrique
2303;10188;Store;4;862;DÉBIT CARTE;13/03/2024;2;16/03/2024;10; 1 029 626,40 XOF ; 3 107 610,00 XOF ;Sénégal;Afrique
2304;223;Store;2;1347;DÉBIT CARTE;13/03/2024;2;18/03/2024;9; 280 583,60 XOF ; 610 170,00 XOF ;Sénégal;Afrique
2305;1039;Store;4;1262;VIREMENT;13/03/2024;2;16/03/2024;9; 1 302 925,80 XOF ; 2 833 270,00 XOF ;Etats-Unis;Amérique
2306;12289;Store;3;554;VIREMENT;13/03/2024;4;16/03/2024;9; 1 376 855,70 XOF ; 2 994 090,00 XOF ;Sénégal;Afrique
2307;12289;Store;4;412;VIREMENT;13/03/2024;4;16/03/2024;9; 735 183,90 XOF ; 1 598 740,00 XOF ;Côte d'ivoire;Afrique
2308;4257;Store;1;375;DÉBIT CARTE;13/03/2024;4;15/03/2024;9; 3 596 597,40 XOF ; 10 855 350,00 XOF ;Sénégal;Afrique
2309;3369;Store;2;712;DÉBIT CARTE;13/03/2024;1;15/03/2024;9; 985 732,00 XOF ; 2 975 170,00 XOF ;Sénégal;Afrique
2310;10960;En ligne;4;1043;VIREMENT;13/03/2024;2;15/03/2024;9; 413 260,10 XOF ; 898 700,00 XOF ;Sénégal;Afrique
2311;10960;Store;4;1296;VIREMENT;13/03/2024;2;15/03/2024;9; 434 828,90 XOF ; 945 527,00 XOF ;Sénégal;Afrique
2312;6350;En ligne;4;656;VIREMENT;13/03/2024;0;13/03/2024;9; 35 002,00 XOF ; 68 679,60 XOF ;Sénégal;Afrique
2313;8017;Store;2;767;DÉBIT CARTE;13/03/2024;4;19/03/2024;6; 802 633,70 XOF ; 1 745 370,00 XOF ;Côte d'ivoire;Afrique
2314;6947;Store;3;573;DÉBIT CARTE;13/03/2024;4;18/03/2024;6; 1 520 411,20 XOF ; 3 306 270,00 XOF ;Gabon;Afrique
2315;3902;Store;2;513;DÉBIT CARTE;13/03/2024;4;18/03/2024;6; 745 164,20 XOF ; 1 461 570,00 XOF ;France;Europe
2316;1039;Store;3;907;VIREMENT;13/03/2024;2;16/03/2024;4; 361 986,90 XOF ; 1 092 630,00 XOF ;Côte d'ivoire;Afrique
2317;1936;Store;4;706;ESPÈCES;13/03/2024;2;17/03/2024;26; 435 018,10 XOF ; 946 000,00 XOF ;Etats-Unis;Amérique
2318;11213;Store;4;730;ESPÈCES;13/03/2024;2;17/03/2024;12; 347 986,10 XOF ; 756 752,70 XOF ;Canada;Amérique
2319;406;Store;4;605;ESPÈCES;13/03/2024;1;15/03/2024;12; 582 925,20 XOF ; 1 267 640,00 XOF ;Sénégal;Afrique
2320;12322;Store;2;1088;ESPÈCES;13/03/2024;2;18/03/2024;10; 88 214,50 XOF ; 191 801,50 XOF ;France;Europe
2321;9690;Store;1;864;ESPÈCES;13/03/2024;4;17/03/2024;10; 345 810,30 XOF ; 678 282,00 XOF ;France;Europe
2322;1936;Store;4;995;ESPÈCES;13/03/2024;2;17/03/2024;10; 389 373,60 XOF ; 846 670,00 XOF ;Sénégal;Afrique
2323;1936;Store;4;474;ESPÈCES;13/03/2024;2;17/03/2024;10; 393 346,80 XOF ; 1 187 230,00 XOF ;Côte d'ivoire;Afrique
2324;2381;Store;2;1275;ESPÈCES;13/03/2024;2;15/03/2024;10; 295 814,20 XOF ; 643 280,00 XOF ;Etats-Unis;Amérique
2325;1936;Store;2;1521;ESPÈCES;13/03/2024;2;17/03/2024;9; 319 748,00 XOF ; 695 310,00 XOF ;Côte d'ivoire;Afrique
2326;2381;Store;2;129;ESPÈCES;13/03/2024;2;15/03/2024;6; 1 085 393,10 XOF ; 2 360 270,00 XOF ;Canada;Amérique
2327;11213;Store;2;904;ESPÈCES;13/03/2024;2;17/03/2024;5; 1 304 865,10 XOF ; 2 837 527,00 XOF ;Côte d'ivoire;Afrique
2328;2381;Store;1;500;ESPÈCES;13/03/2024;2;15/03/2024;4; 297 753,50 XOF ; 898 700,00 XOF ;Canada;Amérique
2329;4126;Store;4;1647;ESPÈCES;14/03/2024;2;18/03/2024;24; 108 127,80 XOF ; 326 370,00 XOF ;France;Europe
2330;795;Store;4;1351;ESPÈCES;14/03/2024;1;16/03/2024;20; 354 560,80 XOF ; 770 990,00 XOF ;France;Europe
2331;547;Store;4;165;ESPÈCES;14/03/2024;1;16/03/2024;10; 401 293,20 XOF ; 872 685,00 XOF ;Belgique;Europe
2332;4776;En ligne;4;1495;DÉBIT CARTE;14/03/2024;1;16/03/2024;20; 1 564 021,80 XOF ; 4 720 540,00 XOF ;France;Europe
2333;5079;En ligne;4;615;DÉBIT CARTE;14/03/2024;4;16/03/2024;20; 1 614 159,80 XOF ; 4 871 900,00 XOF ;Etats-Unis;Amérique
2334;5079;Store;3;80;DÉBIT CARTE;14/03/2024;4;16/03/2024;18; 16 744,20 XOF ; 32 873,50 XOF ;France;Europe
2335;11362;Store;1;997;VIREMENT;14/03/2024;2;20/03/2024;13; 683 579,60 XOF ; 2 063 226,00 XOF ;Etats-Unis;Amérique
2336;4456;En ligne;4;376;DÉBIT CARTE;14/03/2024;2;17/03/2024;13; 36 941,30 XOF ; 80 362,70 XOF ;Ghana;Afrique
2337;4456;Store;4;667;DÉBIT CARTE;14/03/2024;2;17/03/2024;13; 1 259 409,80 XOF ; 2 738 670,00 XOF ;Etats-Unis;Amérique
2338;4776;Store;2;1153;DÉBIT CARTE;14/03/2024;1;16/03/2024;13; 713 473,20 XOF ; 1 551 440,00 XOF ;Ghana;Afrique
2339;5426;En ligne;3;1329;DÉBIT CARTE;14/03/2024;2;17/03/2024;12; 1 203 312,00 XOF ; 2 360 270,00 XOF ;Ghana;Afrique
2340;4456;En ligne;4;341;DÉBIT CARTE;14/03/2024;2;17/03/2024;12; 30 224,70 XOF ; 65 699,70 XOF ;Belgique;Europe
2341;11362;Store;4;666;VIREMENT;14/03/2024;2;20/03/2024;10; 982 610,20 XOF ; 2 965 710,00 XOF ;Ghana;Afrique
2342;4456;Store;2;1573;DÉBIT CARTE;14/03/2024;2;17/03/2024;10; 1 252 125,60 XOF ; 3 779 270,00 XOF ;Côte d'ivoire;Afrique
2343;6333;Store;1;84;VIREMENT;14/03/2024;2;16/03/2024;10; 982 610,20 XOF ; 2 965 710,00 XOF ;Etats-Unis;Amérique
2344;6333;En ligne;4;244;VIREMENT;14/03/2024;2;16/03/2024;10; 166 401,40 XOF ; 326 370,00 XOF ;Etats-Unis;Amérique
2345;4776;En ligne;4;589;DÉBIT CARTE;14/03/2024;1;16/03/2024;10; 609 034,80 XOF ; 1 324 400,00 XOF ;Côte d'ivoire;Afrique
2346;8155;Store;4;1225;VIREMENT;14/03/2024;2;19/03/2024;9; 1 870 620,40 XOF ; 4 067 800,00 XOF ;Côte d'ivoire;Afrique
2347;4456;En ligne;4;703;DÉBIT CARTE;14/03/2024;2;17/03/2024;9; 1 054 695,40 XOF ; 3 183 290,00 XOF ;Sénégal;Afrique
2348;5079;Store;1;1206;DÉBIT CARTE;14/03/2024;4;16/03/2024;9; 101 269,30 XOF ; 198 612,70 XOF ;Ghana;Afrique
2349;4013;Store;3;3;DÉBIT CARTE;14/03/2024;4;20/03/2024;6; 215 356,90 XOF ; 468 270,00 XOF ;Belgique;Europe
2350;11362;Store;2;809;VIREMENT;14/03/2024;2;20/03/2024;5; 982 610,20 XOF ; 2 965 710,00 XOF ;Etats-Unis;Amérique
2351;4013;Store;1;467;DÉBIT CARTE;14/03/2024;4;20/03/2024;5; 51 982,70 XOF ; 113 047,00 XOF ;France;Europe
2352;547;Store;1;584;ESPÈCES;14/03/2024;1;16/03/2024;24; 677 619,80 XOF ; 1 329 130,00 XOF ;France;Europe
2353;547;Store;3;1340;ESPÈCES;14/03/2024;1;16/03/2024;20; 166 401,40 XOF ; 326 370,00 XOF ;France;Europe
2354;547;Store;2;1453;ESPÈCES;14/03/2024;1;16/03/2024;12; 428 301,50 XOF ; 931 337,00 XOF ;Sénégal;Afrique
2355;547;Store;4;611;ESPÈCES;14/03/2024;1;16/03/2024;10; 35 853,40 XOF ; 108 269,70 XOF ;Côte d'ivoire;Afrique
2356;4126;Store;4;1386;ESPÈCES;14/03/2024;2;18/03/2024;9; 67 544,40 XOF ; 132 440,00 XOF ;Sénégal;Afrique
2357;4126;Store;3;1585;ESPÈCES;14/03/2024;2;18/03/2024;9; 802 633,70 XOF ; 1 745 370,00 XOF ;Ghana;Afrique
2358;4126;Store;4;881;ESPÈCES;14/03/2024;2;18/03/2024;6; 735 183,90 XOF ; 1 598 740,00 XOF ;Côte d'ivoire;Afrique
2359;795;Store;4;1549;ESPÈCES;14/03/2024;1;16/03/2024;6; 648 672,20 XOF ; 1 272 370,00 XOF ;France;Europe
2360;4126;Store;2;771;ESPÈCES;14/03/2024;2;18/03/2024;5; 190 524,40 XOF ; 373 670,00 XOF ;Côte d'ivoire;Afrique
2361;795;Store;1;1639;ESPÈCES;14/03/2024;1;16/03/2024;5; 582 925,20 XOF ; 1 267 640,00 XOF ;Côte d'ivoire;Afrique
2362;11427;Store;3;488;ESPÈCES;15/03/2024;4;17/03/2024;30; 62 530,60 XOF ; 188 727,00 XOF ;Ghana;Afrique
2363;11937;Store;4;67;ESPÈCES;15/03/2024;4;21/03/2024;24; 67 544,40 XOF ; 132 440,00 XOF ;Burkina Faso;Afrique
2364;11937;Store;4;1170;ESPÈCES;15/03/2024;4;21/03/2024;13; 933 134,40 XOF ; 2 029 170,00 XOF ;Sénégal;Afrique
2365;10085;Store;3;116;ESPÈCES;15/03/2024;4;21/03/2024;9; 1 203 312,00 XOF ; 2 360 270,00 XOF ;France;Europe
2366;10044;Store;3;406;DÉBIT CARTE;15/03/2024;4;21/03/2024;52; 39 117,10 XOF ; 85 092,70 XOF ;Burkina Faso;Afrique
2367;5079;Store;2;896;DÉBIT CARTE;15/03/2024;4;17/03/2024;24; 552 227,50 XOF ; 1 083 170,00 XOF ;Burkina Faso;Afrique
2368;10044;Store;3;358;DÉBIT CARTE;15/03/2024;4;21/03/2024;18; 1 520 411,20 XOF ; 3 306 270,00 XOF ;Burkina Faso;Afrique
2369;10044;Store;3;73;DÉBIT CARTE;15/03/2024;4;21/03/2024;18; 769 287,20 XOF ; 1 508 870,00 XOF ;Burkina Faso;Afrique
2370;9780;En ligne;4;1009;VIREMENT;15/03/2024;4;19/03/2024;16; 120 567,70 XOF ; 236 452,70 XOF ;Ghana;Afrique
2371;10044;Store;4;1304;DÉBIT CARTE;15/03/2024;4;21/03/2024;13; 938 053,60 XOF ; 1 839 970,00 XOF ;Burkina Faso;Afrique
2372;921;Store;1;650;VIREMENT;15/03/2024;1;17/03/2024;13; 190 524,40 XOF ; 373 670,00 XOF ;Burkina Faso;Afrique
2373;1813;Store;3;1387;DÉBIT CARTE;15/03/2024;0;16/03/2024;13; 650 375,00 XOF ; 1 414 270,00 XOF ;Burkina Faso;Afrique
2374;1482;Store;3;1611;VIREMENT;15/03/2024;4;19/03/2024;12; 2 444 747,80 XOF ; 7 378 800,00 XOF ;Burkina Faso;Afrique
2375;2439;Store;3;150;DÉBIT CARTE;15/03/2024;1;17/03/2024;12; 1 087 568,90 XOF ; 2 365 000,00 XOF ;Burkina Faso;Afrique
2376;7318;Store;4;458;VIREMENT;15/03/2024;1;17/03/2024;12; 2 172 962,00 XOF ; 4 725 270,00 XOF ;Burkina Faso;Afrique
2377;921;En ligne;4;991;VIREMENT;15/03/2024;1;17/03/2024;12; 3 916 298,10 XOF ; 11 820 270,00 XOF ;Burkina Faso;Afrique
2378;921;Store;1;642;VIREMENT;15/03/2024;1;17/03/2024;12; 265 258,40 XOF ; 520 252,70 XOF ;Ghana;Afrique
2379;10044;Store;4;979;DÉBIT CARTE;15/03/2024;4;21/03/2024;10; 1 520 411,20 XOF ; 3 306 270,00 XOF ;Burkina Faso;Afrique
2380;7318;Store;4;980;VIREMENT;15/03/2024;1;17/03/2024;10; 1 520 411,20 XOF ; 3 306 270,00 XOF ;Burkina Faso;Afrique
2381;1813;Store;4;801;DÉBIT CARTE;15/03/2024;0;16/03/2024;10; 1 302 925,80 XOF ; 2 833 270,00 XOF ;Burkina Faso;Afrique
2382;1482;En ligne;3;1021;VIREMENT;15/03/2024;4;19/03/2024;9; 1 520 411,20 XOF ; 3 306 270,00 XOF ;Ghana;Afrique
2383;8993;Store;1;684;DÉBIT CARTE;15/03/2024;4;18/03/2024;9; 1 737 943,90 XOF ; 5 245 570,00 XOF ;Ghana;Afrique
2384;5079;Store;4;1005;DÉBIT CARTE;15/03/2024;4;17/03/2024;8; 609 034,80 XOF ; 1 324 400,00 XOF ;Burkina Faso;Afrique
2385;1813;Store;2;899;DÉBIT CARTE;15/03/2024;0;16/03/2024;8; 630 792,80 XOF ; 1 371 700,00 XOF ;France;Europe
2386;7318;En ligne;4;390;VIREMENT;15/03/2024;1;17/03/2024;6; 409 949,10 XOF ; 804 100,00 XOF ;France;Europe
2387;921;Store;2;1267;VIREMENT;15/03/2024;1;17/03/2024;6; 1 518 566,50 XOF ; 4 583 370,00 XOF ;France;Europe
2388;1813;Store;4;390;DÉBIT CARTE;15/03/2024;0;16/03/2024;6; 1 848 862,40 XOF ; 4 020 500,00 XOF ;France;Europe
2389;7318;Store;4;81;VIREMENT;15/03/2024;1;17/03/2024;5; 35 853,40 XOF ; 108 269,70 XOF ;France;Europe
2390;10085;Store;3;917;ESPÈCES;15/03/2024;4;21/03/2024;12; 585 101,00 XOF ; 1 272 370,00 XOF ;France;Europe
2391;11427;Store;3;336;ESPÈCES;15/03/2024;4;17/03/2024;12; 595 507,00 XOF ; 1 797 400,00 XOF ;Burkina Faso;Afrique
2392;11427;Store;3;314;ESPÈCES;15/03/2024;4;17/03/2024;10; 1 614 159,80 XOF ; 4 871 900,00 XOF ;Burkina Faso;Afrique
2393;10085;Store;3;1628;ESPÈCES;15/03/2024;4;21/03/2024;9; 408 908,50 XOF ; 889 240,00 XOF ;Burkina Faso;Afrique
2394;10085;Store;4;246;ESPÈCES;15/03/2024;4;21/03/2024;8; 669 957,20 XOF ; 1 456 840,00 XOF ;Ghana;Afrique
2395;11427;Store;4;673;ESPÈCES;15/03/2024;4;17/03/2024;6; 321 923,80 XOF ; 700 040,00 XOF ;Burkina Faso;Afrique
2396;10085;Store;2;767;ESPÈCES;15/03/2024;4;21/03/2024;5; 428 301,50 XOF ; 931 337,00 XOF ;France;Europe
2397;7093;Store;4;2492;ESPÈCES;16/03/2024;2;22/03/2024;100; 295 814,20 XOF ; 643 280,00 XOF ;Sénégal;Afrique
2398;4021;Store;4;1173;ESPÈCES;16/03/2024;2;18/03/2024;9; 389 373,60 XOF ; 846 670,00 XOF ;Ghana;Afrique
2399;4021;Store;3;599;ESPÈCES;16/03/2024;2;18/03/2024;6; 89 207,80 XOF ; 174 962,70 XOF ;Cameroun;Afrique
2400;331;Store;3;678;DÉBIT CARTE;16/03/2024;1;18/03/2024;52; 1 022 247,60 XOF ; 2 222 958,10 XOF ;Ghana;Afrique
2401;9879;Store;3;454;DÉBIT CARTE;16/03/2024;2;22/03/2024;40; 719 338,40 XOF ; 2 171 070,00 XOF ;Ghana;Afrique
2402;11039;En ligne;4;1001;DÉBIT CARTE;16/03/2024;1;18/03/2024;26; 504 643,70 XOF ; 1 097 360,00 XOF ;Cameroun;Afrique
2403;11039;Store;4;420;DÉBIT CARTE;16/03/2024;1;18/03/2024;24; 468 553,80 XOF ; 1 414 270,00 XOF ;Cameroun;Afrique
2404;9879;Store;3;1474;DÉBIT CARTE;16/03/2024;2;22/03/2024;20; 235 081,00 XOF ; 709 500,00 XOF ;Ghana;Afrique
2405;10109;Store;3;454;VIREMENT;16/03/2024;4;20/03/2024;20; 1 856 998,00 XOF ; 5 604 908,10 XOF ;Ghana;Afrique
2406;921;Store;4;58;VIREMENT;16/03/2024;1;18/03/2024;18; 723 406,20 XOF ; 1 418 952,70 XOF ;Ghana;Afrique
2407;331;En ligne;3;1457;DÉBIT CARTE;16/03/2024;1;18/03/2024;18; 86 984,70 XOF ; 189 152,70 XOF ;Burkina Faso;Afrique
2408;5719;Store;2;1372;DÉBIT CARTE;16/03/2024;2;19/03/2024;13; 1 520 411,20 XOF ; 3 306 270,00 XOF ;Ghana;Afrique
2409;11039;Store;4;956;DÉBIT CARTE;16/03/2024;1;18/03/2024;13; 295 814,20 XOF ; 643 280,00 XOF ;Sénégal;Afrique
2410;9879;En ligne;4;708;DÉBIT CARTE;16/03/2024;2;22/03/2024;12; 319 748,00 XOF ; 695 310,00 XOF ;Sénégal;Afrique
2411;11039;Store;4;540;DÉBIT CARTE;16/03/2024;1;18/03/2024;12; 51 982,70 XOF ; 113 047,00 XOF ;Ghana;Afrique
2412;331;Store;1;767;DÉBIT CARTE;16/03/2024;1;18/03/2024;12; 434 072,10 XOF ; 851 400,00 XOF ;Sénégal;Afrique
2413;331;En ligne;4;1493;DÉBIT CARTE;16/03/2024;1;18/03/2024;12; 921 498,60 XOF ; 2 781 240,00 XOF ;Sénégal;Afrique
2414;331;Store;3;533;DÉBIT CARTE;16/03/2024;1;18/03/2024;12; 648 199,20 XOF ; 1 409 540,00 XOF ;Sénégal;Afrique
2415;11069;Store;1;1094;DÉBIT CARTE;16/03/2024;2;19/03/2024;10; 1 157 525,60 XOF ; 2 270 400,00 XOF ;Cameroun;Afrique
2416;11232;Store;2;1463;DÉBIT CARTE;16/03/2024;1;18/03/2024;10; 280 583,60 XOF ; 610 170,00 XOF ;Sénégal;Afrique
2417;3710;Store;3;1149;DÉBIT CARTE;16/03/2024;1;18/03/2024;9; 407 442,20 XOF ; 1 229 752,70 XOF ;Sénégal;Afrique
2418;4616;En ligne;4;711;DÉBIT CARTE;16/03/2024;4;21/03/2024;8; 61 490,00 XOF ; 120 615,00 XOF ;Sénégal;Afrique
2419;3710;En ligne;4;114;DÉBIT CARTE;16/03/2024;1;18/03/2024;6; 203 673,80 XOF ; 614 663,50 XOF ;Ghana;Afrique
2420;11039;Store;2;526;DÉBIT CARTE;16/03/2024;1;18/03/2024;5; 829 027,10 XOF ; 2 502 170,00 XOF ;Ghana;Afrique
2421;7093;Store;3;721;ESPÈCES;16/03/2024;2;22/03/2024;12; 358 865,10 XOF ; 1 083 170,00 XOF ;Canada;Amérique
2422;7093;Store;3;711;ESPÈCES;16/03/2024;2;22/03/2024;10; 203 579,20 XOF ; 614 427,00 XOF ;Canada;Amérique
2423;8281;Store;3;788;ESPÈCES;16/03/2024;4;18/03/2024;10; 54 395,00 XOF ; 118 250,00 XOF ;Burkina Faso;Afrique
2424;8281;Store;1;119;ESPÈCES;16/03/2024;4;18/03/2024;9; 397 887,60 XOF ; 780 450,00 XOF ;Sénégal;Afrique
2425;8281;Store;4;1583;ESPÈCES;16/03/2024;4;18/03/2024;9; 27 528,60 XOF ; 59 881,80 XOF ;Etats-Unis;Amérique
2426;8281;Store;3;223;ESPÈCES;16/03/2024;4;18/03/2024;9; 1 022 247,60 XOF ; 2 222 958,10 XOF ;Ghana;Afrique
2427;10322;Store;3;349;ESPÈCES;16/03/2024;2;18/03/2024;9; 238 723,10 XOF ; 468 270,00 XOF ;Canada;Amérique
2428;8281;Store;3;1489;ESPÈCES;16/03/2024;4;18/03/2024;8; 367 615,60 XOF ; 799 370,00 XOF ;Ghana;Afrique
2429;4021;Store;1;777;ESPÈCES;16/03/2024;2;18/03/2024;4; 1 017 659,50 XOF ; 1 996 060,00 XOF ;Canada;Amérique
2430;1042;Store;4;1108;ESPÈCES;17/03/2024;4;21/03/2024;24; 250 122,40 XOF ; 543 950,00 XOF ;Ghana;Afrique
2431;1577;Store;4;375;ESPÈCES;17/03/2024;2;22/03/2024;13; 166 401,40 XOF ; 326 370,00 XOF ;Ghana;Afrique
2432;1577;Store;4;376;ESPÈCES;17/03/2024;2;22/03/2024;12; 654 726,60 XOF ; 1 423 730,00 XOF ;Etats-Unis;Amérique
2433;5253;Store;4;1195;ESPÈCES;17/03/2024;4;21/03/2024;12; 648 672,20 XOF ; 1 272 370,00 XOF ;Ghana;Afrique
2434;1308;Store;4;77;ESPÈCES;17/03/2024;1;19/03/2024;12; 435 018,10 XOF ; 946 000,00 XOF ;Ghana;Afrique
2435;5013;Store;4;1024;ESPÈCES;17/03/2024;1;19/03/2024;9; 735 183,90 XOF ; 1 598 740,00 XOF ;Etats-Unis;Amérique
2436;5013;Store;4;1028;ESPÈCES;17/03/2024;1;19/03/2024;8; 152 258,70 XOF ; 331 052,70 XOF ;Etats-Unis;Amérique
2437;1577;Store;3;978;ESPÈCES;17/03/2024;2;22/03/2024;6; 867 907,70 XOF ; 1 887 270,00 XOF ;Ghana;Afrique
2438;7998;En ligne;4;1589;DÉBIT CARTE;17/03/2024;4;20/03/2024;54; 435 018,10 XOF ; 946 000,00 XOF ;Belgique;Europe
2439;6162;Store;2;440;VIREMENT;17/03/2024;4;23/03/2024;26; 923 485,20 XOF ; 1 811 353,50 XOF ;Etats-Unis;Amérique
2440;8684;Store;4;409;DÉBIT CARTE;17/03/2024;4;22/03/2024;26; 166 401,40 XOF ; 326 370,00 XOF ;Côte d'ivoire;Afrique
2441;7998;Store;1;1591;DÉBIT CARTE;17/03/2024;4;20/03/2024;13; 889 854,90 XOF ; 1 745 370,00 XOF ;Côte d'ivoire;Afrique
2442;2603;Store;4;1178;DÉBIT CARTE;17/03/2024;4;20/03/2024;13; 31 312,60 XOF ; 61 442,70 XOF ;Côte d'ivoire;Afrique
2443;2603;Store;4;1242;DÉBIT CARTE;17/03/2024;4;20/03/2024;12; 654 726,60 XOF ; 1 423 730,00 XOF ;Ghana;Afrique
2444;6162;Store;2;1299;VIREMENT;17/03/2024;4;23/03/2024;10; 468 553,80 XOF ; 1 414 270,00 XOF ;Ghana;Afrique
2445;5719;Store;1;1223;DÉBIT CARTE;17/03/2024;2;20/03/2024;10; 358 865,10 XOF ; 1 083 170,00 XOF ;Ghana;Afrique
2446;5719;Store;3;1121;DÉBIT CARTE;17/03/2024;2;20/03/2024;10; 61 963,00 XOF ; 121 513,70 XOF ;Côte d'ivoire;Afrique
2447;7998;Store;1;985;DÉBIT CARTE;17/03/2024;4;20/03/2024;10; 582 925,20 XOF ; 1 267 640,00 XOF ;Côte d'ivoire;Afrique
2448;5786;Store;1;684;VIREMENT;17/03/2024;4;23/03/2024;9; 256 649,80 XOF ; 558 140,00 XOF ;Côte d'ivoire;Afrique
2449;8684;Store;1;869;DÉBIT CARTE;17/03/2024;4;22/03/2024;9; 677 619,80 XOF ; 1 329 130,00 XOF ;Etats-Unis;Amérique
2450;8684;Store;1;1223;DÉBIT CARTE;17/03/2024;4;22/03/2024;9; 49 996,10 XOF ; 108 742,70 XOF ;Etats-Unis;Amérique
2451;7998;Store;1;741;DÉBIT CARTE;17/03/2024;4;20/03/2024;6; 2 382 075,30 XOF ; 7 189 600,00 XOF ;Côte d'ivoire;Afrique
2452;8684;En ligne;4;941;DÉBIT CARTE;17/03/2024;4;22/03/2024;4; 409 996,40 XOF ; 891 605,00 XOF ;Ghana;Afrique
2453;1577;Store;3;1070;ESPÈCES;17/03/2024;2;22/03/2024;24; 628 617,00 XOF ; 1 366 970,00 XOF ;Etats-Unis;Amérique
2454;5253;Store;2;1243;ESPÈCES;17/03/2024;4;21/03/2024;24; 1 010 801,00 XOF ; 3 050 850,00 XOF ;Burkina Faso;Afrique
2455;5253;Store;4;864;ESPÈCES;17/03/2024;4;21/03/2024;13; 120 567,70 XOF ; 236 452,70 XOF ;Ghana;Afrique
2456;1577;Store;3;1192;ESPÈCES;17/03/2024;2;22/03/2024;12; 1 302 925,80 XOF ; 2 833 270,00 XOF ;Ghana;Afrique
2457;1042;Store;1;349;ESPÈCES;17/03/2024;4;21/03/2024;12; 28 711,10 XOF ; 56 287,00 XOF ;Ghana;Afrique
2458;11475;Store;2;974;ESPÈCES;17/03/2024;4;19/03/2024;12; 4 544 678,60 XOF ; 13 716 952,70 XOF ;Ghana;Afrique
2459;5253;Store;3;1477;ESPÈCES;17/03/2024;4;21/03/2024;10; 721 041,20 XOF ; 1 414 270,00 XOF ;France;Europe
2460;11475;Store;2;1095;ESPÈCES;17/03/2024;4;19/03/2024;10; 1 237 651,80 XOF ; 2 691 370,00 XOF ;Ghana;Afrique
2461;1042;Store;1;1282;ESPÈCES;17/03/2024;4;21/03/2024;9; 678 660,40 XOF ; 1 475 760,00 XOF ;Etats-Unis;Amérique
2462;4724;Store;1;977;ESPÈCES;17/03/2024;4;19/03/2024;9; 452 424,50 XOF ; 983 840,00 XOF ;Côte d'ivoire;Afrique
2463;5013;Store;2;176;ESPÈCES;17/03/2024;1;19/03/2024;9; 391 502,10 XOF ; 851 352,70 XOF ;Côte d'ivoire;Afrique
2464;5013;Store;2;208;ESPÈCES;17/03/2024;1;19/03/2024;9; 388 664,10 XOF ; 1 173 040,00 XOF ;France;Europe
2465;2742;Store;4;1444;ESPÈCES;17/03/2024;2;21/03/2024;8; 1 305 101,60 XOF ; 2 838 000,00 XOF ;Etats-Unis;Amérique
2466;5013;Store;4;988;ESPÈCES;17/03/2024;1;19/03/2024;5; 34 197,90 XOF ; 67 118,70 XOF ;Etats-Unis;Amérique
2467;10798;Store;3;855;ESPÈCES;18/03/2024;4;24/03/2024;12; 343 208,80 XOF ; 1 035 870,00 XOF ;Côte d'ivoire;Afrique
2468;5187;Store;4;1086;ESPÈCES;18/03/2024;4;22/03/2024;10; 327 552,50 XOF ; 988 570,00 XOF ;Côte d'ivoire;Afrique
2469;11686;En ligne;4;680;VIREMENT;18/03/2024;4;23/03/2024;24; 609 034,80 XOF ; 1 324 400,00 XOF ;Côte d'ivoire;Afrique
2470;5786;En ligne;4;681;VIREMENT;18/03/2024;4;24/03/2024;16; 311 092,10 XOF ; 610 170,00 XOF ;Côte d'ivoire;Afrique
2471;11686;Store;4;1604;VIREMENT;18/03/2024;4;23/03/2024;13; 430 666,50 XOF ; 936 540,00 XOF ;Côte d'ivoire;Afrique
2472;12307;Store;3;1484;DÉBIT CARTE;18/03/2024;4;24/03/2024;12; 786 126,00 XOF ; 1 541 980,00 XOF ;Cameroun;Afrique
2473;8507;Store;4;1026;VIREMENT;18/03/2024;4;21/03/2024;12; 2 444 747,80 XOF ; 7 378 800,00 XOF ;Cameroun;Afrique
2474;12121;En ligne;4;1567;VIREMENT;18/03/2024;4;20/03/2024;12; 264 832,70 XOF ; 799 370,00 XOF ;Côte d'ivoire;Afrique
2475;5786;Store;1;155;VIREMENT;18/03/2024;4;24/03/2024;10; 406 543,50 XOF ; 884 037,00 XOF ;Cameroun;Afrique
2476;5786;Store;3;1590;VIREMENT;18/03/2024;4;24/03/2024;10; 428 301,50 XOF ; 931 337,00 XOF ;Côte d'ivoire;Afrique
2477;12307;Store;2;704;DÉBIT CARTE;18/03/2024;4;24/03/2024;10; 683 579,60 XOF ; 2 063 226,00 XOF ;Sénégal;Afrique
2478;11686;Store;2;882;VIREMENT;18/03/2024;4;23/03/2024;10; 203 579,20 XOF ; 614 427,00 XOF ;Côte d'ivoire;Afrique
2479;8507;Store;3;630;VIREMENT;18/03/2024;4;21/03/2024;10; 345 810,30 XOF ; 678 282,00 XOF ;Sénégal;Afrique
2480;11686;En ligne;4;330;VIREMENT;18/03/2024;4;23/03/2024;9; 923 485,20 XOF ; 1 811 353,50 XOF ;Côte d'ivoire;Afrique
2481;8507;Store;4;764;VIREMENT;18/03/2024;4;21/03/2024;9; 188 112,10 XOF ; 368 940,00 XOF ;Côte d'ivoire;Afrique
2482;116;Store;1;59;VIREMENT;18/03/2024;4;20/03/2024;9; 1 564 021,80 XOF ; 4 720 540,00 XOF ;Côte d'ivoire;Afrique
2483;5786;En ligne;4;914;VIREMENT;18/03/2024;4;24/03/2024;8; 280 583,60 XOF ; 610 170,00 XOF ;Burkina Faso;Afrique
2484;11686;Store;4;908;VIREMENT;18/03/2024;4;23/03/2024;8; 409 996,40 XOF ; 891 605,00 XOF ;Côte d'ivoire;Afrique
2485;8507;Store;3;297;VIREMENT;18/03/2024;4;21/03/2024;6; 39 117,10 XOF ; 85 092,70 XOF ;Sénégal;Afrique
2486;12307;En ligne;4;5;DÉBIT CARTE;18/03/2024;4;24/03/2024;5; 609 034,80 XOF ; 1 324 352,70 XOF ;Côte d'ivoire;Afrique
2487;10825;Store;1;2510;ESPÈCES;18/03/2024;4;21/03/2024;400; 468 932,20 XOF ; 1 415 357,90 XOF ;Côte d'ivoire;Afrique
2488;10798;Store;4;822;ESPÈCES;18/03/2024;4;24/03/2024;8; 231 391,60 XOF ; 453 843,50 XOF ;Burkina Faso;Afrique
2489;10825;Store;3;1028;ESPÈCES;18/03/2024;4;21/03/2024;6; 1 237 651,80 XOF ; 2 691 370,00 XOF ;Côte d'ivoire;Afrique
2490;10825;Store;1;933;ESPÈCES;18/03/2024;4;21/03/2024;6; 125 912,60 XOF ; 273 772,40 XOF ;Côte d'ivoire;Afrique
2491;8700;Store;3;743;ESPÈCES;19/03/2024;4;24/03/2024;60; 48 577,10 XOF ; 146 630,00 XOF ;Burkina Faso;Afrique
2492;1095;Store;4;1424;ESPÈCES;19/03/2024;4;25/03/2024;20; 609 602,40 XOF ; 1 839 970,00 XOF ;Burkina Faso;Afrique
2493;1095;Store;4;1609;ESPÈCES;19/03/2024;4;25/03/2024;9; 735 183,90 XOF ; 1 598 740,00 XOF ;Etats-Unis;Amérique
2494;9018;En ligne;4;255;DÉBIT CARTE;19/03/2024;4;23/03/2024;20; 609 034,80 XOF ; 1 324 352,70 XOF ;Burkina Faso;Afrique
2495;9459;Store;4;47;VIREMENT;19/03/2024;4;22/03/2024;20; 1 727 756,66 XOF ; 5 214 825,00 XOF ;Burkina Faso;Afrique
2496;6866;Store;1;795;VIREMENT;19/03/2024;4;21/03/2024;20; 584 858,59 XOF ; 1 271 778,75 XOF ;Burkina Faso;Afrique
2497;9018;En ligne;4;823;DÉBIT CARTE;19/03/2024;4;23/03/2024;18; 397 887,60 XOF ; 780 450,00 XOF ;Burkina Faso;Afrique
2498;9018;Store;2;679;DÉBIT CARTE;19/03/2024;4;23/03/2024;18; 22 893,20 XOF ; 44 935,00 XOF ;Burkina Faso;Afrique
2499;5275;Store;3;1532;DÉBIT CARTE;19/03/2024;4;22/03/2024;18; 461 192,74 XOF ; 904 612,50 XOF ;Burkina Faso;Afrique
2500;9459;Store;4;119;VIREMENT;19/03/2024;4;22/03/2024;16; 1 465 791,53 XOF ; 3 187 428,75 XOF ;Burkina Faso;Afrique
2501;9018;Store;4;309;DÉBIT CARTE;19/03/2024;4;23/03/2024;12; 1 710 462,60 XOF ; 3 719 553,75 XOF ;Burkina Faso;Afrique
2502;5275;Store;4;381;DÉBIT CARTE;19/03/2024;4;22/03/2024;12; 734 119,65 XOF ; 1 596 375,00 XOF ;Burkina Faso;Afrique
2503;12121;En ligne;4;1034;VIREMENT;19/03/2024;4;21/03/2024;12; 40 388,29 XOF ; 87 800,63 XOF ;Burkina Faso;Afrique
2504;2121;Store;3;882;DÉBIT CARTE;19/03/2024;4;21/03/2024;12; 484 499,81 XOF ; 1 053 607,50 XOF ;Burkina Faso;Afrique
2505;6866;Store;4;350;VIREMENT;19/03/2024;4;21/03/2024;10; 1 223 515,01 XOF ; 2 660 625,00 XOF ;Burkina Faso;Afrique
2506;9018;Store;4;1659;DÉBIT CARTE;19/03/2024;4;23/03/2024;9; 731 671,88 XOF ; 1 591 053,75 XOF ;Burkina Faso;Afrique
2507;12121;Store;2;905;VIREMENT;19/03/2024;4;21/03/2024;5; 27 085,16 XOF ; 53 159,29 XOF ;Burkina Faso;Afrique
2508;6866;Store;2;584;VIREMENT;19/03/2024;4;21/03/2024;4; 787 970,70 XOF ; 1 713 442,50 XOF ;Etats-Unis;Amérique
2509;6738;Store;4;900;ESPÈCES;19/03/2024;4;22/03/2024;18; 40 335,08 XOF ; 121 803,41 XOF ;Ghana;Afrique
2510;8700;Store;1;591;ESPÈCES;19/03/2024;4;24/03/2024;13; 152 258,70 XOF ; 331 052,70 XOF ;Burkina Faso;Afrique
2511;8700;Store;3;1606;ESPÈCES;19/03/2024;4;24/03/2024;13; 89 207,80 XOF ; 174 962,70 XOF ;Ghana;Afrique
2512;3775;Store;3;1013;ESPÈCES;19/03/2024;4;24/03/2024;12; 48 198,70 XOF ; 94 552,70 XOF ;Ghana;Afrique
2513;1095;Store;1;1622;ESPÈCES;19/03/2024;4;25/03/2024;10; 652 550,80 XOF ; 1 419 000,00 XOF ;Etats-Unis;Amérique
2514;8700;Store;2;1354;ESPÈCES;19/03/2024;4;24/03/2024;10; 452 424,50 XOF ; 983 840,00 XOF ;Ghana;Afrique
2515;3775;Store;4;1647;ESPÈCES;19/03/2024;4;24/03/2024;10; 3 596 597,40 XOF ; 10 855 350,00 XOF ;Burkina Faso;Afrique
2516;6738;Store;4;1205;ESPÈCES;19/03/2024;4;22/03/2024;10; 1 112 300,89 XOF ; 2 181 712,50 XOF ;Sénégal;Afrique
2517;8700;Store;2;669;ESPÈCES;19/03/2024;4;24/03/2024;9; 22 893,20 XOF ; 44 935,00 XOF ;Ghana;Afrique
2518;6738;Store;3;82;ESPÈCES;19/03/2024;4;22/03/2024;9; 377 116,99 XOF ; 739 653,75 XOF ;Ghana;Afrique
2519;9872;Store;4;1040;ESPÈCES;19/03/2024;4;23/03/2024;8; 125 723,40 XOF ; 246 574,90 XOF ;Sénégal;Afrique
2520;9872;Store;4;1;ESPÈCES;19/03/2024;4;23/03/2024;6; 361 986,90 XOF ; 1 092 630,00 XOF ;Burkina Faso;Afrique
2521;6738;Store;2;128;ESPÈCES;19/03/2024;4;22/03/2024;5; 56 245,61 XOF ; 122 335,54 XOF ;Côte d'ivoire;Afrique
2522;9872;Store;3;295;ESPÈCES;19/03/2024;4;23/03/2024;4; 713 473,20 XOF ; 1 551 440,00 XOF ;Ghana;Afrique
2523;1158;Store;4;1178;ESPÈCES;20/03/2024;4;24/03/2024;26; 1 854 881,33 XOF ; 4 033 507,50 XOF ;Ghana;Afrique
2524;9175;Store;4;1398;ESPÈCES;20/03/2024;4;22/03/2024;18; 992 945,25 XOF ; 1 947 577,50 XOF ;Sénégal;Afrique
2525;6794;En ligne;4;1411;VIREMENT;20/03/2024;4;23/03/2024;30; 2 050 650,11 XOF ; 4 459 207,50 XOF ;Sénégal;Afrique
2526;3323;En ligne;4;32;DÉBIT CARTE;20/03/2024;0;21/03/2024;30; 28 149,41 XOF ; 61 194,38 XOF ;Ghana;Afrique
2527;12122;En ligne;3;458;DÉBIT CARTE;20/03/2024;2;24/03/2024;26; 1 385 014,95 XOF ; 3 011 827,50 XOF ;Ghana;Afrique
2528;6794;En ligne;4;342;VIREMENT;20/03/2024;4;23/03/2024;18; 976 396,16 XOF ; 2 123 178,75 XOF ;Gabon;Afrique
2529;6794;Store;3;73;VIREMENT;20/03/2024;4;23/03/2024;16; 69 708,38 XOF ; 136 702,91 XOF ;Gabon;Afrique
2530;6794;Store;3;1464;VIREMENT;20/03/2024;4;23/03/2024;13; 682 716,38 XOF ; 1 484 628,75 XOF ;Cameroun;Afrique
2531;5275;Store;4;713;DÉBIT CARTE;20/03/2024;4;23/03/2024;12; 562 828,61 XOF ; 1 223 887,50 XOF ;Gabon;Afrique
2532;3323;Store;2;381;DÉBIT CARTE;20/03/2024;0;21/03/2024;12; 464 917,61 XOF ; 1 011 037,50 XOF ;Gabon;Afrique
2533;11053;Store;2;1632;DÉBIT CARTE;20/03/2024;2;25/03/2024;10; 892 533,26 XOF ; 1 750 691,25 XOF ;Ghana;Afrique
2534;11053;Store;1;1361;DÉBIT CARTE;20/03/2024;2;25/03/2024;10; 707 194,13 XOF ; 1 537 841,25 XOF ;Ghana;Afrique
2535;6794;Store;3;733;VIREMENT;20/03/2024;4;23/03/2024;10; 70 346,93 XOF ; 212 317,88 XOF ;Ghana;Afrique
2536;3323;En ligne;4;1067;DÉBIT CARTE;20/03/2024;0;21/03/2024;10; 813 619,13 XOF ; 1 595 842,88 XOF ;France;Europe
2537;12122;Store;2;1605;DÉBIT CARTE;20/03/2024;2;24/03/2024;9; 438 045,30 XOF ; 952 503,75 XOF ;Cameroun;Afrique
2538;12122;Store;3;144;DÉBIT CARTE;20/03/2024;2;24/03/2024;9; 1 038 920,85 XOF ; 2 037 772,69 XOF ;France;Europe
2539;5275;Store;1;949;DÉBIT CARTE;20/03/2024;4;23/03/2024;9; 489 288,94 XOF ; 1 063 983,94 XOF ;Gabon;Afrique
2540;5275;Store;2;1614;DÉBIT CARTE;20/03/2024;4;23/03/2024;9; 736 567,43 XOF ; 1 601 696,25 XOF ;Ghana;Afrique
2541;3323;En ligne;4;326;DÉBIT CARTE;20/03/2024;0;21/03/2024;9; 34 002,79 XOF ; 73 912,16 XOF ;Ghana;Afrique
2542;3323;Store;1;1613;DÉBIT CARTE;20/03/2024;0;21/03/2024;5; 484 499,81 XOF ; 1 053 607,50 XOF ;Ghana;Afrique
2543;1158;Store;4;122;ESPÈCES;20/03/2024;4;24/03/2024;13; 295 701,86 XOF ; 580 016,25 XOF ;France;Europe
2544;12142;Store;1;1110;ESPÈCES;20/03/2024;4;26/03/2024;12; 461 192,74 XOF ; 904 559,29 XOF ;France;Europe
2545;1158;Store;2;134;ESPÈCES;20/03/2024;4;24/03/2024;12; 349 978,61 XOF ; 686 441,25 XOF ;Sénégal;Afrique
2546;1158;Store;4;1508;ESPÈCES;20/03/2024;4;24/03/2024;9; 232 485,41 XOF ; 505 518,75 XOF ;Ghana;Afrique
2547;1158;Store;4;955;ESPÈCES;20/03/2024;4;24/03/2024;8; 268 563,49 XOF ; 526 803,75 XOF ;Cameroun;Afrique
2548;9175;Store;2;1457;ESPÈCES;20/03/2024;4;22/03/2024;4; 902 962,91 XOF ; 1 963 541,25 XOF ;France;Europe
2549;3072;Store;4;388;ESPÈCES;21/03/2024;4;25/03/2024;24; 1 385 014,95 XOF ; 3 011 827,50 XOF ;Burkina Faso;Afrique
2550;6178;Store;4;908;ESPÈCES;21/03/2024;4;26/03/2024;20; 88 119,90 XOF ; 266 009,29 XOF ;Burkina Faso;Afrique
2551;4375;Store;4;1621;ESPÈCES;21/03/2024;2;27/03/2024;5; 447 623,55 XOF ; 878 006,25 XOF ;Burkina Faso;Afrique
2552;5491;En ligne;3;677;DÉBIT CARTE;21/03/2024;4;27/03/2024;18; 359 716,50 XOF ; 782 223,75 XOF ;Ghana;Afrique
2553;1251;Store;3;1214;DÉBIT CARTE;21/03/2024;4;24/03/2024;18; 811 171,35 XOF ; 1 591 053,75 XOF ;Côte d'ivoire;Afrique
2554;5491;Store;1;118;DÉBIT CARTE;21/03/2024;4;27/03/2024;13; 154 369,46 XOF ; 302 779,13 XOF ;Burkina Faso;Afrique
2555;1251;Store;4;1352;DÉBIT CARTE;21/03/2024;4;24/03/2024;12; 1 158 329,70 XOF ; 3 496 061,25 XOF ;Burkina Faso;Afrique
2556;7228;En ligne;4;230;VIREMENT;21/03/2024;2;23/03/2024;12; 813 831,98 XOF ; 1 596 321,79 XOF ;Côte d'ivoire;Afrique
2557;5491;Store;3;1088;DÉBIT CARTE;21/03/2024;4;27/03/2024;10; 386 109,90 XOF ; 1 165 353,75 XOF ;Burkina Faso;Afrique
2558;5491;Store;3;397;DÉBIT CARTE;21/03/2024;4;27/03/2024;10; 1 710 462,60 XOF ; 3 719 553,75 XOF ;Burkina Faso;Afrique
2559;1251;Store;1;1088;DÉBIT CARTE;21/03/2024;4;24/03/2024;10; 1 710 462,60 XOF ; 3 719 553,75 XOF ;Burkina Faso;Afrique
2560;1251;En ligne;3;1023;DÉBIT CARTE;21/03/2024;4;24/03/2024;9; 440 759,14 XOF ; 1 330 259,29 XOF ;Burkina Faso;Afrique
2561;7228;En ligne;4;260;VIREMENT;21/03/2024;2;23/03/2024;9; 268 563,49 XOF ; 526 803,75 XOF ;Burkina Faso;Afrique
2562;1251;En ligne;4;1254;DÉBIT CARTE;21/03/2024;4;24/03/2024;8; 827 081,89 XOF ; 1 798 582,50 XOF ;Côte d'ivoire;Afrique
2563;4375;Store;4;1445;ESPÈCES;21/03/2024;2;27/03/2024;13; 458 372,48 XOF ; 1 383 471,79 XOF ;Côte d'ivoire;Afrique
2564;6178;Store;4;423;ESPÈCES;21/03/2024;4;26/03/2024;13; 2 290 159,58 XOF ; 6 912 303,75 XOF ;Burkina Faso;Afrique
2565;4375;Store;3;952;ESPÈCES;21/03/2024;2;27/03/2024;12; 1 727 756,66 XOF ; 5 214 825,00 XOF ;Ghana;Afrique
2566;12085;Store;3;1283;ESPÈCES;21/03/2024;4;26/03/2024;12; 762 322,28 XOF ; 1 495 271,25 XOF ;Burkina Faso;Afrique
2567;3072;Store;1;1443;ESPÈCES;21/03/2024;4;25/03/2024;12; 1 038 920,85 XOF ; 2 037 772,69 XOF ;Burkina Faso;Afrique
2568;9175;Store;1;234;ESPÈCES;21/03/2024;4;23/03/2024;12; 449 592,41 XOF ; 1 356 918,75 XOF ;Côte d'ivoire;Afrique
2569;4375;Store;4;660;ESPÈCES;21/03/2024;2;27/03/2024;9; 144 365,51 XOF ; 313 900,54 XOF ;Ghana;Afrique
2570;6178;Store;1;736;ESPÈCES;21/03/2024;4;26/03/2024;9; 655 790,85 XOF ; 1 426 095,00 XOF ;Ghana;Afrique
2571;12085;Store;3;511;ESPÈCES;21/03/2024;4;26/03/2024;9; 68 271,64 XOF ; 148 462,88 XOF ;Ghana;Afrique
2572;3072;Store;2;1444;ESPÈCES;21/03/2024;4;25/03/2024;9; 1 105 436,48 XOF ; 3 336 423,75 XOF ;Burkina Faso;Afrique
2573;4375;Store;4;674;ESPÈCES;21/03/2024;2;27/03/2024;8; 69 176,25 XOF ; 135 691,88 XOF ;Ghana;Afrique
2574;3072;Store;4;1010;ESPÈCES;21/03/2024;4;25/03/2024;8; 1 710 462,60 XOF ; 3 719 553,75 XOF ;Ghana;Afrique
2575;12085;Store;4;500;ESPÈCES;21/03/2024;4;26/03/2024;6; 1 761 280,54 XOF ; 5 315 928,75 XOF ;Ghana;Afrique
2576;6178;Store;4;67;ESPÈCES;21/03/2024;4;26/03/2024;4; 68 271,64 XOF ; 148 462,88 XOF ;Ghana;Afrique
2577;3072;Store;3;367;ESPÈCES;21/03/2024;4;25/03/2024;4; 2 290 159,58 XOF ; 6 912 303,75 XOF ;Ghana;Afrique
2578;9619;Store;4;983;ESPÈCES;22/03/2024;4;25/03/2024;12; 80 723,36 XOF ; 175 548,04 XOF ;Ghana;Afrique
2579;1472;En ligne;3;460;DÉBIT CARTE;22/03/2024;4;27/03/2024;40; 298 415,70 XOF ; 585 284,29 XOF ;Ghana;Afrique
2580;12350;En ligne;3;243;VIREMENT;22/03/2024;4;26/03/2024;20; 1 563 649,31 XOF ; 3 400 278,75 XOF ;Ghana;Afrique
2581;2788;Store;3;178;DÉBIT CARTE;22/03/2024;4;28/03/2024;18; 481 839,19 XOF ; 1 047 754,13 XOF ;Ghana;Afrique
2582;9727;Store;1;1276;VIREMENT;22/03/2024;4;24/03/2024;18; 461 245,95 XOF ; 1 003 055,63 XOF ;Côte d'ivoire;Afrique
2583;8508;Store;4;75;VIREMENT;22/03/2024;4;25/03/2024;16; 124 783,31 XOF ; 271 330,54 XOF ;Burkina Faso;Afrique
2584;8508;Store;1;255;VIREMENT;22/03/2024;4;25/03/2024;13; 95 410,01 XOF ; 207 475,54 XOF ;Cameroun;Afrique
2585;2125;Store;4;126;DÉBIT CARTE;22/03/2024;0;22/03/2024;13; 484 499,81 XOF ; 1 053 607,50 XOF ;Burkina Faso;Afrique
2586;1472;Store;4;40;DÉBIT CARTE;22/03/2024;4;27/03/2024;12; 166 395,49 XOF ; 361 845,00 XOF ;Cameroun;Afrique
2587;12350;Store;3;1355;VIREMENT;22/03/2024;4;26/03/2024;12; 124 783,31 XOF ; 271 330,54 XOF ;Burkina Faso;Afrique
2588;9727;Store;3;788;VIREMENT;22/03/2024;4;24/03/2024;12; 1 763 036,55 XOF ; 5 321 250,00 XOF ;Cameroun;Afrique
2589;3926;Store;4;658;DÉBIT CARTE;22/03/2024;4;24/03/2024;12; 732 204,00 XOF ; 1 436 205,38 XOF ;Burkina Faso;Afrique
2590;2125;Store;1;1525;DÉBIT CARTE;22/03/2024;0;22/03/2024;12; 655 790,85 XOF ; 1 426 095,00 XOF ;Côte d'ivoire;Afrique
2591;1472;Store;1;1350;DÉBIT CARTE;22/03/2024;4;27/03/2024;10; 811 171,35 XOF ; 1 591 053,75 XOF ;Cameroun;Afrique
2592;1472;Store;3;1307;DÉBIT CARTE;22/03/2024;4;27/03/2024;10; 769 027,05 XOF ; 2 321 129,25 XOF ;Ghana;Afrique
2593;12350;Store;1;977;VIREMENT;22/03/2024;4;26/03/2024;10; 1 039 027,28 XOF ; 2 038 038,75 XOF ;Cameroun;Afrique
2594;12350;Store;1;777;VIREMENT;22/03/2024;4;26/03/2024;10; 1 465 791,53 XOF ; 3 187 428,75 XOF ;Ghana;Afrique
2595;8577;Store;2;1648;DÉBIT CARTE;22/03/2024;4;24/03/2024;10; 440 439,86 XOF ; 957 771,79 XOF ;Belgique;Europe
2596;9727;En ligne;4;902;VIREMENT;22/03/2024;4;24/03/2024;10; 1 710 462,60 XOF ; 3 719 553,75 XOF ;Ghana;Afrique
2597;9727;Store;3;259;VIREMENT;22/03/2024;4;24/03/2024;10; 368 496,56 XOF ; 1 112 141,25 XOF ;Côte d'ivoire;Afrique
2598;2125;Store;1;1627;DÉBIT CARTE;22/03/2024;0;22/03/2024;9; 2 750 341,28 XOF ; 8 301 150,00 XOF ;Ghana;Afrique
2599;2125;Store;2;1222;DÉBIT CARTE;22/03/2024;0;22/03/2024;9; 1 294 500,49 XOF ; 2 814 941,25 XOF ;Sénégal;Afrique
2600;12350;Store;3;70;VIREMENT;22/03/2024;4;26/03/2024;6; 1 468 239,30 XOF ; 3 192 750,00 XOF ;Ghana;Afrique
2601;3926;Store;3;161;DÉBIT CARTE;22/03/2024;4;24/03/2024;6; 23 253,86 XOF ; 50 551,88 XOF ;France;Europe
2602;7413;Store;4;472;VIREMENT;22/03/2024;4;26/03/2024;5; 658 238,63 XOF ; 1 431 416,25 XOF ;France;Europe
2603;9727;Store;2;1344;VIREMENT;22/03/2024;4;24/03/2024;4; 44 006,74 XOF ; 95 729,29 XOF ;Ghana;Afrique
2604;6831;Store;1;177;ESPÈCES;22/03/2024;4;26/03/2024;26; 70 932,26 XOF ; 154 263,04 XOF ;Etats-Unis;Amérique
2605;6831;Store;2;1282;ESPÈCES;22/03/2024;4;26/03/2024;26; 763 492,95 XOF ; 1 660 230,00 XOF ;Ghana;Afrique
2606;5291;Store;2;787;ESPÈCES;22/03/2024;4;25/03/2024;18; 1 226 228,85 XOF ; 2 405 205,00 XOF ;Ghana;Afrique
2607;2251;Store;4;356;ESPÈCES;22/03/2024;4;27/03/2024;12; 655 790,85 XOF ; 1 426 095,00 XOF ;Côte d'ivoire;Afrique
2608;5291;Store;2;403;ESPÈCES;22/03/2024;4;25/03/2024;12; 457 361,44 XOF ; 994 541,63 XOF ;Ghana;Afrique
2609;2251;Store;1;406;ESPÈCES;22/03/2024;4;27/03/2024;10; 460 022,06 XOF ; 1 000 395,00 XOF ;Belgique;Europe
2610;9619;Store;3;525;ESPÈCES;22/03/2024;4;25/03/2024;10; 484 499,81 XOF ; 1 053 607,50 XOF ;Belgique;Europe
2611;12085;Store;1;990;ESPÈCES;22/03/2024;4;27/03/2024;9; 2 177 881,20 XOF ; 4 735 912,50 XOF ;Ghana;Afrique
2612;6831;Store;2;1535;ESPÈCES;22/03/2024;4;26/03/2024;9; 1 109 587,05 XOF ; 2 176 391,25 XOF ;Belgique;Europe
2613;11793;Store;4;1008;ESPÈCES;23/03/2024;4;25/03/2024;12; 391 537,58 XOF ; 851 400,00 XOF ;Canada;Amérique
2614;10072;En ligne;4;394;DÉBIT CARTE;23/03/2024;4;26/03/2024;24; 716 985,23 XOF ; 1 559 126,25 XOF ;Canada;Amérique
2615;3420;Store;2;1310;DÉBIT CARTE;23/03/2024;1;25/03/2024;24; 508 977,56 XOF ; 1 106 820,00 XOF ;Etats-Unis;Amérique
2616;3420;En ligne;4;1447;DÉBIT CARTE;23/03/2024;1;25/03/2024;20; 653 343,08 XOF ; 1 420 773,75 XOF ;Côte d'ivoire;Afrique
2617;10072;En ligne;4;229;DÉBIT CARTE;23/03/2024;4;26/03/2024;13; 1 036 685,93 XOF ; 3 128 895,00 XOF ;Canada;Amérique
2618;4668;Store;3;454;DÉBIT CARTE;23/03/2024;4;29/03/2024;12; 117 333,56 XOF ; 255 153,94 XOF ;Côte d'ivoire;Afrique
2619;242;Store;4;1498;DÉBIT CARTE;23/03/2024;4;28/03/2024;12; 1 038 920,85 XOF ; 2 037 772,69 XOF ;Canada;Amérique
2620;242;En ligne;4;1592;DÉBIT CARTE;23/03/2024;4;28/03/2024;12; 1 196 589,49 XOF ; 2 602 091,25 XOF ;Etats-Unis;Amérique
2621;8314;Store;2;1562;DÉBIT CARTE;23/03/2024;2;27/03/2024;12; 1 548 962,66 XOF ; 3 368 351,25 XOF ;Côte d'ivoire;Afrique
2622;242;Store;3;1418;DÉBIT CARTE;23/03/2024;4;28/03/2024;10; 709 641,90 XOF ; 1 543 162,50 XOF ;Etats-Unis;Amérique
2623;242;Store;3;259;DÉBIT CARTE;23/03/2024;4;28/03/2024;10; 1 036 685,93 XOF ; 3 128 895,00 XOF ;Burkina Faso;Afrique
2624;8314;Store;3;1087;DÉBIT CARTE;23/03/2024;2;27/03/2024;10; 92 217,26 XOF ; 180 869,29 XOF ;Côte d'ivoire;Afrique
2625;8314;Store;4;1094;DÉBIT CARTE;23/03/2024;2;27/03/2024;10; 416 068,54 XOF ; 1 255 815,00 XOF ;Canada;Amérique
2626;10072;En ligne;4;1218;DÉBIT CARTE;23/03/2024;4;26/03/2024;10; 685 164,15 XOF ; 1 489 950,00 XOF ;Burkina Faso;Afrique
2627;10072;Store;2;1545;DÉBIT CARTE;23/03/2024;4;26/03/2024;10; 1 105 436,48 XOF ; 3 336 423,75 XOF ;Burkina Faso;Afrique
2628;3420;Store;3;951;DÉBIT CARTE;23/03/2024;1;25/03/2024;10; 769 027,05 XOF ; 2 321 129,25 XOF ;Canada;Amérique
2629;8314;Store;2;790;DÉBIT CARTE;23/03/2024;2;27/03/2024;6; 75 987,45 XOF ; 148 995,00 XOF ;Canada;Amérique
2630;242;En ligne;4;81;DÉBIT CARTE;23/03/2024;4;28/03/2024;4; 401 967,23 XOF ; 1 213 245,00 XOF ;Côte d'ivoire;Afrique
2631;6457;Store;2;1183;ESPÈCES;23/03/2024;2;26/03/2024;9; 352 586,03 XOF ; 1 064 250,00 XOF ;Côte d'ivoire;Afrique
2632;6457;Store;3;283;ESPÈCES;23/03/2024;2;26/03/2024;8; 58 480,54 XOF ; 127 177,88 XOF ;Côte d'ivoire;Afrique
2633;11793;Store;4;315;ESPÈCES;23/03/2024;4;25/03/2024;6; 1 532 094,30 XOF ; 4 624 166,25 XOF ;Etats-Unis;Amérique
2634;11793;Store;2;351;ESPÈCES;23/03/2024;4;25/03/2024;6; 42 303,94 XOF ; 83 011,50 XOF ;Côte d'ivoire;Afrique
2635;7132;Store;3;949;ESPÈCES;24/03/2024;2;28/03/2024;18; 458 372,48 XOF ; 1 383 471,79 XOF ;France;Europe
2636;5851;Store;4;1638;ESPÈCES;24/03/2024;4;28/03/2024;13; 1 223 515,01 XOF ; 2 660 625,00 XOF ;Burkina Faso;Afrique
2637;7132;Store;4;952;ESPÈCES;24/03/2024;2;28/03/2024;13; 97 857,79 XOF ; 212 796,79 XOF ;Côte d'ivoire;Afrique
2638;1792;Store;4;1072;ESPÈCES;24/03/2024;2;29/03/2024;12; 472 473,79 XOF ; 1 426 095,00 XOF ;Côte d'ivoire;Afrique
2639;7132;Store;4;165;ESPÈCES;24/03/2024;2;28/03/2024;12; 391 484,36 XOF ; 851 346,79 XOF ;Burkina Faso;Afrique
2640;12069;En ligne;4;976;VIREMENT;24/03/2024;4;30/03/2024;39; 1 854 881,33 XOF ; 4 033 507,50 XOF ;Burkina Faso;Afrique
2641;570;En ligne;4;1532;DÉBIT CARTE;24/03/2024;4;27/03/2024;30; 58 533,75 XOF ; 114 779,36 XOF ;Burkina Faso;Afrique
2642;12069;En ligne;4;614;VIREMENT;24/03/2024;4;30/03/2024;13; 1 710 462,60 XOF ; 3 719 553,75 XOF ;Côte d'ivoire;Afrique
2643;9794;Store;2;1121;DÉBIT CARTE;24/03/2024;4;30/03/2024;13; 391 537,58 XOF ; 851 400,00 XOF ;Cameroun;Afrique
2644;2813;Store;4;1549;VIREMENT;24/03/2024;2;28/03/2024;13; 4 046 172,08 XOF ; 12 212 268,75 XOF ;Burkina Faso;Afrique
2645;2813;Store;2;310;VIREMENT;24/03/2024;2;28/03/2024;13; 434 054,36 XOF ; 851 400,00 XOF ;France;Europe
2646;4727;En ligne;3;229;DÉBIT CARTE;24/03/2024;4;29/03/2024;12; 758 597,40 XOF ; 1 649 587,50 XOF ;Côte d'ivoire;Afrique
2647;12193;Store;2;1439;DÉBIT CARTE;24/03/2024;4;26/03/2024;12; 260 315,55 XOF ; 510 573,94 XOF ;Burkina Faso;Afrique
2648;2028;Store;2;773;DÉBIT CARTE;24/03/2024;2;26/03/2024;12; 407 235,26 XOF ; 1 229 208,75 XOF ;France;Europe
2649;12069;Store;3;1610;VIREMENT;24/03/2024;4;30/03/2024;10; 403 723,24 XOF ; 1 218 566,25 XOF ;France;Europe
2650;4727;En ligne;4;1357;DÉBIT CARTE;24/03/2024;4;29/03/2024;10; 709 641,90 XOF ; 1 543 162,50 XOF ;Burkina Faso;Afrique
2651;8314;Store;3;136;DÉBIT CARTE;24/03/2024;4;27/03/2024;10; 655 790,85 XOF ; 1 426 095,00 XOF ;France;Europe
2652;8314;En ligne;4;1463;DÉBIT CARTE;24/03/2024;4;27/03/2024;10; 88 066,69 XOF ; 191 511,79 XOF ;Canada;Amérique
2653;12193;Store;3;990;DÉBIT CARTE;24/03/2024;4;26/03/2024;10; 97 857,79 XOF ; 212 796,79 XOF ;Côte d'ivoire;Afrique
2654;11338;Store;1;1557;DÉBIT CARTE;24/03/2024;4;26/03/2024;10; 2 172 985,65 XOF ; 4 725 270,00 XOF ;Etats-Unis;Amérique
2655;12193;Store;2;272;DÉBIT CARTE;24/03/2024;4;26/03/2024;9; 732 204,00 XOF ; 1 436 205,38 XOF ;Burkina Faso;Afrique
2656;570;Store;4;1527;DÉBIT CARTE;24/03/2024;4;27/03/2024;8; 457 361,44 XOF ; 994 541,63 XOF ;Burkina Faso;Afrique
2657;12069;Store;3;901;VIREMENT;24/03/2024;4;30/03/2024;6; 633 814,09 XOF ; 1 378 203,75 XOF ;France;Europe
2658;12069;En ligne;4;335;VIREMENT;24/03/2024;4;30/03/2024;6; 43 155,34 XOF ; 84 607,88 XOF ;Côte d'ivoire;Afrique
2659;4727;Store;3;1046;DÉBIT CARTE;24/03/2024;4;29/03/2024;6; 685 164,15 XOF ; 1 489 950,00 XOF ;France;Europe
2660;12193;Store;4;1030;DÉBIT CARTE;24/03/2024;4;26/03/2024;6; 39 377,25 XOF ; 77 264,55 XOF ;Côte d'ivoire;Afrique
2661;5851;Store;4;425;ESPÈCES;24/03/2024;4;28/03/2024;36; 1 038 920,85 XOF ; 2 037 772,69 XOF ;Burkina Faso;Afrique
2662;7132;Store;3;218;ESPÈCES;24/03/2024;2;28/03/2024;13; 359 716,50 XOF ; 782 223,75 XOF ;Côte d'ivoire;Afrique
2663;1792;Store;4;443;ESPÈCES;24/03/2024;2;29/03/2024;12; 464 917,61 XOF ; 1 011 037,50 XOF ;France;Europe
2664;7132;Store;1;308;ESPÈCES;24/03/2024;2;28/03/2024;12; 75 774,60 XOF ; 228 760,54 XOF ;Etats-Unis;Amérique
2665;5851;Store;2;584;ESPÈCES;24/03/2024;4;28/03/2024;10; 68 271,64 XOF ; 148 462,88 XOF ;Etats-Unis;Amérique
2666;7778;Store;2;1517;ESPÈCES;24/03/2024;4;30/03/2024;9; 2 104 447,95 XOF ; 4 576 275,00 XOF ;Burkina Faso;Afrique
2667;1792;Store;4;364;ESPÈCES;24/03/2024;2;29/03/2024;9; 70 932,26 XOF ; 154 263,04 XOF ;Burkina Faso;Afrique
2668;4487;Store;1;1121;ESPÈCES;24/03/2024;2;27/03/2024;9; 1 049 031,23 XOF ; 3 166 143,75 XOF ;Côte d'ivoire;Afrique
2669;7778;Store;1;1349;ESPÈCES;24/03/2024;4;30/03/2024;6; 58 533,75 XOF ; 114 779,36 XOF ;Côte d'ivoire;Afrique
2670;7778;Store;1;1373;ESPÈCES;24/03/2024;4;30/03/2024;5; 1 186 532,33 XOF ; 3 581 201,25 XOF ;Burkina Faso;Afrique
2671;5851;Store;1;650;ESPÈCES;24/03/2024;4;28/03/2024;5; 1 854 881,33 XOF ; 4 033 507,50 XOF ;Etats-Unis;Amérique
2672;1792;Store;2;831;ESPÈCES;24/03/2024;2;29/03/2024;4; 621 255,94 XOF ; 1 218 566,25 XOF ;Côte d'ivoire;Afrique
2673;8505;Store;3;529;ESPÈCES;25/03/2024;4;27/03/2024;20; 364 612,05 XOF ; 792 866,25 XOF ;Côte d'ivoire;Afrique
2674;7897;Store;3;601;ESPÈCES;25/03/2024;1;27/03/2024;20; 2 750 341,28 XOF ; 8 301 150,00 XOF ;Côte d'ivoire;Afrique
2675;4471;Store;4;322;ESPÈCES;25/03/2024;4;29/03/2024;8; 447 623,55 XOF ; 878 006,25 XOF ;Côte d'ivoire;Afrique
2676;8505;Store;4;690;ESPÈCES;25/03/2024;4;27/03/2024;6; 56 245,61 XOF ; 122 335,54 XOF ;Côte d'ivoire;Afrique
2677;9306;Store;3;1614;DÉBIT CARTE;25/03/2024;4;28/03/2024;27; 1 710 462,60 XOF ; 3 719 553,75 XOF ;Côte d'ivoire;Afrique
2678;1628;Store;3;1305;DÉBIT CARTE;25/03/2024;2;31/03/2024;24; 297 936,79 XOF ; 899 291,25 XOF ;Burkina Faso;Afrique
2679;6594;Store;3;415;DÉBIT CARTE;25/03/2024;2;30/03/2024;20; 734 119,65 XOF ; 1 596 375,00 XOF ;Canada;Amérique
2680;9306;En ligne;4;380;DÉBIT CARTE;25/03/2024;4;28/03/2024;18; 295 701,86 XOF ; 580 016,25 XOF ;Canada;Amérique
2681;9794;Store;4;1118;DÉBIT CARTE;25/03/2024;4;31/03/2024;13; 1 137 151,13 XOF ; 3 432 206,25 XOF ;Canada;Amérique
2682;11300;Store;4;169;VIREMENT;25/03/2024;2;30/03/2024;13; 30 969,68 XOF ; 67 367,03 XOF ;Côte d'ivoire;Afrique
2683;11300;En ligne;4;1031;VIREMENT;25/03/2024;2;30/03/2024;13; 511 265,70 XOF ; 1 543 109,29 XOF ;Burkina Faso;Afrique
2684;12064;Store;2;1287;DÉBIT CARTE;25/03/2024;4;31/03/2024;12; 391 484,36 XOF ; 851 346,79 XOF ;Burkina Faso;Afrique
2685;5903;Store;2;1150;DÉBIT CARTE;25/03/2024;4;30/03/2024;12; 315 656,55 XOF ; 686 441,25 XOF ;Côte d'ivoire;Afrique
2686;11300;Store;1;577;VIREMENT;25/03/2024;2;30/03/2024;12; 1 036 685,93 XOF ; 3 128 895,00 XOF ;Côte d'ivoire;Afrique
2687;12064;Store;4;388;DÉBIT CARTE;25/03/2024;4;31/03/2024;10; 386 109,90 XOF ; 1 165 353,75 XOF ;Canada;Amérique
2688;12358;Store;2;580;DÉBIT CARTE;25/03/2024;4;29/03/2024;10; 1 686 038,06 XOF ; 3 666 341,25 XOF ;Burkina Faso;Afrique
2689;293;Store;3;1389;VIREMENT;25/03/2024;1;27/03/2024;10; 92 217,26 XOF ; 180 869,29 XOF ;Burkina Faso;Afrique
2690;9306;Store;1;1588;DÉBIT CARTE;25/03/2024;4;28/03/2024;9; 1 353 726,00 XOF ; 2 655 303,75 XOF ;Côte d'ivoire;Afrique
2691;9794;En ligne;4;1408;DÉBIT CARTE;25/03/2024;4;31/03/2024;8; 763 492,95 XOF ; 1 660 230,00 XOF ;Cameroun;Afrique
2692;11300;Store;3;1306;VIREMENT;25/03/2024;2;30/03/2024;8; 621 255,94 XOF ; 1 218 566,25 XOF ;Burkina Faso;Afrique
2693;9306;Store;3;1054;DÉBIT CARTE;25/03/2024;4;28/03/2024;8; 28 149,41 XOF ; 61 194,38 XOF ;Côte d'ivoire;Afrique
2694;9794;Store;1;587;DÉBIT CARTE;25/03/2024;4;31/03/2024;6; 359 716,50 XOF ; 782 223,75 XOF ;Burkina Faso;Afrique
2695;8997;Store;4;820;VIREMENT;25/03/2024;2;28/03/2024;5; 1 082 448,68 XOF ; 2 123 178,75 XOF ;Côte d'ivoire;Afrique
2696;9322;Store;3;254;ESPÈCES;25/03/2024;1;27/03/2024;20; 802 657,35 XOF ; 1 745 370,00 XOF ;Burkina Faso;Afrique
2697;9322;Store;3;155;ESPÈCES;25/03/2024;1;27/03/2024;18; 80 723,36 XOF ; 175 548,04 XOF ;Burkina Faso;Afrique
2698;9322;Store;4;1048;ESPÈCES;25/03/2024;1;27/03/2024;13; 685 164,15 XOF ; 1 489 896,79 XOF ;Côte d'ivoire;Afrique
2699;7897;Store;1;1210;ESPÈCES;25/03/2024;1;27/03/2024;10; 562 828,61 XOF ; 1 223 887,50 XOF ;Côte d'ivoire;Afrique
2700;9322;Store;1;684;ESPÈCES;25/03/2024;1;27/03/2024;10; 70 932,26 XOF ; 154 263,04 XOF ;Côte d'ivoire;Afrique
2701;2145;Store;4;651;ESPÈCES;25/03/2024;2;31/03/2024;9; 1 115 014,73 XOF ; 2 187 033,75 XOF ;Côte d'ivoire;Afrique
2702;10623;Store;1;1153;ESPÈCES;25/03/2024;4;28/03/2024;9; 132 924,83 XOF ; 260 741,25 XOF ;Burkina Faso;Afrique
2703;7897;Store;2;120;ESPÈCES;25/03/2024;1;27/03/2024;5; 66 036,71 XOF ; 143 620,54 XOF ;Ghana;Afrique
2704;7897;Store;3;946;ESPÈCES;25/03/2024;1;27/03/2024;5; 484 499,81 XOF ; 1 053 607,50 XOF ;Ghana;Afrique
2705;11508;Store;4;66;ESPÈCES;26/03/2024;4;28/03/2024;26; 1 468 239,30 XOF ; 3 192 750,00 XOF ;Côte d'ivoire;Afrique
2706;5789;Store;4;736;ESPÈCES;26/03/2024;4;29/03/2024;12; 648 820,01 XOF ; 1 958 220,00 XOF ;Ghana;Afrique
2707;12008;Store;4;1148;ESPÈCES;26/03/2024;4;29/03/2024;12; 56 245,61 XOF ; 122 335,54 XOF ;Ghana;Afrique
2708;12008;Store;4;1336;ESPÈCES;26/03/2024;4;29/03/2024;8; 539 894,03 XOF ; 1 058 928,75 XOF ;Ghana;Afrique
2709;1706;En ligne;4;1471;DÉBIT CARTE;26/03/2024;4;30/03/2024;24; 1 049 776,20 XOF ; 2 282 816,25 XOF ;Cameroun;Afrique
2710;1191;Store;4;1257;DÉBIT CARTE;26/03/2024;4;30/03/2024;18; 291 178,80 XOF ; 633 228,75 XOF ;Ghana;Afrique
2711;1628;En ligne;4;575;DÉBIT CARTE;26/03/2024;2;01/04/2024;13; 315 656,55 XOF ; 686 441,25 XOF ;Ghana;Afrique
2712;10885;Store;3;988;DÉBIT CARTE;26/03/2024;2;31/03/2024;13; 1 854 881,33 XOF ; 4 033 507,50 XOF ;Cameroun;Afrique
2713;1628;Store;2;87;DÉBIT CARTE;26/03/2024;2;01/04/2024;12; 34 002,79 XOF ; 73 912,16 XOF ;Cameroun;Afrique
2714;1628;Store;4;335;DÉBIT CARTE;26/03/2024;2;01/04/2024;12; 1 144 866,94 XOF ; 2 245 567,50 XOF ;Côte d'ivoire;Afrique
2715;6217;Store;4;969;DÉBIT CARTE;26/03/2024;2;30/03/2024;12; 624 022,99 XOF ; 1 356 918,75 XOF ;Ghana;Afrique
2716;1706;Store;4;267;DÉBIT CARTE;26/03/2024;4;30/03/2024;12; 295 701,86 XOF ; 580 016,25 XOF ;Côte d'ivoire;Afrique
2717;1706;Store;3;1093;DÉBIT CARTE;26/03/2024;4;30/03/2024;12; 472 473,79 XOF ; 1 426 095,00 XOF ;Ghana;Afrique
2718;4807;Store;2;1235;DÉBIT CARTE;26/03/2024;4;31/03/2024;10; 88 066,69 XOF ; 191 511,79 XOF ;Ghana;Afrique
2719;4807;Store;3;135;DÉBIT CARTE;26/03/2024;4;31/03/2024;10; 1 710 462,60 XOF ; 3 719 553,75 XOF ;Côte d'ivoire;Afrique
2720;6217;Store;2;1385;DÉBIT CARTE;26/03/2024;2;30/03/2024;10; 614 231,89 XOF ; 1 335 633,75 XOF ;Ghana;Afrique
2721;6217;Store;2;212;DÉBIT CARTE;26/03/2024;2;30/03/2024;10; 296 074,35 XOF ; 643 871,25 XOF ;Cameroun;Afrique
2722;1191;Store;4;792;DÉBIT CARTE;26/03/2024;4;30/03/2024;9; 403 776,45 XOF ; 878 006,25 XOF ;Ghana;Afrique
2723;6217;Store;4;497;DÉBIT CARTE;26/03/2024;2;30/03/2024;6; 389 089,80 XOF ; 846 078,75 XOF ;Ghana;Afrique
2724;12239;En ligne;3;831;DÉBIT CARTE;26/03/2024;4;28/03/2024;6; 1 138 907,14 XOF ; 3 437 527,50 XOF ;Cameroun;Afrique
2725;10885;En ligne;4;1139;DÉBIT CARTE;26/03/2024;2;31/03/2024;4; 460 022,06 XOF ; 1 000 395,00 XOF ;Ghana;Afrique
2726;12008;Store;3;1013;ESPÈCES;26/03/2024;4;29/03/2024;27; 752 797,24 XOF ; 2 272 173,75 XOF ;Ghana;Afrique
2727;6717;Store;4;1167;ESPÈCES;26/03/2024;4;28/03/2024;26; 2 094 656,85 XOF ; 4 554 990,00 XOF ;Ghana;Afrique
2728;5234;Store;2;459;ESPÈCES;26/03/2024;4;01/04/2024;18; 30 969,68 XOF ; 67 367,03 XOF ;Burkina Faso;Afrique
2729;5789;Store;4;13;ESPÈCES;26/03/2024;4;29/03/2024;13; 40 335,08 XOF ; 121 803,41 XOF ;Ghana;Afrique
2730;5234;Store;4;1324;ESPÈCES;26/03/2024;4;01/04/2024;12; 4 046 172,08 XOF ; 12 212 268,75 XOF ;Burkina Faso;Afrique
2731;12008;Store;4;1107;ESPÈCES;26/03/2024;4;29/03/2024;12; 1 223 515,01 XOF ; 2 660 625,00 XOF ;Burkina Faso;Afrique
2732;5234;Store;3;383;ESPÈCES;26/03/2024;4;01/04/2024;10; 1 223 515,01 XOF ; 2 660 571,79 XOF ;Ghana;Afrique
2733;11508;Store;3;153;ESPÈCES;26/03/2024;4;28/03/2024;10; 1 343 455,99 XOF ; 2 921 366,25 XOF ;Ghana;Afrique
2734;5234;Store;3;330;ESPÈCES;26/03/2024;4;01/04/2024;9; 902 962,91 XOF ; 1 963 541,25 XOF ;Ghana;Afrique
2735;11508;Store;4;183;ESPÈCES;26/03/2024;4;28/03/2024;9; 386 109,90 XOF ; 1 165 353,75 XOF ;Ghana;Afrique
2736;12008;Store;3;722;ESPÈCES;26/03/2024;4;29/03/2024;8; 54 649,24 XOF ; 164 958,75 XOF ;Ghana;Afrique
2737;2942;Store;3;567;VIREMENT;27/03/2024;4;29/03/2024;52; 449 592,41 XOF ; 1 356 918,75 XOF ;Burkina Faso;Afrique
2738;1688;Store;4;415;DÉBIT CARTE;27/03/2024;4;02/04/2024;20; 482 903,44 XOF ; 947 182,50 XOF ;Ghana;Afrique
2739;2942;En ligne;4;721;VIREMENT;27/03/2024;4;29/03/2024;20; 817 290,79 XOF ; 1 777 297,50 XOF ;Gabon;Afrique
2740;6734;En ligne;4;939;DÉBIT CARTE;27/03/2024;0;27/03/2024;20; 438 045,30 XOF ; 952 503,75 XOF ;Gabon;Afrique
2741;1688;Store;3;1136;DÉBIT CARTE;27/03/2024;4;02/04/2024;13; 1 172 005,31 XOF ; 2 298 780,00 XOF ;Burkina Faso;Afrique
2742;2942;Store;1;1125;VIREMENT;27/03/2024;4;29/03/2024;13; 2 785 621,16 XOF ; 8 407 575,00 XOF ;Gabon;Afrique
2743;6734;En ligne;4;50;DÉBIT CARTE;27/03/2024;0;27/03/2024;13; 472 473,79 XOF ; 1 426 095,00 XOF ;Burkina Faso;Afrique
2744;6734;Store;2;525;DÉBIT CARTE;27/03/2024;0;27/03/2024;13; 809 255,70 XOF ; 2 442 453,75 XOF ;Cameroun;Afrique
2745;4807;Store;3;1637;DÉBIT CARTE;27/03/2024;4;01/04/2024;12; 41 558,96 XOF ; 90 408,04 XOF ;Cameroun;Afrique
2746;8043;En ligne;3;1035;VIREMENT;27/03/2024;4;30/03/2024;12; 655 790,85 XOF ; 1 426 095,00 XOF ;Cameroun;Afrique
2747;8043;Store;4;1412;VIREMENT;27/03/2024;4;30/03/2024;12; 135 638,66 XOF ; 266 062,50 XOF ;Cameroun;Afrique
2748;6734;En ligne;4;1142;DÉBIT CARTE;27/03/2024;0;27/03/2024;12; 805 105,13 XOF ; 1 750 691,25 XOF ;Burkina Faso;Afrique
2749;9771;En ligne;3;668;DÉBIT CARTE;27/03/2024;4;02/04/2024;10; 35 226,68 XOF ; 69 123,04 XOF ;Cameroun;Afrique
2750;1502;Store;3;756;VIREMENT;27/03/2024;4;01/04/2024;10; 364 612,05 XOF ; 792 866,25 XOF ;Gabon;Afrique
2751;2942;En ligne;4;290;VIREMENT;27/03/2024;4;29/03/2024;10; 56 245,61 XOF ; 122 335,54 XOF ;Cameroun;Afrique
2752;9771;En ligne;4;337;DÉBIT CARTE;27/03/2024;4;02/04/2024;9; 423 199,01 XOF ; 830 115,00 XOF ;Gabon;Afrique
2753;9771;Store;3;1531;DÉBIT CARTE;27/03/2024;4;02/04/2024;9; 2 290 159,58 XOF ; 6 912 303,75 XOF ;Burkina Faso;Afrique
2754;1688;Store;4;543;DÉBIT CARTE;27/03/2024;4;02/04/2024;9; 802 657,35 XOF ; 1 745 370,00 XOF ;Gabon;Afrique
2755;4807;En ligne;4;1169;DÉBIT CARTE;27/03/2024;4;01/04/2024;9; 1 563 649,31 XOF ; 3 400 278,75 XOF ;Burkina Faso;Afrique
2756;1502;Store;2;1190;VIREMENT;27/03/2024;4;01/04/2024;9; 532 444,28 XOF ; 1 607 017,50 XOF ;Gabon;Afrique
2757;1502;Store;1;1064;VIREMENT;27/03/2024;4;01/04/2024;9; 266 754,26 XOF ; 580 016,25 XOF ;Cameroun;Afrique
2758;8043;En ligne;4;1641;VIREMENT;27/03/2024;4;30/03/2024;9; 2 807 119,01 XOF ; 8 472 494,25 XOF ;Gabon;Afrique
2759;8043;Store;4;1445;VIREMENT;27/03/2024;4;30/03/2024;9; 2 290 159,58 XOF ; 6 912 303,75 XOF ;Ghana;Afrique
2760;1688;En ligne;4;798;DÉBIT CARTE;27/03/2024;4;02/04/2024;8; 1 392 358,28 XOF ; 3 027 791,25 XOF ;Burkina Faso;Afrique
2761;9771;Store;3;279;DÉBIT CARTE;27/03/2024;4;02/04/2024;5; 113 927,96 XOF ; 223 439,29 XOF ;Burkina Faso;Afrique
2762;1502;Store;1;474;VIREMENT;27/03/2024;4;01/04/2024;4; 1 343 455,99 XOF ; 2 921 366,25 XOF ;Cameroun;Afrique
2763;4219;Store;3;1227;ESPÈCES;27/03/2024;4;29/03/2024;10; 41 558,96 XOF ; 90 408,04 XOF ;Cameroun;Afrique
2764;4219;Store;1;226;ESPÈCES;27/03/2024;4;29/03/2024;10; 30 969,68 XOF ; 67 367,03 XOF ;Cameroun;Afrique
2765;10128;Store;4;424;ESPÈCES;28/03/2024;4;30/03/2024;60; 621 255,94 XOF ; 1 218 566,25 XOF ;Sénégal;Afrique
2766;4219;Store;4;509;ESPÈCES;28/03/2024;4;30/03/2024;10; 386 109,90 XOF ; 1 165 353,75 XOF ;France;Europe
2767;6872;En ligne;4;2508;DÉBIT CARTE;28/03/2024;4;31/03/2024;400; 582 410,81 XOF ; 1 266 457,50 XOF ;Côte d'ivoire;Afrique
2768;3360;Store;3;2492;DÉBIT CARTE;28/03/2024;4;31/03/2024;80; 460 022,06 XOF ; 1 000 395,00 XOF ;France;Europe
2769;3360;En ligne;4;45;DÉBIT CARTE;28/03/2024;4;31/03/2024;40; 472 473,79 XOF ; 1 426 095,00 XOF ;Sénégal;Afrique
2770;5619;En ligne;4;761;DÉBIT CARTE;28/03/2024;4;01/04/2024;26; 35 226,68 XOF ; 69 123,04 XOF ;Côte d'ivoire;Afrique
2771;7629;En ligne;4;1380;VIREMENT;28/03/2024;2;30/03/2024;26; 769 027,05 XOF ; 2 321 129,25 XOF ;Côte d'ivoire;Afrique
2772;7629;En ligne;4;1551;VIREMENT;28/03/2024;2;30/03/2024;24; 1 118 047,84 XOF ; 2 431 279,13 XOF ;Côte d'ivoire;Afrique
2773;7629;Store;1;453;VIREMENT;28/03/2024;2;30/03/2024;20; 884 391,75 XOF ; 1 734 727,50 XOF ;Ghana;Afrique
2774;10972;Store;2;1645;DÉBIT CARTE;28/03/2024;4;03/04/2024;13; 81 095,85 XOF ; 159 105,38 XOF ;Côte d'ivoire;Afrique
2775;8485;Store;1;589;DÉBIT CARTE;28/03/2024;2;03/04/2024;13; 655 790,85 XOF ; 1 426 095,00 XOF ;Côte d'ivoire;Afrique
2776;12166;Store;4;544;DÉBIT CARTE;28/03/2024;4;02/04/2024;13; 709 641,90 XOF ; 1 543 162,50 XOF ;Côte d'ivoire;Afrique
2777;6566;En ligne;4;1108;DÉBIT CARTE;28/03/2024;4;01/04/2024;13; 1 532 094,30 XOF ; 4 624 166,25 XOF ;Côte d'ivoire;Afrique
2778;6872;Store;2;603;DÉBIT CARTE;28/03/2024;4;31/03/2024;13; 811 171,35 XOF ; 1 591 053,75 XOF ;Ghana;Afrique
2779;7629;En ligne;4;604;VIREMENT;28/03/2024;2;30/03/2024;13; 621 255,94 XOF ; 1 218 566,25 XOF ;Côte d'ivoire;Afrique
2780;7629;Store;3;1459;VIREMENT;28/03/2024;2;30/03/2024;13; 438 045,30 XOF ; 952 503,75 XOF ;Côte d'ivoire;Afrique
2781;10972;Store;1;567;DÉBIT CARTE;28/03/2024;4;03/04/2024;12; 1 465 791,53 XOF ; 3 187 428,75 XOF ;Côte d'ivoire;Afrique
2782;8485;Store;4;998;DÉBIT CARTE;28/03/2024;2;03/04/2024;12; 865 448,10 XOF ; 1 697 478,75 XOF ;Côte d'ivoire;Afrique
2783;5619;En ligne;4;134;DÉBIT CARTE;28/03/2024;4;01/04/2024;12; 486 947,59 XOF ; 1 058 928,75 XOF ;Côte d'ivoire;Afrique
2784;12166;Store;2;1360;DÉBIT CARTE;28/03/2024;4;02/04/2024;10; 288 731,03 XOF ; 627 907,50 XOF ;Côte d'ivoire;Afrique
2785;3360;Store;1;1380;DÉBIT CARTE;28/03/2024;4;31/03/2024;10; 368 496,56 XOF ; 1 112 141,25 XOF ;Côte d'ivoire;Afrique
2786;6872;Store;2;134;DÉBIT CARTE;28/03/2024;4;31/03/2024;10; 73 273,61 XOF ; 159 371,44 XOF ;Côte d'ivoire;Afrique
2787;8485;En ligne;4;1409;DÉBIT CARTE;28/03/2024;2;03/04/2024;9; 763 492,95 XOF ; 1 660 230,00 XOF ;Sénégal;Afrique
2788;12166;En ligne;4;333;DÉBIT CARTE;28/03/2024;4;02/04/2024;9; 413 567,55 XOF ; 899 291,25 XOF ;Sénégal;Afrique
2789;3360;En ligne;4;137;DÉBIT CARTE;28/03/2024;4;31/03/2024;9; 260 315,55 XOF ; 510 573,94 XOF ;Côte d'ivoire;Afrique
2790;6872;Store;1;439;DÉBIT CARTE;28/03/2024;4;31/03/2024;9; 458 372,48 XOF ; 1 383 471,79 XOF ;Sénégal;Afrique
2791;6872;Store;1;177;DÉBIT CARTE;28/03/2024;4;31/03/2024;6; 56 245,61 XOF ; 122 335,54 XOF ;Sénégal;Afrique
2792;6566;Store;1;1003;DÉBIT CARTE;28/03/2024;4;01/04/2024;5; 124 783,31 XOF ; 271 330,54 XOF ;Cameroun;Afrique
2793;1835;Store;2;1568;ESPÈCES;28/03/2024;4;02/04/2024;10; 30 969,68 XOF ; 67 367,03 XOF ;Côte d'ivoire;Afrique
2794;1835;Store;3;46;ESPÈCES;28/03/2024;4;02/04/2024;10; 2 113 866,56 XOF ; 6 380 178,75 XOF ;Côte d'ivoire;Afrique
2795;1835;Store;1;962;ESPÈCES;28/03/2024;4;02/04/2024;9; 511 265,70 XOF ; 1 543 109,29 XOF ;France;Europe
2796;7623;Store;2;809;ESPÈCES;28/03/2024;4;01/04/2024;9; 146 813,29 XOF ; 319 221,79 XOF ;Côte d'ivoire;Afrique
2797;5557;Store;3;217;ESPÈCES;28/03/2024;2;30/03/2024;9; 2 177 881,20 XOF ; 4 735 912,50 XOF ;Côte d'ivoire;Afrique
2798;5557;Store;4;280;ESPÈCES;28/03/2024;2;30/03/2024;9; 1 115 014,73 XOF ; 2 187 033,75 XOF ;Sénégal;Afrique
2799;10128;Store;2;1272;ESPÈCES;28/03/2024;4;30/03/2024;5; 2 679 834,71 XOF ; 8 088 300,00 XOF ;Sénégal;Afrique
2800;10128;Store;3;6;ESPÈCES;28/03/2024;4;30/03/2024;5; 440 439,86 XOF ; 957 771,79 XOF ;Sénégal;Afrique
2801;625;Store;4;337;ESPÈCES;29/03/2024;4;31/03/2024;12; 1 144 866,94 XOF ; 2 245 567,50 XOF ;Sénégal;Afrique
2802;8502;Store;4;511;ESPÈCES;29/03/2024;1;31/03/2024;12; 902 962,91 XOF ; 1 963 541,25 XOF ;Burkina Faso;Afrique
2803;12142;Store;4;1633;ESPÈCES;29/03/2024;4;01/04/2024;8; 731 671,88 XOF ; 1 591 053,75 XOF ;Burkina Faso;Afrique
2804;1928;Store;1;2509;DÉBIT CARTE;29/03/2024;2;01/04/2024;120; 481 839,19 XOF ; 1 047 754,13 XOF ;Burkina Faso;Afrique
2805;579;Store;3;821;DÉBIT CARTE;29/03/2024;1;31/03/2024;24; 43 421,40 XOF ; 85 140,00 XOF ;Burkina Faso;Afrique
2806;6125;Store;3;30;DÉBIT CARTE;29/03/2024;1;31/03/2024;24; 2 153 403,45 XOF ; 4 682 700,00 XOF ;Cameroun;Afrique
2807;12195;En ligne;4;689;DÉBIT CARTE;29/03/2024;1;31/03/2024;13; 162 723,83 XOF ; 319 221,79 XOF ;Côte d'ivoire;Afrique
2808;1928;Store;4;1632;DÉBIT CARTE;29/03/2024;2;01/04/2024;12; 28 149,41 XOF ; 61 194,38 XOF ;Burkina Faso;Afrique
2809;6125;Store;3;274;DÉBIT CARTE;29/03/2024;1;31/03/2024;12; 562 828,61 XOF ; 1 223 887,50 XOF ;Burkina Faso;Afrique
2810;1928;Store;1;1078;DÉBIT CARTE;29/03/2024;2;01/04/2024;10; 30 969,68 XOF ; 67 367,03 XOF ;Côte d'ivoire;Afrique
2811;12195;Store;1;646;DÉBIT CARTE;29/03/2024;1;31/03/2024;10; 521 854,99 XOF ; 1 575 090,00 XOF ;Cameroun;Afrique
2812;6125;Store;1;21;DÉBIT CARTE;29/03/2024;1;31/03/2024;10; 669 945,38 XOF ; 2 022 075,00 XOF ;Sénégal;Afrique
2813;3178;Store;3;1223;VIREMENT;29/03/2024;1;31/03/2024;10; 386 109,90 XOF ; 1 165 353,75 XOF ;Burkina Faso;Afrique
2814;3178;Store;2;1646;VIREMENT;29/03/2024;1;31/03/2024;10; 1 223 515,01 XOF ; 2 660 571,79 XOF ;Sénégal;Afrique
2815;4092;En ligne;4;201;DÉBIT CARTE;29/03/2024;4;02/04/2024;9; 391 484,36 XOF ; 851 346,79 XOF ;Burkina Faso;Afrique
2816;12195;Store;2;1151;DÉBIT CARTE;29/03/2024;1;31/03/2024;9; 386 109,90 XOF ; 1 165 353,75 XOF ;Sénégal;Afrique
2817;12195;Store;3;320;DÉBIT CARTE;29/03/2024;1;31/03/2024;8; 364 612,05 XOF ; 792 866,25 XOF ;Burkina Faso;Afrique
2818;6125;Store;1;536;DÉBIT CARTE;29/03/2024;1;31/03/2024;6; 40 388,29 XOF ; 87 800,63 XOF ;Burkina Faso;Afrique
2819;3178;Store;1;550;VIREMENT;29/03/2024;1;31/03/2024;6; 407 235,26 XOF ; 1 229 208,75 XOF ;Cameroun;Afrique
2820;625;Store;3;1254;ESPÈCES;29/03/2024;4;31/03/2024;20; 884 391,75 XOF ; 1 734 727,50 XOF ;Etats-Unis;Amérique
2821;625;Store;4;1440;ESPÈCES;29/03/2024;4;31/03/2024;16; 460 022,06 XOF ; 1 000 395,00 XOF ;Cameroun;Afrique
2822;8502;Store;3;1568;ESPÈCES;29/03/2024;1;31/03/2024;13; 521 854,99 XOF ; 1 575 090,00 XOF ;Sénégal;Afrique
2823;12142;Store;3;1298;ESPÈCES;29/03/2024;4;01/04/2024;12; 614 231,89 XOF ; 1 335 633,75 XOF ;Sénégal;Afrique
2824;625;Store;1;257;ESPÈCES;29/03/2024;4;31/03/2024;10; 460 022,06 XOF ; 1 000 395,00 XOF ;Sénégal;Afrique
2825;8502;Store;2;1155;ESPÈCES;29/03/2024;1;31/03/2024;10; 391 537,58 XOF ; 851 400,00 XOF ;Sénégal;Afrique
2826;8502;Store;1;1096;ESPÈCES;29/03/2024;1;31/03/2024;9; 511 265,70 XOF ; 1 543 162,50 XOF ;Sénégal;Afrique
2827;10128;Store;4;1521;ESPÈCES;29/03/2024;4;31/03/2024;6; 457 361,44 XOF ; 994 541,63 XOF ;Sénégal;Afrique
2828;10128;Store;3;1454;ESPÈCES;29/03/2024;4;31/03/2024;6; 413 567,55 XOF ; 899 291,25 XOF ;Burkina Faso;Afrique
2829;12142;Store;1;620;ESPÈCES;29/03/2024;4;01/04/2024;4; 349 978,61 XOF ; 686 441,25 XOF ;Sénégal;Afrique
2830;12063;Store;3;2509;ESPÈCES;30/03/2024;4;01/04/2024;120; 74 071,80 XOF ; 223 492,50 XOF ;Burkina Faso;Afrique
2831;5638;Store;4;451;ESPÈCES;30/03/2024;4;04/04/2024;26; 88 066,69 XOF ; 191 511,79 XOF ;Burkina Faso;Afrique
2832;9224;Store;4;966;ESPÈCES;30/03/2024;4;03/04/2024;18; 315 656,55 XOF ; 686 441,25 XOF ;Burkina Faso;Afrique
2833;10482;Store;4;394;ESPÈCES;30/03/2024;1;01/04/2024;13; 708 737,29 XOF ; 2 139 142,50 XOF ;Burkina Faso;Afrique
2834;5638;Store;4;1467;ESPÈCES;30/03/2024;4;04/04/2024;12; 266 754,26 XOF ; 580 016,25 XOF ;Burkina Faso;Afrique
2835;7842;Store;1;341;DÉBIT CARTE;30/03/2024;4;05/04/2024;13; 40 335,08 XOF ; 121 803,41 XOF ;Burkina Faso;Afrique
2836;676;Store;2;93;VIREMENT;30/03/2024;4;05/04/2024;12; 368 496,56 XOF ; 1 112 141,25 XOF ;Burkina Faso;Afrique
2837;5745;Store;1;971;DÉBIT CARTE;30/03/2024;4;02/04/2024;12; 315 656,55 XOF ; 686 441,25 XOF ;Burkina Faso;Afrique
2838;2807;Store;2;1513;VIREMENT;30/03/2024;4;03/04/2024;10; 769 027,05 XOF ; 2 321 129,25 XOF ;Burkina Faso;Afrique
2839;5745;Store;2;1456;DÉBIT CARTE;30/03/2024;4;02/04/2024;10; 511 265,70 XOF ; 1 543 109,29 XOF ;Burkina Faso;Afrique
2840;4426;Store;2;1141;DÉBIT CARTE;30/03/2024;1;01/04/2024;10; 1 105 436,48 XOF ; 3 336 423,75 XOF ;Burkina Faso;Afrique
2841;4426;Store;2;1301;DÉBIT CARTE;30/03/2024;1;01/04/2024;10; 438 045,30 XOF ; 952 503,75 XOF ;Burkina Faso;Afrique
2842;1097;Store;3;1090;DÉBIT CARTE;30/03/2024;4;01/04/2024;10; 51 403,28 XOF ; 111 746,25 XOF ;Burkina Faso;Afrique
2843;1097;Store;1;1073;DÉBIT CARTE;30/03/2024;4;01/04/2024;10; 2 290 159,58 XOF ; 6 912 303,75 XOF ;Burkina Faso;Afrique
2844;1097;Store;1;1328;DÉBIT CARTE;30/03/2024;4;01/04/2024;10; 1 408 641,30 XOF ; 4 251 678,75 XOF ;Burkina Faso;Afrique
2845;7842;Store;4;18;DÉBIT CARTE;30/03/2024;4;05/04/2024;9; 43 155,34 XOF ; 84 607,88 XOF ;Burkina Faso;Afrique
2846;676;En ligne;4;666;VIREMENT;30/03/2024;4;05/04/2024;9; 847 143,00 XOF ; 2 556 860,63 XOF ;Ghana;Afrique
2847;5745;En ligne;3;576;DÉBIT CARTE;30/03/2024;4;02/04/2024;6; 124 783,31 XOF ; 271 330,54 XOF ;Burkina Faso;Afrique
2848;1097;Store;2;879;DÉBIT CARTE;30/03/2024;4;01/04/2024;6; 1 763 036,55 XOF ; 5 321 250,00 XOF ;Ghana;Afrique
2849;1430;Store;3;40;ESPÈCES;30/03/2024;4;04/04/2024;13; 734 119,65 XOF ; 1 596 375,00 XOF ;Ghana;Afrique
2850;5638;Store;4;114;ESPÈCES;30/03/2024;4;04/04/2024;13; 18 837,23 XOF ; 36 982,69 XOF ;Ghana;Afrique
2851;5638;Store;1;276;ESPÈCES;30/03/2024;4;04/04/2024;12; 92 217,26 XOF ; 180 869,29 XOF ;Burkina Faso;Afrique
2852;571;Store;3;317;ESPÈCES;30/03/2024;4;03/04/2024;12; 489 288,94 XOF ; 1 063 983,94 XOF ;Burkina Faso;Afrique
2853;12063;Store;4;683;ESPÈCES;30/03/2024;4;01/04/2024;12; 856 348,76 XOF ; 1 862 171,44 XOF ;Burkina Faso;Afrique
2854;9297;Store;3;409;ESPÈCES;30/03/2024;1;01/04/2024;12; 708 737,29 XOF ; 2 139 142,50 XOF ;Ghana;Afrique
2855;1430;Store;3;976;ESPÈCES;30/03/2024;4;04/04/2024;10; 758 597,40 XOF ; 1 649 587,50 XOF ;Ghana;Afrique
2856;10482;Store;1;564;ESPÈCES;30/03/2024;1;01/04/2024;10; 1 408 641,30 XOF ; 4 251 678,75 XOF ;Burkina Faso;Afrique
2857;9297;Store;3;272;ESPÈCES;30/03/2024;1;01/04/2024;10; 315 656,55 XOF ; 686 441,25 XOF ;Ghana;Afrique
2858;1430;Store;4;1367;ESPÈCES;30/03/2024;4;04/04/2024;9; 59 757,64 XOF ; 180 390,38 XOF ;Ghana;Afrique
2859;10482;Store;1;1188;ESPÈCES;30/03/2024;1;01/04/2024;9; 1 247 939,55 XOF ; 2 447 775,00 XOF ;Ghana;Afrique
2860;10482;Store;4;1143;ESPÈCES;30/03/2024;1;01/04/2024;6; 1 854 881,33 XOF ; 4 033 507,50 XOF ;Ghana;Afrique
2861;1430;Store;4;1349;ESPÈCES;30/03/2024;4;04/04/2024;5; 1 196 589,49 XOF ; 2 602 091,25 XOF ;Ghana;Afrique
2862;5638;Store;3;1282;ESPÈCES;30/03/2024;4;04/04/2024;5; 66 036,71 XOF ; 143 620,54 XOF ;Ghana;Afrique
2863;12063;Store;2;755;ESPÈCES;30/03/2024;4;01/04/2024;5; 389 089,80 XOF ; 846 078,75 XOF ;Burkina Faso;Afrique
2864;9297;Store;2;1629;ESPÈCES;30/03/2024;1;01/04/2024;4; 562 828,61 XOF ; 1 223 887,50 XOF ;Gabon;Afrique
2865;7922;Store;4;2491;DÉBIT CARTE;31/03/2024;2;05/04/2024;120; 460 022,06 XOF ; 1 000 395,00 XOF ;Ghana;Afrique
2866;10851;Store;3;1621;DÉBIT CARTE;31/03/2024;2;06/04/2024;20; 1 105 436,48 XOF ; 3 336 423,75 XOF ;Gabon;Afrique
2867;87;En ligne;4;473;DÉBIT CARTE;31/03/2024;1;02/04/2024;20; 743 910,75 XOF ; 1 617 660,00 XOF ;Cameroun;Afrique
2868;114;Store;4;452;DÉBIT CARTE;31/03/2024;4;03/04/2024;18; 758 597,40 XOF ; 1 649 587,50 XOF ;Cameroun;Afrique
2869;5463;Store;1;1422;DÉBIT CARTE;31/03/2024;2;04/04/2024;13; 1 221 067,24 XOF ; 2 655 303,75 XOF ;Gabon;Afrique
2870;5463;Store;2;614;DÉBIT CARTE;31/03/2024;2;04/04/2024;12; 460 022,06 XOF ; 1 000 395,00 XOF ;Gabon;Afrique
2871;5463;Store;2;1654;DÉBIT CARTE;31/03/2024;2;04/04/2024;12; 807 552,90 XOF ; 1 756 012,50 XOF ;Cameroun;Afrique
2872;5463;Store;2;721;DÉBIT CARTE;31/03/2024;2;04/04/2024;12; 1 532 094,30 XOF ; 4 624 166,25 XOF ;Cameroun;Afrique
2873;10851;Store;3;1355;DÉBIT CARTE;31/03/2024;2;06/04/2024;10; 758 597,40 XOF ; 1 649 587,50 XOF ;Cameroun;Afrique
2874;7922;Store;1;1361;DÉBIT CARTE;31/03/2024;2;05/04/2024;10; 56 298,83 XOF ; 122 388,75 XOF ;Cameroun;Afrique
2875;7922;Store;1;1394;DÉBIT CARTE;31/03/2024;2;05/04/2024;10; 838 309,73 XOF ; 1 644 266,25 XOF ;Cameroun;Afrique
2876;5463;Store;4;155;DÉBIT CARTE;31/03/2024;2;04/04/2024;10; 1 741 857,98 XOF ; 5 257 395,00 XOF ;Cameroun;Afrique
2877;6800;Store;1;796;DÉBIT CARTE;31/03/2024;4;03/04/2024;10; 403 723,24 XOF ; 1 218 566,25 XOF ;Gabon;Afrique
2878;1912;Store;2;1466;DÉBIT CARTE;31/03/2024;4;02/04/2024;10; 2 444 582,25 XOF ; 5 315 928,75 XOF ;Ghana;Afrique
2879;87;Store;4;1650;DÉBIT CARTE;31/03/2024;1;02/04/2024;10; 762 322,28 XOF ; 1 495 271,25 XOF ;Gabon;Afrique
2880;87;Store;2;1643;DÉBIT CARTE;31/03/2024;1;02/04/2024;10; 438 045,30 XOF ; 952 503,75 XOF ;Sénégal;Afrique
2881;114;Store;3;979;DÉBIT CARTE;31/03/2024;4;03/04/2024;9; 685 164,15 XOF ; 1 489 896,79 XOF ;Ghana;Afrique
2882;1912;Store;3;1146;DÉBIT CARTE;31/03/2024;4;02/04/2024;9; 403 723,24 XOF ; 1 218 566,25 XOF ;Cameroun;Afrique
2883;87;Store;4;935;DÉBIT CARTE;31/03/2024;1;02/04/2024;9; 458 372,48 XOF ; 1 383 471,79 XOF ;Cameroun;Afrique
2884;10851;Store;3;1455;DÉBIT CARTE;31/03/2024;2;06/04/2024;8; 113 236,20 XOF ; 222 055,76 XOF ;Gabon;Afrique
2885;10851;Store;2;395;DÉBIT CARTE;31/03/2024;2;06/04/2024;6; 73 167,19 XOF ; 159 105,38 XOF ;Sénégal;Afrique
2886;114;Store;1;888;DÉBIT CARTE;31/03/2024;4;03/04/2024;6; 827 081,89 XOF ; 1 798 582,50 XOF ;Sénégal;Afrique
2887;114;Store;3;94;DÉBIT CARTE;31/03/2024;4;03/04/2024;5; 758 597,40 XOF ; 1 649 587,50 XOF ;Sénégal;Afrique
2888;1912;Store;4;974;DÉBIT CARTE;31/03/2024;4;02/04/2024;5; 461 245,95 XOF ; 1 003 055,63 XOF ;Gabon;Afrique
2889;9790;Store;3;229;ESPÈCES;31/03/2024;2;06/04/2024;26; 1 186 532,33 XOF ; 3 581 201,25 XOF ;Cameroun;Afrique
2890;9790;Store;1;955;ESPÈCES;31/03/2024;2;06/04/2024;12; 732 204,00 XOF ; 1 436 205,38 XOF ;Cameroun;Afrique
2891;7009;Store;3;403;ESPÈCES;31/03/2024;1;02/04/2024;12; 1 001 406,04 XOF ; 3 022 470,00 XOF ;Cameroun;Afrique
2892;9790;Store;4;869;ESPÈCES;31/03/2024;2;06/04/2024;8; 268 563,49 XOF ; 526 803,75 XOF ;Gabon;Afrique
2893;7009;Store;3;347;ESPÈCES;31/03/2024;1;02/04/2024;8; 56 245,61 XOF ; 122 335,54 XOF ;France;Europe
2894;9790;Store;2;1351;ESPÈCES;31/03/2024;2;06/04/2024;6; 1 854 881,33 XOF ; 4 033 507,50 XOF ;Sénégal;Afrique
